FIPS,2009,2010,2011,2012,2013,2014
1001,5.9,6.2,7.5,8.6,9.4,8.5
1003,5.5,6.6,7.7,8.5,9.2,8.6
1005,9.8,9.6,13,13.5,14.3,14.2
1007,4.8,9.1,9.6,10.5,12.2,10.9
1009,5.7,7.5,9.1,10,9.7,9.3
1011,10.7,11.2,15.5,14.3,15,17.4
1013,9,9.5,12.1,13.8,14.8,12.2
1015,9.6,11.7,12,13.3,14.2,13.5
1017,12.2,14.2,14.9,16,17.2,12.7
1019,11.2,12.4,12.9,10.5,10.5,9.6
1021,7.6,9.1,11.1,11.3,10.3,9.7
1023,10.5,13.1,16.2,15.6,14.1,13.4
1025,8.2,10,14.5,16.7,18.9,19.9
1027,8.9,10.9,10.9,11.7,12.9,10.9
1029,12.8,12.9,12.5,12.3,11.2,8.6
1031,7.3,7.5,7.3,7.6,7.7,7.3
1033,6.4,7.4,8.5,8.7,9.9,10
1035,8.9,12.6,19.5,23.6,24.8,26.7
1037,6.6,11,13.8,13.8,17.7,19.9
1039,9.2,8.9,9.6,10.2,11,10.5
1041,9.5,8.6,9.3,8.6,9.5,10.7
1043,6.8,7.8,8.8,9.2,9.7,9
1045,6.6,7.6,8.5,8.8,10.4,10.8
1047,15.5,15.2,17.1,19.4,20,18
1049,8,8.6,9.9,11,11.4,9.5
1051,7.9,8.1,8.8,8.5,8.9,8.6
1053,9.1,10.3,11.7,15,15.8,16.2
1055,8.9,10.1,10.2,11.3,11.8,10.7
1057,6.5,6.7,7,8.1,9.8,11.3
1059,7.5,8.1,8.1,9.3,10,9.5
1061,7,7.6,8.7,9.7,9.4,10.7
1063,15.3,21.9,21.3,23.8,24.1,25.9
1065,15,14.1,15.4,15.9,16.2,13.4
1067,7.7,10.8,13,12.7,12.1,11.1
1069,6.3,6.6,7.4,7.8,8.2,8.1
1071,8,7.4,8.6,8.1,10.2,10.4
1073,8,8.7,9.3,10,10.3,9.9
1075,9.8,9.8,9.8,9.5,10.1,9.7
1077,8.5,8.6,8.3,9.1,9.2,7.9
1079,5.7,8.9,10.9,11.5,12.7,11.4
1081,7.7,8.4,9.1,9.7,9.4,8.4
1083,7.3,7.5,7.7,8.9,9.1,8.4
1085,12.3,14.5,15.8,17.6,17.5,16.7
1087,12.6,13.7,13.4,16.5,18.2,18.8
1089,7,8.1,9,9.3,10,9.6
1091,8.6,11,10.5,10.6,10.6,11
1093,7.1,7.9,9,10.9,11.9,11.4
1095,6,6.4,8,9.1,10.2,9.5
1097,8.4,9.7,10.4,11.1,11.9,11.1
1099,10,10.5,13.2,14.8,18.9,18.8
1101,7.6,7.9,8.6,8.7,8.9,8.9
1103,7.3,8.5,9.4,11,11.8,10.8
1105,10.6,15.4,15.2,19.1,19.9,18
1107,10.4,14.1,14,14.5,16.4,16.7
1109,7.9,9.2,9.7,9.7,10.7,9.9
1111,11.7,10.5,10.5,11.6,12.1,11.4
1113,10,11.6,12.3,11.7,11.9,12.4
1115,7.4,7.2,9.7,10.7,10.8,9.5
1117,4.5,5.5,6.5,6.4,6.5,6.2
1119,13.5,16.6,18.4,19,17.6,16.7
1121,10.6,11.5,13.6,14.5,15.1,14.9
1123,9.3,9.5,10.2,11.6,11.4,10.3
1125,6.1,6.4,7.3,8,8.1,8.2
1127,8.5,11.6,12.9,13.7,14.5,13.1
1129,6.2,10.3,15.6,18,20.4,19.8
1131,20.7,21.7,24.8,24.5,27.1,21.6
1133,7.2,7.7,8.9,9.8,10.4,10.1
2013,4.4,3.4,5.8,3.1,1.7,2.2
2016,1.8,1.9,4,3.6,4,2.7
2020,7.3,7.4,7.2,7.3,7.3,6.9
2050,17.9,18.5,16.8,17.9,18.6,17.3
2060,10.5,11.4,9.1,6.9,4.6,5.5
2068,2,1.9,2.7,2.8,2.3,2.7
2070,14.3,14.7,15.4,14.5,16.1,16.4
2090,6.9,7.1,6.7,6.7,7.9,8.2
2100,5.7,5.6,10.1,9,8.3,6.2
2105,11.9,10.2,14.2,12.7,13.9,13.9
2110,6.1,5.8,5.3,5.1,5.3,5.6
2122,9.1,8.6,8.5,8.9,9.8,9.4
2130,4.8,6.8,8,8.4,8.7,8.5
2150,6.8,5.9,7.4,5.9,6.9,5.3
2164,5.8,10.3,9.9,8.9,10.9,11.9
2170,11.8,9.6,9.7,10.5,10.5,10.2
2180,16.8,17.3,16.9,17.8,17.9,17.6
2185,19.4,24.6,15.8,12.3,12,10.3
2188,25.8,26.3,25.9,26.2,26.2,23.8
2195,4.9,4.3,6.2,4.5,6,5.7
2198,11,11.2,10.9,11.4,12.8,13.4
2220,7.6,6.9,6.5,6.3,5.3,4.6
2230,10.8,12.2,5.3,7.6,7.8,5.5
2240,15.6,13.2,10.3,9.3,9.2,8.4
2261,11.1,10.2,9.9,7.4,8,9.6
2270,24.5,26.5,27.1,27.2,28.1,28.7
2275,8.9,6.4,5.5,6,8,6
2282,4.1,3.8,4.3,4.4,6.2,8.2
2290,22.5,24.2,23.9,22.6,21.9,20.3
4001,13.8,15.6,18.8,19.6,20.7,20.1
4003,7.4,7.7,8.6,9.2,9.4,9.3
4005,6,7,7.9,8.4,9,9.7
4007,6.6,6.9,7.4,9.2,12.2,12.1
4009,10.9,9.8,10.1,11.4,13.1,13.2
4011,11.4,11.7,14.2,10.8,11.8,8.7
4012,7.2,7.1,7.9,8.6,10.8,12.2
4013,6.2,7.1,8.3,9,9.5,8.9
4015,9.4,10.8,12.1,14.2,14.5,14.3
4017,12.7,12.4,14.6,17.1,19.4,19.9
4019,7.4,8,9.2,10.1,10.9,10.8
4021,6.2,7.7,9.9,11.5,12.1,11.6
4023,9.6,11.7,13.2,14,13.1,11.8
4025,6.3,7.1,8.8,10.2,10.8,10.9
4027,10.4,11.1,11.7,13,13.6,13.4
5001,7.9,7.4,7.6,7.3,8.2,7.7
5003,9.5,10.2,9.7,9.8,11.2,12
5005,8,7.9,8.9,9.6,10.4,9.1
5007,5.5,5.3,5.5,5.2,5.6,5
5009,6.9,6.9,6.3,8.3,9.3,9.3
5011,9.8,6.6,6.8,7.5,8.3,7.3
5013,6.8,6.7,6.2,7.9,6.7,7.5
5015,6.1,7.8,8.1,8.2,7.7,7.4
5017,18.1,15.4,10.7,11.8,13.1,12
5019,9,9.2,9.8,11.5,11.1,10.4
5021,11.3,11.8,13,13.2,12.5,11.2
5023,5.4,7.3,8.2,10.4,10.9,12
5025,8.7,8.2,9.3,11.8,11.3,10.3
5027,9.5,11.5,10.1,12.5,11.5,9.5
5029,5.3,6.5,9.3,9.2,10.3,8.7
5031,7.4,8.1,8.7,8.7,9.1,8.2
5033,6.1,5.7,6.7,7.6,8.6,8.5
5035,10.4,12.6,12.7,12.8,11.9,12.6
5037,8.7,7.3,8.8,8.6,9.7,9.1
5039,11.2,10.1,12,10.3,9.6,7.1
5041,13.6,13.2,12.6,13.7,14.2,15.1
5043,12.5,12.3,11.8,12,13.2,14.4
5045,7.5,7,7.5,7.8,7.4,6.8
5047,6.7,7.5,9.9,10.5,11.8,11.3
5049,10.6,9.8,11.8,11.3,10.6,8.7
5051,7.7,8,8.8,9.5,10,10
5053,4.3,5,7.4,7.6,7.6,9.5
5055,7.1,7.8,8,9,9.2,9.6
5057,6.5,7.5,8.5,8.8,9.6,9.9
5059,10.9,10.7,11.2,9.7,8.8,7.9
5061,5.1,6.6,7.1,7.9,9.4,9.4
5063,5.5,6.9,7.1,8.5,9,7.8
5065,6.5,7.4,10.7,11.2,11.4,10.5
5067,9.4,10.7,12.2,11.4,11.6,8.3
5069,12.4,14.2,14.1,13.3,13.4,12.7
5071,7.3,7.7,6.9,7.2,7.9,6.8
5073,8,11.6,11.6,14.6,15.5,14.8
5075,8.1,9.1,9.2,9.2,9.5,8.4
5077,15.8,18,17.7,18.1,16.7,18.4
5079,8.9,11.6,10.8,11.7,16.9,16.4
5081,8.4,9.1,7.8,7.1,6.5,7.5
5083,6.9,8.3,8.8,8.5,8.6,8.5
5085,6.5,7.5,7.2,7.8,8.1,7.1
5087,4.1,4.2,6.5,8.9,9.7,8.3
5089,7.2,7.1,8,9.7,10,9.6
5091,8.4,8,8.8,8.9,9.2,9.3
5093,9.2,12,12.6,12.2,13.3,13.3
5095,8.6,11.4,10.2,11.5,14.3,12.7
5097,6.2,7.9,7,7.5,5.4,4.7
5099,6.3,10.8,14.2,14.7,10.8,11.9
5101,6.2,4.8,3.8,5.7,4.8,3.5
5103,11.4,12.8,13.4,12.7,13.1,11.1
5105,4.3,6,5.1,7.3,8.6,6.5
5107,14.9,16.6,17.7,18.4,20,18.6
5109,7,9.6,10.2,10.2,8.4,7.5
5111,11.1,11.9,12.9,14.4,12.8,11.4
5113,5.3,5.1,5.7,6.8,7.1,8
5115,6.7,6.6,7.6,6.8,8,7.6
5117,7.4,5.9,5.2,4,5.3,5.5
5119,6.8,7.3,8.1,8.1,8.6,8
5121,7.1,8.1,8.1,7.5,6.9,5.9
5123,14,14.2,13.2,12.8,12.7,12.8
5125,4.9,5.7,6.2,6.3,6.4,6.1
5127,8.4,9,8.7,9.3,9.2,9.4
5129,5.6,4.9,5.8,5.6,7.3,6.8
5131,6.1,6.1,6.6,6.7,6.8,6.8
5133,6.5,7.9,10,9,11.5,11.6
5135,7.6,8,10.2,10,9.8,10.4
5137,6.1,5.3,7.3,7.4,6.3,6.1
5139,8.9,8.7,8.7,8.7,10.2,10.4
5141,7,9,9.6,12.8,13.3,13.9
5143,5.3,6.3,6.9,7.3,7.6,7.1
5145,6.8,6.8,7.4,7.3,7.2,7.1
5147,8,9.2,9.6,10.9,10.8,12.6
5149,7.5,7.2,7.3,7.2,8.3,8.1
6001,7.7,8.5,9.2,9.9,10.3,9.6
6003,15.2,13.9,9,10.3,9.8,6
6005,10.4,11.4,15.2,17.3,16.8,15.9
6007,10.6,11.5,13.2,14.4,14.1,13.1
6009,8.2,7.6,9.2,11.8,11.6,11.3
6011,12.9,14.2,13.8,14.4,13.3,12.4
6013,7.2,8.2,9.5,10.1,10.4,9.8
6015,7.7,10.1,10.2,12.1,12.3,12.6
6017,7,8.2,9.7,10.9,12,11.3
6019,10,11.4,12.7,14,14.5,14.3
6021,7.1,8.3,10,10.5,12.8,13.5
6023,7.9,8.6,9.7,10.4,11.1,11.3
6025,12.5,14.7,16.4,18,18.5,18.1
6027,6.2,6.8,7.1,7.3,8.7,7.9
6029,10.2,11.4,12.5,13.1,13.7,13.2
6031,12.9,12,13.1,14.5,15.2,14.2
6033,9,11.8,13.4,15.3,16.5,16.6
6035,7.3,9.2,10,11.2,13.6,13.4
6037,7.7,8.7,9.8,10.8,11.4,11
6039,10.8,12,11.3,11.6,10.7,9.5
6041,4.5,5.6,6.3,6.9,7.6,7.2
6043,10.3,12.9,13.2,14.7,14.4,13.2
6045,8,9,11,11.4,12.1,12.3
6047,12.6,13.8,15.2,16.1,17.9,17.5
6049,7.1,11.4,9.4,11.6,10.7,12.3
6051,6.1,6.5,7.5,10.7,10.3,11.9
6053,9.6,10.2,10.8,11.1,11,9.6
6055,6.5,7.4,8,8.9,9.1,8.4
6057,7.2,8.1,9.2,10.4,10.7,10.7
6059,6.2,7.4,8.3,9,9.4,8.8
6061,5.6,6.9,8.2,9.3,10,9.3
6063,9.1,9.9,14.2,17.2,17.2,16.7
6065,9.2,11.2,12.9,14.2,14.9,14.3
6067,8.8,10.2,11.7,13,13.7,13.1
6069,8.7,10.3,11,13.1,13.8,14
6071,9.5,11.1,12.9,14.1,14.5,13.9
6073,6.7,7.8,8.9,9.6,10,9.6
6075,6.6,7.1,7.5,8,8.3,7.6
6077,10.8,12.3,14.4,15.7,16.2,15
6079,6.7,7.4,8.1,8.7,8.5,8
6081,6.1,6.5,7.3,7.8,8.1,7.4
6083,6.4,7.5,8.3,9,9.4,8.9
6085,7,7.8,8.6,9.3,9.7,8.8
6087,7.5,8.3,8.4,8.8,9.3,8.7
6089,10.5,11.7,12.4,13.7,13.4,12.2
6091,9,9.4,11.3,9.1,10.2,7
6093,10.6,12.1,13.4,14.7,14.9,14.4
6095,7.9,9.3,10,11,12.1,12.1
6097,6.6,7.9,8.7,9.6,10.2,9.6
6099,11.1,12.5,14.2,15.6,16.8,16.3
6101,11.2,13.4,14.2,14.8,15,14
6103,9.8,11.3,13.6,15.1,15.8,16.1
6105,10.9,13.4,14.7,16.1,15.8,13
6107,10.4,12.1,13.5,14.1,14.5,13.5
6109,8.9,10.6,13.1,16.2,17.3,15.2
6111,6.2,7.2,8.3,9.3,9.6,9.4
6113,8.2,8.9,9.7,10,10.4,9.6
6115,12.1,14.6,17,18.1,19.3,17.3
8001,7.1,7.9,9.1,9.5,10,9.3
8003,10.7,10,9.5,10.1,11.5,10.7
8005,5.9,6.7,7.4,8.2,8.8,8.1
8007,8.3,11.1,12,11.1,10.2,9.2
8009,2.6,2.5,2.3,2.6,3.8,3.7
8011,8.9,15,12.4,15.8,12,10.1
8013,6,6.3,6.7,6.9,7.3,6.9
8014,5.7,5.8,6.5,5.7,6.5,6
8015,5.8,8,8.3,7.6,7.5,6.1
8017,2.8,5.9,5.5,2.4,4.3,5.8
8019,5.3,7,6,7.3,7.5,7.3
8021,7.9,8.9,7.9,8.5,8.7,9.2
8023,8.1,11.4,10.8,14.5,16.9,15.1
8025,8.5,7.1,13.2,20.1,28.2,28.8
8027,5.2,10.5,12.3,15.2,15.4,12.8
8029,4.7,6.9,9.5,10.9,11.5,12.1
8031,7,7.8,8.3,8.6,8.7,7.8
8033,6.7,9.2,9.5,9.1,10,8.1
8035,4.5,4.7,5.1,5.4,5.6,4.7
8037,4.2,4.4,5.2,5.4,5.7,5
8039,7,7,6.9,8,7.8,7.4
8041,6.9,7.5,8.4,9,9.5,9.3
8043,6.4,4.9,7.6,7.5,8.5,9.2
8045,3.9,5.6,6.7,7.8,8.7,7.6
8047,4.6,4.1,4.5,5.9,6.4,5.7
8049,4.2,3.9,4,4.7,5.9,5.5
8051,5.9,4.8,6.6,7.1,8.3,8.8
8053,0,4.3,2.2,4,4.3,4.2
8055,10.1,11.1,11.5,11.8,13.3,14.3
8057,4.1,2.2,3.4,2.5,1.5,1.3
8059,6,6.7,7.2,7.6,7.7,7
8061,0.8,3.2,1.8,3.2,4,3.2
8063,6.1,4.7,5,4.5,5,6.5
8065,6.8,5.4,5.4,7.1,7.8,6.5
8067,4.1,5.3,6,6.2,6.5,6
8069,6.5,7,7.9,7.9,8.1,7.5
8071,7,8,7.8,8.8,9.1,9
8073,8.4,9.2,8.7,5.8,6.7,7.9
8075,5,6.3,8.1,10,10.8,11.8
8077,5,5.5,6.5,7.8,8.7,9.2
8079,3.2,1.1,1.8,5.4,2.9,0.6
8081,5.8,4.4,6.2,7.4,7,5.5
8083,8.4,8.8,10,11.3,11.7,9.6
8085,5.9,7.4,9.1,10,11,9.9
8087,7.6,7.4,8,7.5,6.4,5.8
8089,8.2,8.3,12.7,12.4,11.9,11
8091,3.3,7.6,8.8,10.1,11,10.5
8093,5.7,5.3,7.2,8.2,8.3,6.7
8095,2.3,2.5,4.8,5.5,6.3,6.1
8097,2.7,2.3,4.7,6.8,7.1,7.8
8099,5.4,5.3,6,7.6,9.7,9.9
8101,9,9.6,10.2,10.9,11.6,11.1
8103,2.1,3.9,5.6,4.5,5.6,4.1
8105,10.3,11.9,11,8.3,8.1,8.8
8107,2.9,4.1,4.4,6.2,5.6,6.3
8109,9.6,10.5,12.5,8.7,9.7,11.4
8111,4.5,9.7,13,12.6,18,18.5
8113,4.2,4.2,4.9,5.2,6.1,5.7
8115,6.2,6.3,7,7.7,9.9,8
8117,3,4.7,6.3,6,6.2,5.7
8119,5.8,7.9,7.9,9.3,10.5,9.1
8121,1.8,2.8,2.6,2.9,4.7,5.5
8123,5.9,6.4,6.7,7.2,8.1,7.5
8125,3.8,3.3,3.3,2.9,3.6,2.6
9001,6.8,7.6,8.5,9.3,9.9,9.6
9003,7.3,8.1,9,9.6,10.3,10.3
9005,5.9,6.5,7.1,7.6,8.3,7.6
9007,4.9,5.6,6.3,6.8,7,6.6
9009,7.5,8.2,9.3,10,10.5,10.4
9011,5.7,6.2,6.9,8,8.8,8.4
9013,5,5.8,6.2,6.6,7.5,7.5
9015,8.6,9.5,10.3,10.6,11.2,10.6
10001,7.1,7.7,8.2,9.3,9.8,9.6
10003,6.3,6.9,7.6,8.1,8.6,8.2
10005,6.7,7.4,7.8,8.4,9,8.9
11001,9.2,9.4,10,10.5,11,10.6
12001,6.7,6.7,7.3,7.9,8.6,8.5
12003,8,7.3,11,10.5,11.4,9.8
12005,6.4,7.5,8.2,9.5,9.9,9.8
12007,8,10,13.2,15.1,15.7,14.5
12009,7.1,8.8,10.6,11.8,12.4,12.1
12011,7.5,8.9,10.5,11.4,11.9,11.3
12013,8.2,8,10.9,11.5,10.2,10.1
12015,8.9,11.3,13,13.7,13.7,12.6
12017,10.2,12.4,15,15.7,15.8,14.1
12019,6.9,8.4,9.6,10.6,11.3,11.6
12021,6.4,7.5,9.5,9.9,10.1,9.2
12023,10.6,13,16,18.9,18.8,16.9
12027,8.5,10.2,10.3,12.8,12.6,10.7
12029,7.8,10.2,10.7,8.4,9,8.3
12031,7.5,8.7,10,10.9,11.7,11.1
12033,8.7,10.3,10.9,11.4,12,10.9
12035,7.3,8.6,10.3,12,12.4,10.4
12037,9.6,10.7,9.6,10.2,12,11.2
12039,8.6,11.1,13.2,13.9,14.1,13.1
12041,7,12.9,12.1,16.7,16.5,14.8
12043,6.7,7.9,10.6,14.5,15.8,13.9
12045,9.2,8.1,10.5,13.2,11.9,12.8
12047,12.1,14.1,13.1,14.3,16.3,17.2
12049,9.4,11.3,11.8,13.7,13.9,13.3
12051,11.7,14,16.2,17.9,15.4,14
12053,10.1,12,14.3,16.7,17.2,15.8
12055,9.5,10.5,13.3,14.9,15.2,14.9
12057,7.2,8.6,9.9,10.7,11,10.1
12059,7.5,8.7,8.8,10.8,11.1,12.3
12061,8.7,10.9,12.4,14,14.7,13.6
12063,8.9,8.6,8.5,10.6,12.9,13.7
12065,10.5,12,10.7,14.2,14.9,12.9
12067,2.7,8.1,5.9,9.9,11.2,14.1
12069,7.7,8.1,9.7,11.3,12,10.9
12071,7.6,9.9,11.9,13.2,13.5,11.9
12073,8,8.4,9.3,10.3,11.2,11.2
12075,7.7,10.2,12.7,13,14.8,13.9
12077,6.5,17.8,21.2,22.8,20.6,17
12079,8,8.8,8.9,12.3,14.2,13.4
12081,7,8.9,10.6,11.6,11.3,9.8
12083,8.8,11,12.6,13.4,13.8,12.9
12085,7.8,9.4,10.7,12.5,12.8,11.1
12086,7.6,8.5,9.9,11.2,11.8,11.2
12087,4.2,5.1,6.1,7.2,7.5,7.1
12089,7.6,7.9,8.8,9.5,10.1,10.2
12091,5.7,7.1,8.3,8.8,8.8,8.1
12093,9.1,11.3,11.8,13.7,15.9,14
12095,7.7,9.1,10.2,11.2,11.4,10.4
12097,8.4,9.7,11.2,12.4,12.8,11.3
12099,7.7,9,10.5,11.2,11.8,10.8
12101,8.3,9.6,11.2,12.1,12.1,11
12103,6.3,7.8,9,10,10.5,9.7
12105,7.1,9.3,10.6,11.9,12.6,11.9
12107,10.3,11.3,12.7,13.9,14.1,12.3
12109,5.8,6.7,7.1,7.7,7.8,7.2
12111,9.8,11.9,14.1,15.6,15,13.5
12113,7.8,9.4,10,10.1,11,9.6
12115,7.5,9.2,10.7,11.6,11.4,9.8
12117,6.1,7.3,8.8,9.8,10.7,10.3
12119,9,11.5,11.2,11.7,13.2,11.3
12121,8.1,8.5,9.1,9.8,11.7,11.9
12123,11.3,13.1,15.1,12.6,13.2,11.4
12125,9.4,9.1,10.5,10.6,9.6,11
12127,6.7,7.9,9.4,10.2,11.2,10.5
12129,6.9,7.3,9.9,9.7,10.5,8.7
12131,8.1,8.2,9.9,10,9.9,8.3
12133,11.1,9.9,11.7,12.7,13.5,12.7
13001,5.7,5.2,6.6,6.8,7,8
13003,8.5,10,12.5,11.5,10.2,9.2
13005,6.6,6.8,6.2,6,4.9,5
13007,6.6,6.5,9.6,12.6,13.8,7.1
13009,6.3,7.7,9.1,9.6,9.8,9.4
13011,6.4,8.1,8.7,10.4,10.1,9.1
13013,8.8,10.1,11,11.1,12,11.2
13015,6.1,7.2,8.6,10.2,11.3,10.5
13017,12.1,14.3,11.8,15.5,14.8,12
13019,7.6,8.6,11.3,12.8,14.3,15.8
13021,9.9,9.7,10.3,11.1,11.8,12.7
13023,7.2,4.9,6.9,7.7,8.7,7
13025,7.9,7.7,9.6,10.9,11.4,12.9
13027,7.4,8.4,11.9,13.8,15.8,17.8
13029,6.5,5.8,6.7,9,10.2,8.7
13031,8.3,8.5,7.5,8.5,9.2,9.6
13033,11.9,8.9,10,10.7,9.5,9.6
13035,6.7,8.8,11.7,13.4,13.1,12.8
13037,10.6,10.4,6.4,6,5.7,7.7
13039,7.1,9.5,9.3,10.1,11,10.5
13043,8.3,9.7,9.9,8.5,9.1,9.7
13045,8.7,10.4,11.5,12,12.8,13.1
13047,5.9,7,7.8,9.6,10.3,9.4
13049,6.3,10.4,13,18,18.5,16.8
13051,6.2,6.9,7.8,8.9,10,9.5
13053,11.4,10.1,10.3,11,17.9,18.1
13055,9.5,10,10.6,9.9,10.3,10.9
13057,5.8,7.1,7.3,7.5,8.1,7.6
13059,7.1,6.5,7.1,7.7,9.2,9.8
13061,14.8,20.5,23.1,20.2,17.3,20.4
13063,11,13.1,14.4,15.5,17,15.8
13065,8.2,3.7,5.8,7.5,11.8,9.2
13067,6.3,7.2,8.5,9.2,9.7,9.1
13069,5.9,8.1,8.1,10.1,10.5,10.6
13071,8.4,8.4,8.1,8.5,9.7,9.6
13073,5.4,6.3,6.4,7,7.9,7.3
13075,8.9,11.5,11.5,10.6,10.7,9.3
13077,6.4,6.6,7,8.1,8.5,7.9
13079,7,6.9,7.8,9.8,12.4,12.5
13081,9.7,10.5,11.9,15.2,16.6,16.8
13083,6.6,9,10.8,11.3,10.6,8.8
13085,6.1,7.9,10.1,10.7,11.1,9.9
13087,5,6.2,7.5,8.2,8.6,9.2
13089,10.4,11.5,12.5,13.3,14,13
13091,6.3,7.4,9.1,10.8,11.3,9.6
13093,7,8.9,9.8,9.1,8.5,9.4
13095,12.3,13.1,13.5,15.5,17,18.4
13097,9.7,10.6,12.3,12.9,13.2,11.5
13099,8.1,8.4,8.6,9.1,8.6,8.4
13101,8.3,7.6,10.7,12.4,8.8,8.1
13103,7.2,7.6,7.4,7.4,8.4,7.1
13105,9,10.2,11.7,13.4,12.9,12.2
13107,8.7,10,12,12.1,14.5,14.8
13109,6.8,6.3,7.2,8.9,9,12.2
13111,7.4,9.3,12.4,13.5,15,14.5
13113,5.2,5.6,7,8.1,9,8.5
13115,7.1,8.6,10.4,11.9,12.6,12.1
13117,4.4,6.1,7.4,8,8.2,7.3
13119,6.4,6.4,8.3,10,10.4,8.6
13121,8.4,8.8,9.8,10.8,11.6,11.1
13123,7.6,8.3,9.2,10.1,10.9,11.1
13125,6.8,8.5,6.9,11.8,11,9.2
13127,5.2,7.2,9.1,10.5,11.6,11.3
13129,6.7,7.9,8.9,9.7,10.1,9.5
13131,9.8,11.4,10.7,10.2,13.3,11.6
13133,9.2,12.4,12.2,9.4,10.4,10.6
13135,7.1,8.3,9.2,9.9,10.4,9.5
13137,7.1,7.9,8.3,9.4,10.4,8.8
13139,5.4,6.4,7.6,8.4,9.4,9.2
13141,9.6,10.9,15.3,21.9,18.6,18
13143,11.5,14.6,15.2,14.4,15.6,12.8
13145,6.8,7.1,7.4,7.2,8.4,8.5
13147,6.9,8.7,9,9.3,9.2,8.3
13149,8.3,10,12.7,11.7,13.3,13.8
13151,7.2,8.6,9.6,10.8,11.6,11.7
13153,7.3,8.6,9.1,10.2,10.7,10.1
13155,5.3,11.2,9.4,10.2,10.2,10.9
13157,5.5,6.3,7.7,7.7,8.6,8.4
13159,9.4,11.2,14.4,14.5,13.1,12.4
13161,5.5,6.2,9,10.7,10.5,9.8
13163,9.9,12.8,14.1,15.3,17.4,18.2
13165,9.7,12.5,15,14.2,13.7,10.7
13167,13.4,6.8,7.7,8.3,9.8,9.4
13169,7.1,6.1,7.7,7,9.5,9.8
13171,13.3,13.6,19.1,18.6,16.3,16
13173,6.1,6.2,8.3,9.7,11.4,13.1
13175,4.9,5.1,5.7,6.2,7.2,6.9
13177,5.8,6.3,6.5,7.6,7.9,7.8
13179,11.5,11.3,10.7,11.9,13.5,13.4
13181,9.6,11.2,13,13,12.2,11.1
13183,11.1,8.3,8,13.7,16,16.2
13185,7.9,9.3,10.9,12.4,13.3,13.1
13187,7.2,9.2,11.2,12.3,13.2,10
13189,7.1,8.6,8.9,10.3,11.2,10.9
13191,9.8,8.1,9.1,10.7,14.2,10.5
13193,6.1,7.8,10.9,12.6,16,17.6
13195,9.4,7.1,8.1,9.7,7.9,7.9
13197,11.1,11.4,13.4,17.6,14.9,11.9
13199,9,11,11.5,14.2,16.5,15.2
13201,6,5.8,8.3,9.9,9.7,9.9
13205,8.1,8.2,10,10.3,11.3,11.6
13207,5.4,5.4,8.8,8.7,10,10.5
13209,4.2,4.3,5.2,4.5,5,6.2
13211,7.5,8.5,8.5,9.7,8.2,8.5
13213,9.1,9.8,12.9,13.2,13.1,11.9
13215,8.1,9.1,10.4,10.5,12,11.3
13217,9.8,11.1,12.6,13.2,13.8,12.4
13219,4.8,5.4,6.2,6.1,6.3,6
13221,7.7,6.6,6.8,5.6,6.9,6
13223,8.2,9.2,10.3,10.8,10.6,9.9
13225,11.7,11.7,12,13.9,14,13.6
13227,7.2,9,9.6,9.9,9.8,10.5
13229,3.3,3.9,6.8,9.6,8.9,8.8
13231,7.2,7.9,8.9,8.7,9.7,10.9
13233,8.9,10.7,11.4,13.6,14.3,12.9
13235,5.8,11.9,7.9,8.3,10.8,11.5
13237,7.5,8.1,8.2,8.6,8.1,7.5
13239,10.7,11.5,13.1,15.7,14.4,16.6
13241,7.3,9.2,8.6,9.6,9.8,8.5
13243,12.2,15.4,16.9,16.9,16.7,13.4
13245,10.4,11,12,12.1,13.1,13
13247,10,12.1,12.6,13.5,13.3,13.3
13249,5.9,4.5,6,6.4,8,9.3
13251,11.5,14.8,16.3,14,11.8,10
13253,11.6,11.9,9.6,9.9,9.6,8.9
13255,11.5,11.9,13.9,13.9,14.1,13.4
13257,10,9.8,10.7,10.9,12.8,11.4
13259,6.3,7.9,10,14.4,19.4,21.2
13261,10.5,12.6,13.1,13.8,13.2,14.3
13263,14.5,16.2,15.7,15.9,14.6,14
13265,15.8,15.4,15.8,19,17.1,15.7
13267,12.1,8.6,11.4,12.4,12.4,9.3
13269,6.3,5.2,12.7,16.8,15.8,18.4
13271,4.9,3.4,2.8,2.9,2.3,3.2
13273,14.9,17.2,15.7,15.1,16.6,17.4
13275,8.6,10.2,12.3,12.9,13.3,11.9
13277,8.1,8.6,9.1,8.7,8.8,8.3
13279,5.6,5.1,6.1,7.5,9.7,8.7
13281,5,6.3,7.1,10.6,14.3,12.2
13283,8.5,6.7,3.7,4.5,5.6,5.5
13285,8.5,10,12,13.3,13.9,13.6
13287,5.3,10.2,11.7,13.9,12.4,13.5
13289,8.2,12.5,9.7,11.2,13.2,9.8
13291,9.2,9.1,11.2,14.3,14.2,13.2
13293,12.7,14.1,14.6,15.3,15,12.7
13295,9.3,10.8,12.3,13.1,11.4,10.5
13297,7.6,8.1,9.1,9.5,8.7,8.8
13299,8.6,7.5,8.3,10.4,9.8,8.2
13301,5.7,9,11.6,14.4,15.9,19.3
13303,6.2,8.5,10,9.8,11.6,12.5
13305,8.6,8.7,9.3,11.7,14.2,11.6
13307,14.3,13.5,7.3,6.7,9,8.3
13309,4.1,3.1,4.3,3.4,4.1,6.1
13311,6.8,5.8,7.4,8,8.8,6.9
13313,8.1,8.9,10.1,11.5,12.9,11.7
13315,9.2,9.2,11.9,10.4,10.6,8.7
13317,11.8,13.1,13.3,13.3,13.4,10.5
13319,4.5,5.5,6.1,5.8,7.7,6.5
13321,11.3,14.3,13.6,12.6,12.9,11.3
15001,6.2,7.7,9.2,9.6,10.8,9.3
15003,4.7,5,5.5,5.8,6.1,5.9
15005,0,0,0,0,0,0
15007,5.3,5.7,6.7,7.3,7.2,6.1
15009,5,6.8,8.2,8.2,8.5,8.7
16001,6,6.6,7.8,8.5,8.4,7.3
16003,8.9,9.8,8.6,10,10,11.7
16005,6.3,6.4,7.1,7.7,8.2,7.4
16007,5.3,4.3,5.1,4.5,5.6,3.6
16009,5.9,6.9,7.6,9.8,10.5,10.6
16011,6,5.8,5.9,6.8,7.6,7.2
16013,4.4,5.7,6.4,7,6,4.7
16015,12.6,13.6,14.3,14.4,12.9,12.9
16017,4.8,5.7,6.3,8.3,8.7,8.1
16019,4.8,5.3,5.6,6.4,6.6,6.1
16021,5.4,5,6.9,5.6,5.5,5.2
16023,3.4,5.3,5.6,6.6,8.9,7.5
16025,3.4,9.7,12.5,10,12.9,12.6
16027,8.7,9.9,11.1,12,12.1,10.4
16029,2.3,3.3,4,4.3,4.5,2.9
16031,6.3,7.2,8.8,8.3,8.3,7.5
16033,2.5,1.9,0,0.5,0.3,5.6
16035,8.8,9.1,10.7,11.4,10,9.4
16037,5.6,6.9,6.2,5.8,6,5
16039,7.3,7.8,8.7,10.2,10.5,9.9
16041,5.3,6.5,7.5,6.6,7,6.3
16043,3.8,4.3,5.5,5.8,6.9,6.7
16045,7.5,8.3,11.8,14.9,15.1,13.8
16047,3.2,4.5,4.4,4.7,5.6,6.4
16049,6.9,9.2,8.8,8.1,8.2,8.7
16051,4.7,5.3,5.8,6.1,6.6,6.3
16053,2.9,3.9,5.7,5.9,7.2,8.4
16055,6.6,7.5,8.3,9.4,9.6,9.5
16057,7.6,7.5,7.5,6.5,8.5,8.2
16059,6,9.3,7.9,8.5,8.8,7.6
16061,6.1,7.4,9,7.1,7.6,6.2
16063,2.9,5.3,7.1,8,8.5,7.8
16065,7.7,7.7,8.4,8.4,10.8,10.3
16067,6.4,7.6,7.7,7.1,5.8,5.8
16069,7.3,6.5,6.3,6.7,6.3,6.3
16071,3.8,3.3,3,3.9,4,5.9
16073,10.8,11,10.2,12.3,12.9,13.3
16075,8.6,9.5,9.8,11.9,12,11.6
16077,10.6,7.5,7.8,8.2,8,8.2
16079,5.2,5.8,8.9,10.1,11.6,11.3
16081,4.8,4.3,8.6,9.5,11,10.6
16083,4.9,5.8,7.1,7,7.3,7.1
16085,6.8,7.6,6.8,7,7.4,4.9
16087,6.9,9.9,9.2,12.1,13.7,12.8
17001,5.3,5.9,6.3,6.6,7.6,7.2
17003,9.8,10.8,12.2,14.6,17.2,16.7
17005,11,10.4,9.4,9.7,7.6,7.9
17007,9.4,9.9,11.8,11.4,12.2,11.5
17009,4.2,6,7.2,6.8,6.8,5
17011,6.8,7.4,7.6,8.3,9.8,8.8
17013,7,9,6.8,9.1,8.2,7.2
17015,7.1,6.8,8.5,8.6,9.3,8.1
17017,7.5,7.9,6.3,8,11.5,10.5
17019,6.6,6.5,7.4,7.2,7.4,7
17021,6.1,6.9,6.9,6.5,7,6.4
17023,6,7,7.5,9.3,9.5,8.4
17025,8.2,8.7,9.5,11.1,9.9,7.4
17027,5.1,5.5,5.5,5.7,6.2,5.5
17029,10.4,10.4,11.8,10.9,12.6,11.2
17031,9.3,9.9,10.8,11.5,12.2,11.7
17033,11,13.7,14.6,11.6,10.9,9.1
17035,9.6,9.1,8.8,7.8,9.2,8.8
17037,9.1,9.1,10.2,10.6,10.6,10.3
17039,8.4,7.1,6.6,6.8,6.9,7.4
17041,5,5.4,6.8,6.1,6.4,6
17043,6.1,6.9,7.7,8.4,8.6,8
17045,8.2,8.6,9.2,10.3,11.7,11.3
17047,5.3,7.2,8.6,10.8,9.5,9.7
17049,4.1,4.6,5.3,5.6,5.8,6.1
17051,6.8,6.8,8.5,9.5,10.3,11.1
17053,6.1,8,9.1,9.1,9.1,10.1
17055,10.2,11.5,9.9,9.8,11,11.6
17057,7.9,8.3,8,8.2,9.1,9
17059,8.4,10.3,10.2,8.9,11.6,9.9
17061,4.7,5.7,6.5,7.7,8.3,9
17063,7.9,8.6,9.7,10.3,9.9,8.9
17065,7.2,7.9,7.8,5.3,7.8,7.2
17067,5.7,6.4,6.6,7.4,7.5,6.7
17069,8.1,5.8,8.7,10.3,13.8,15.2
17071,6,7.1,6.7,6.9,7.8,8.3
17073,5.1,5.3,5.9,5.9,5.7,5.8
17075,6.3,7.7,8.2,8.5,9,9.4
17077,11.3,9.7,9.3,9.4,9.7,10.3
17079,7.5,6.5,7.7,7.1,7.5,5.5
17081,7.5,8.8,9.9,10.3,10.8,10.3
17083,4,5.2,5.5,6.8,9,8.9
17085,4.4,5.3,5.3,5.8,6,5.4
17087,9.2,7.6,8.7,10.9,11.4,10.7
17089,6.7,7.7,8.7,9.2,9.5,8.9
17091,9.9,10,10.7,11.2,11.5,10.5
17093,5.7,6.6,7,7,8,7.5
17095,7.9,8.2,8.9,8.6,9,8.5
17097,6.8,7.7,8.6,9.1,9.6,9
17099,8.3,9.5,9.8,10.7,11.3,11.1
17101,7.5,8,5.9,5.6,5.5,5.4
17103,7.9,8.4,9,9.2,8.6,7.8
17105,5.9,6.8,7.5,7.7,7.7,7.4
17107,5.9,5.7,5.6,6,7.1,6.6
17109,8.1,9,9.2,9.6,9.9,10.4
17111,6.6,7.6,8.8,9.8,10.3,9.5
17113,6.2,6.1,6.6,6.6,6.6,6.1
17115,7,8.3,8.9,10.2,11.7,11.9
17117,7.3,7.6,7.4,7.6,8.9,9
17119,7.1,7.2,8,8.7,9.3,8.9
17121,8.5,10.2,10.5,10.9,10.9,10.5
17123,5.9,7.2,7.3,7,7.6,7.1
17125,9.4,8.2,8.1,10.9,11.9,9
17127,5.7,6.1,8.1,7.4,9.5,10.7
17129,4.2,3.5,4.2,4.9,5.6,5.8
17131,6.9,6.2,5.7,5.6,6.1,5.8
17133,4.9,4.5,5.4,6.2,6.3,5.4
17135,7.1,7.1,7.4,5.9,6.2,6.8
17137,6.8,7.5,8.5,7.7,8.1,8.8
17139,5,5.4,5.4,5.3,5.5,5.9
17141,7.6,9,10.4,9.8,10.6,9.6
17143,6.7,7.6,8.6,8.4,9.3,9.5
17145,8.6,9.3,8.8,8.8,9.2,9.8
17147,4,3.9,3.7,4.8,5.6,5.8
17149,6.2,6.6,7,6.6,6.6,6.2
17151,5.6,6.2,6.1,7.3,7.5,9.3
17153,14.2,13.6,12.8,12.9,13.1,13.1
17155,7,7.4,10.2,11.2,11.2,11.1
17157,6.7,6.4,7.2,7.2,7.2,6.5
17159,6.8,7.1,5.8,5.9,7,6.8
17161,7.6,7.8,7.7,7.7,8.2,8.2
17163,8.7,8.8,9.2,9.5,9.5,9
17165,7.9,8.7,9.1,11.1,12.8,13.4
17167,6.3,7.1,7.5,7.6,8.2,8.1
17169,6.3,6.3,5.1,4.3,6.5,5.2
17171,5,5.2,4.9,6,8.2,8.9
17173,5.2,5.6,6.3,6.9,7.4,6.9
17175,6.8,6.7,7.7,8.4,8.3,7.9
17177,8.2,9.3,10.4,11.5,12.3,11.4
17179,5.6,6.2,6.2,6.3,7.3,6.7
17181,7,8.5,10.2,10.1,9.5,9.7
17183,9.8,10.3,11,11.4,11.9,11.9
17185,6.5,5.8,6.5,8.1,8.4,9
17187,6.3,7.1,7.8,9.8,10.9,10.3
17189,5.6,5.1,4.4,5,5.8,5.9
17191,8.2,7.2,6.6,5.4,5,5.6
17193,7.4,7.8,7.4,8.6,7.9,7.7
17195,6.2,7,8,8.4,8.8,9
17197,7.1,7.8,8.6,9.1,9.7,8.9
17199,10,9.8,8.6,9.1,9.4,7.6
17201,9,10.1,11,12,12.8,12.4
17203,4.5,4.6,5.5,5.6,6.4,6.5
18001,8.1,8.8,8.6,7.8,8.7,7.2
18003,7.7,8.4,8.9,9.3,9.7,9
18005,7,6.9,6.9,6.9,6.7,5.6
18007,6.5,6.4,7.9,8.1,6,5.8
18009,11.8,12.7,12.9,13.3,12.7,11
18011,3.7,3.8,4.6,4.3,4.8,4.8
18013,6.8,8.9,8.8,9.1,8.3,8.1
18015,5.3,6.8,8.1,9.2,10.1,8.8
18017,7.1,7.8,9.3,10.1,10.4,9.7
18019,6.6,7.6,8.2,8.7,8.8,8.1
18021,6.8,7.2,8.4,9.3,8.7,9.1
18023,7.5,8.3,9.2,9.4,9.3,8.3
18025,12.1,10.7,9.4,10.8,10.6,7.8
18027,5.2,5.3,5,4.5,5.1,5.3
18029,6.8,6.8,7.9,8.2,9.1,8.1
18031,6,7.7,9,9.5,10.3,8.9
18033,9.1,9.6,10.3,11.2,10.8,8.6
18035,10.6,11.7,12.9,13.2,12.6,11.4
18037,4.1,4.2,4.4,4.9,5.4,4.2
18039,8.8,9.9,10.9,11,11,8.7
18041,10.3,12,14.2,15.4,15.2,13.4
18043,7,7.7,7.7,8.5,8.8,8.1
18045,8.2,9.4,9.3,10,10.2,9.6
18047,6.2,7.1,6.4,7,7.4,7.2
18049,7.3,7.5,8.2,8.3,8.3,7.1
18051,5,6.6,6.9,6.6,5.9,5.7
18053,10.2,11.3,11.2,10.9,10.1,9.3
18055,9.2,9.8,9.5,9.6,8.3,8.8
18057,4.2,4.2,4.6,5,5.4,5
18059,5.3,6,6.3,6.6,7.5,6.6
18061,6.8,7.5,8.7,9.2,9.6,8.6
18063,4.1,4.8,5.1,5.5,6.1,6.1
18065,8.4,9.9,11.4,12.4,12.7,11.4
18067,9.3,10.2,11.2,11.8,11.2,10.3
18069,8.1,9.3,11.1,11.4,10.9,8.7
18071,8.2,9.4,10.2,10.2,9.8,8.6
18073,7.6,7.7,7.9,9.1,9.2,7.2
18075,7.5,8.5,9.8,10.5,10.6,9.3
18077,7,7.2,8.1,9.4,9.5,10.1
18079,10.8,11.7,14.3,13,14.8,11.8
18081,5.5,5.9,6,6.9,7,7.1
18083,5.3,6.6,6.9,7.1,6.8,6.6
18085,8.2,8.6,9.3,10.1,9.1,7.7
18087,7.1,8.2,8.9,9.6,9.2,7.1
18089,9.2,9.9,10.3,11.2,11.6,11.2
18091,7.9,9.6,10.3,10.9,10.9,11
18093,9,9.9,9.2,9.8,9.3,8.3
18095,9.5,9.8,10.9,11.4,11.7,10.3
18097,9.3,10,10.7,11.2,11.8,11.2
18099,6.6,7.9,8.8,9.3,10.5,9.8
18101,6.8,6.1,7.3,7.9,6.8,7.1
18103,10.5,11.5,11.7,13.5,12.8,12
18105,6.3,6.7,7.1,7.6,7.5,7.5
18107,6.9,7,8,9.4,9.7,8.9
18109,7.4,8.7,9.1,9.2,8.5,8
18111,7.4,7.8,9.1,9.6,9.8,9.8
18113,8.3,9.5,11.6,11.5,11.2,10
18115,5.9,7.3,8.7,10.2,9.2,9.2
18117,11.6,11.7,11.7,9.8,10.3,8.9
18119,5.9,7.7,8.6,8,8.8,8.6
18121,6.9,7.5,8.7,8.5,8,7.5
18123,5.4,5.9,7.1,7.4,7.6,6.7
18125,5.5,7.4,7.6,6.7,5.8,6
18127,6.6,7.5,7.8,7.9,8.7,8
18129,4.5,6,7.1,7,6.5,5.8
18131,7.8,7.6,8.5,9.6,9.5,8.8
18133,6,6.8,8.1,8.5,8.9,8.2
18135,9.1,9.3,8.8,9.5,9.4,8.2
18137,6.9,7.8,8.3,8.6,8.8,7.5
18139,7,9.4,9.4,9.4,9.2,8.8
18141,8.1,9.5,10.1,11.1,11,10.2
18143,7.7,9.6,13.4,13.5,14.9,12.7
18145,6.9,7.7,8,9.9,10,9.1
18147,5,6.3,6.6,7.1,7.6,7.5
18149,10.4,11.2,13.6,13.3,14.4,13.8
18151,6.9,8.3,9.9,10.6,11,8.7
18153,6.2,6.7,8.3,8.5,8.3,8
18155,7,7.9,10,10.9,11.3,11.5
18157,7.9,8,7.8,8,8.4,7.5
18159,5.9,6.4,7.1,8.4,7.5,6.5
18161,5.3,6.4,7.5,9.1,10.5,8.4
18163,6.1,6.3,6.8,6.4,7.1,6.9
18165,6.3,6.7,8,9,9.8,7.3
18167,7.9,8.3,8.3,8.3,8.6,8.1
18169,9.1,8.5,10.2,10.2,10.1,7.4
18171,7.6,8.3,7.6,6.6,6.5,5.7
18173,5,5.7,6.1,6.8,7,6.2
18175,9.1,8.9,9.8,10.5,11.3,10.8
18177,9.8,11.1,11.6,11.7,11.3,10.6
18179,8.4,8.8,9.3,8.3,7.6,5.1
18181,6.7,7.7,8.4,8.6,9.1,6.7
18183,8.1,8.9,10.1,9.6,8.4,6.4
19001,4.6,4.5,4.4,4,3.9,3.4
19003,2.5,2.9,3.6,4.3,4.7,3.9
19005,4.6,5.6,6.9,7.9,6.3,6.6
19007,9.3,10.7,10.3,9.7,8.6,7.8
19009,4.2,3.6,3,2.6,2.6,2.6
19011,4.8,4.7,4.7,4.9,5.2,4.2
19013,6.3,6.9,7.1,7.3,8.2,7.8
19015,4.4,4.5,4.2,4.6,5.5,5.3
19017,3.1,5,5.1,4.9,4.3,5.3
19019,4.9,4.7,5.2,5.3,5,4.5
19021,3.3,4.2,3.6,3.2,3.8,4.4
19023,3.9,4.3,4.7,4.6,4.3,4.4
19025,3.6,3.5,3.9,3.8,4.1,4.4
19027,3.1,2.7,2.8,2.7,3,2.5
19029,5.1,4.6,5.2,4.4,3.2,3.4
19031,3.5,3.7,3.5,4.1,3.7,3.5
19033,4.5,5.7,6.1,5.8,6,5.2
19035,3.6,4,3.3,2.8,4.4,3.5
19037,5.3,5.9,5.5,5.4,5.6,5.4
19039,5.4,4.9,5.2,4.4,5.4,5.5
19041,3.6,4.9,5.3,6.5,5.7,4.6
19043,4.8,5.3,5.2,5.1,5.7,5.2
19045,5.9,6.7,7,6.9,6.6,5.4
19047,5.4,4.6,4.4,4.6,5.3,5.3
19049,3.9,3.5,4.2,3.5,3.4,3
19051,6.2,6.9,6.8,6.9,6.7,5.6
19053,4.4,4.7,6.7,7.5,8.6,7.4
19055,3.7,4.5,3.9,4.2,4.4,4.1
19057,6.5,7.9,8.1,7.6,8.5,7.4
19059,5.4,6.4,4.8,4.4,4.3,5.1
19061,4.2,4.8,5,4.9,4.8,4.7
19063,2.9,4.2,4.3,5.5,5.6,4.7
19065,4.9,5,5.4,6,5.5,5.1
19067,5.4,6.1,5.9,6.4,5.4,5.1
19069,4.8,4,3.5,4.3,4.6,3.5
19071,4.6,5,4.5,4.5,4.9,4.4
19073,4,4.4,5.9,5.5,5.8,6.9
19075,2.1,2.8,3.3,3.9,5.3,5
19077,3.8,3.6,5.6,5,5.3,4.5
19079,3.8,4.2,4.9,6.3,6.6,5.1
19081,5.7,5.9,5.5,5.1,3.9,2.7
19083,5.3,5.2,5.4,6,6.1,6.3
19085,4.9,4.8,4.8,5.2,4.7,4.1
19087,5.3,5.7,6.6,5.9,7.1,6.4
19089,5.3,4,3.7,4.5,4.9,3.6
19091,2.9,3.8,3.4,3.6,3.8,4.9
19093,4.3,3.5,3.9,4.3,3,3.2
19095,3.4,3.4,3.3,3.7,4.1,2.7
19097,3.9,3.7,4.7,4.2,4.2,4.1
19099,5.2,5.5,5.9,6.3,5.6,5.7
19101,7.5,5.4,5.6,5.5,6.9,4.6
19103,4.3,4.2,4.5,4.3,4.3,3.6
19105,4.9,4.2,4.7,5.4,5.8,6
19107,5.3,4.4,5.1,6.3,6.8,4.8
19109,2.8,3,2.7,2.9,2.6,2.2
19111,7.4,7.1,8.4,8.1,8.6,8.7
19113,4.8,5,5,5.1,5.5,5.1
19115,6.4,8.3,7.6,7.9,7.7,6.6
19117,9.7,10.9,10.5,10.7,9.8,8.7
19119,2.1,2.7,3.4,3.6,3.1,2.9
19121,3.4,4.2,5.4,5.6,6.6,7.6
19123,5.5,6.3,7.5,8,7.7,8.2
19125,4.4,5.1,5.1,5,4.4,4.3
19127,6.1,7,7.1,7.1,6.9,6.6
19129,3.6,4.2,4.7,4.5,4.4,3.8
19131,3.6,4.5,4.2,3.6,3.5,4.4
19133,5.9,5.9,5.5,6.4,6.4,5.1
19135,7.3,6.7,7.9,6.3,6,6.4
19137,5.3,7.5,7.5,9.2,9.3,9.9
19139,7.6,8.1,8,7.2,7.7,6.2
19141,3.6,3.3,2.9,3.1,3,2.9
19143,3.5,2.9,3.1,3.3,3,3.5
19145,6,4.6,5.3,5.9,6,5.4
19147,5.2,5.8,6.7,6.5,5.1,3.7
19149,2.5,2.8,2.3,2.3,3.4,3.5
19151,4.9,4.5,5,5.1,4.8,4.4
19153,4.8,5.4,5.8,5.8,6.2,6
19155,6.2,6.5,6.4,6.3,6.5,5.9
19157,5.5,5.3,6,5.9,6.8,5.7
19159,3.2,4.7,5.3,5.6,5.7,5.3
19161,2.9,3.6,3.8,3.8,4.4,3.8
19163,5.2,5.5,5.6,5.7,5.8,5.9
19165,4.3,4.3,3.8,2.7,3,3.4
19167,2.1,2.5,2.4,2.6,2.4,1.9
19169,4.7,4.9,5.4,5.7,6.2,5.7
19171,4.3,5.5,5.1,6.4,7.1,6.6
19173,3.3,4.3,6.1,5.1,4.6,4.1
19175,3.9,5.4,6.1,6.5,7.1,6.5
19177,7,6.4,9,9.1,7.9,6.6
19179,8,7.9,8.2,9,9,8.9
19181,3.6,3.8,4.1,5.2,5.5,5.7
19183,5,4.5,3.9,4.4,4.6,5
19185,5.5,9.4,8.9,8.4,9.3,7.3
19187,7.4,7.3,9.4,9.5,10.2,9.4
19189,4.8,4.6,5.1,3.9,5.8,5.6
19191,3.7,3.9,4.1,4.1,3.7,3.1
19193,6.1,6.2,5.8,5.6,5.6,5.6
19195,3.9,5.6,5.5,5.2,5.8,5.4
19197,3.7,5,3.9,5.3,6.7,6.7
20001,5.2,4.9,6.3,8.5,7.7,7.4
20003,3.4,4.6,6.8,6.6,7.6,8.3
20005,7.1,7.3,7.7,8.2,8.7,7.9
20007,1,1.1,1.1,1.8,2.5,2.5
20009,5.6,5.2,5.6,6.4,7,7
20011,3.2,4.2,5.2,5.5,6.4,4.8
20013,4.6,5.5,5.3,5.8,5.8,5.7
20015,5.6,6.2,6.4,6.4,6.8,6.7
20017,3.5,4.4,4,5.4,4.6,3.4
20019,2.9,4.6,5.7,5.7,4.7,5.9
20021,4.8,6.1,5.6,5.7,6.6,6.5
20023,0.7,2.3,2.3,3,2.3,3
20025,2,3,3.5,0.9,1.4,1.7
20027,2.4,2.3,2.4,1.7,1.8,2
20029,4.4,5.6,6.1,5.8,6,6.2
20031,2.7,4.1,5,6.3,6.2,6.3
20033,0.9,0,0.9,2,3.1,4
20035,5.9,6.3,7.3,8,8.3,8.3
20037,6.7,6.8,6.6,7.6,7.6,6.2
20039,1.3,2.8,3.9,4.1,4,5.5
20041,3.6,5.3,5.2,5.9,5.8,6.8
20043,6.1,5.2,5.4,4.9,6,5.9
20045,6.4,6.9,7,7.2,6.9,6.7
20047,2.6,3.8,5.1,4,4.9,3.1
20049,6.8,7.3,7.8,8.7,7.4,4.9
20051,4.6,3.7,4,4.5,4.1,4.8
20053,3.1,4.5,5.4,5.3,4.7,4.7
20055,5.1,3.7,3.4,3.6,4,4.4
20057,3.8,3.8,5,6.5,6.3,6.6
20059,5.5,5,6.5,6.3,7.7,7.2
20061,5.7,6.5,6.4,7.2,8.3,9.3
20063,1.3,2.5,2.9,3.9,2.7,2.2
20065,1.2,3.6,4.1,3.3,1.3,2.6
20067,2.4,4.7,6.9,5.9,6.5,7.4
20069,3,3.2,3.5,3.3,4,2.9
20071,1.2,1.2,0.9,1.2,2,2.5
20073,7.9,8.3,8.1,6.3,6.4,5.2
20075,2.5,2,3.3,2.9,3,2.5
20077,2.9,3.9,4.5,4.2,6.2,4.4
20079,5.4,5,5.7,6,5.6,5
20081,6.4,5.9,4.3,4.2,5.4,5.2
20083,3.1,3.1,4.1,3.7,3.8,3.4
20085,3.7,3.9,3.8,4.1,4.7,4.5
20087,4.3,4.2,4.9,5.6,6.4,7
20089,2.8,3.7,4.3,3.1,3.5,2.8
20091,4.3,4.6,4.9,5.3,5.4,5
20093,2.5,2.6,3,2.7,3.2,3.2
20095,3.6,3.2,3.7,4.3,5.3,6
20097,3.5,4.2,4.1,4.5,4.4,4.3
20099,5,6.5,7.1,7.8,7.7,6.7
20101,2.7,3.8,4.9,2.8,5.4,3.7
20103,6.3,6.5,7.3,8.1,8.2,7.1
20105,3.2,3.8,4.4,5.5,6.1,6.8
20107,5.4,5,6.5,7.1,8.7,10.4
20109,2.5,2.2,2.6,3.1,4.9,4.2
20111,6.7,7.9,7.3,7.1,7.1,7.6
20113,2.1,2.4,3.2,3.3,3.5,3.3
20115,3.2,3.2,4.2,5.8,5.6,5.7
20117,1.6,2.3,2.9,3.2,2.9,3
20119,4.2,3.8,3.8,3.8,3.4,3.3
20121,4.6,6.4,7.1,7.1,7.3,7
20123,1.7,1.4,1.3,1.6,2.2,2.8
20125,7.2,9.3,10.3,11.4,11.4,10
20127,2.5,3.4,4.5,4.9,4.4,3.9
20129,2.9,3.8,3.9,2.1,3.7,4.1
20131,2.6,1.9,2.1,1.8,1.6,1.7
20133,8.3,8.4,9.6,9.8,8.6,5.7
20135,2.1,3.2,2.3,2.1,3,2.8
20137,1.7,1.8,2.4,1.4,2,1.5
20139,6.3,6.6,6.7,7.2,8.9,8.7
20141,2,1.4,1.9,3.2,3.9,3.8
20143,3.4,5.6,5.6,5.4,5.6,5.4
20145,4,4.7,4.9,5.6,5.1,3.5
20147,2.2,3.3,4.4,4,4.9,4.6
20149,1.7,2.4,2.4,2.5,3.3,3.8
20151,2.9,3.3,4.5,4.5,4.6,4.5
20153,1.4,1,1.3,2.1,1.6,1.5
20155,4,4.8,5.3,5.8,6.7,6.5
20157,5.1,4.9,3.4,3.8,4.4,4
20159,5.4,6.5,6.3,5.9,6.3,7
20161,4.3,4.5,4.7,4.2,4.7,5.3
20163,4.9,3.8,4.2,4.7,5.5,4
20165,4.4,5.5,6.1,6.8,8.2,6.8
20167,1.5,1.3,3.2,4.2,6.2,5.5
20169,4.4,5,5.3,5.3,6.2,5.6
20171,1.1,0.8,1.1,1.8,2.8,4.5
20173,6.9,7.7,8.2,8.5,8.8,8
20175,7.2,7.9,9.3,9.5,10.9,8.5
20177,6.6,7.1,7.2,7.3,7.9,7.2
20179,0.9,1.2,1.6,1.8,1.7,2.2
20181,4.2,6.2,4.8,4,6.8,6.4
20183,2.3,1.8,2.2,1.8,3.8,4.9
20185,4.5,4.2,3.3,3,2.9,2.5
20187,1.7,4.4,7.3,5.4,6.2,2.5
20189,3.3,3.7,3.7,3.7,3.8,3
20191,5.7,6.5,7,6.7,8.5,7.2
20193,4,4.7,4.3,2.6,2.4,2.5
20195,1.2,0.9,1.1,1.2,1.4,1.8
20197,4.5,4.8,4.8,4.5,5,5.4
20199,2.2,2,1.5,0.6,3.3,5.4
20201,1.8,2,2.6,3.3,3,4.3
20203,1.8,2.6,3.5,4,4.7,2.9
20205,5.7,6.8,6.9,7.7,7.3,7.6
20207,6.7,8.1,6.9,8.7,7.3,5.7
20209,11.4,12.2,12.7,13,13.1,12.4
21001,9.7,11,12.7,10.7,10.2,10.6
21003,9.8,13.3,14,13.5,13.2,12.1
21005,6.6,6.8,7.8,7.8,8.1,7.6
21007,6.7,8.2,7.6,8.6,8.3,6.8
21009,7.3,7.1,7.3,7.6,8.4,8.3
21011,8.2,11.3,14,14,12.9,14.2
21013,8.2,9.8,11.8,13.5,12.8,11.8
21015,5.3,5.6,5.5,6.4,6.9,6.2
21017,5.3,7.5,10.1,10.1,10,10.8
21019,7,7.6,9.9,10.6,11.6,11.4
21021,8.3,8.3,8.4,9.7,10.4,8.7
21023,6,6.8,7.2,7.4,8.4,7.2
21025,11.5,12,9.8,12.1,13.8,11.5
21027,11,12.4,13.8,14.6,15.2,12.4
21029,7.5,7.9,8.5,9.3,9.7,8.6
21031,9.4,9.8,10.3,10.5,11,10.7
21033,7,7.6,10.4,10.4,11.1,10.6
21035,9.1,8.3,9,10,9.7,10.6
21037,5.9,6.9,7.4,8,8.5,8.2
21039,9.5,11.7,12.3,7.3,8.4,8
21041,11.6,14.4,13.7,15,16.2,15.2
21043,7.8,8.4,8.3,9.7,11.4,12.1
21045,6.4,6.8,6.9,8.3,9.1,10.8
21047,12.2,12,13,14.1,14.3,13.8
21049,7.7,8.3,8.7,8.4,9.6,9
21051,22.9,23,26.1,26.1,21.6,16.8
21053,9,9.8,8.2,10.4,11.5,10
21055,8.2,9.2,8.3,9.9,8.4,9
21057,7.5,6.7,11,12.2,14,11.9
21059,6.7,6.5,6.8,6.8,7.4,6.8
21061,9.3,9.5,11,10.2,12.3,9.9
21063,19,17.7,12.4,14.7,10,7.8
21065,10,11.6,13.5,14.3,16,12.9
21067,5.4,6.3,7.2,7.7,8.2,8
21069,8.1,8,9.2,9.1,9.7,9
21071,10.4,10,9.5,9.2,9.4,8.5
21073,6.5,8.1,8.5,9,10.3,11.1
21075,15.9,15.2,15.5,15.6,15.1,11.3
21077,12.4,10.9,11.5,10.6,11,9.5
21079,10.3,11.2,12.6,12.2,12.5,12.2
21081,7.4,9,9.9,10.8,12.2,10.1
21083,9.3,9.5,9.8,10.7,9.3,8.5
21085,9.4,9.9,12.6,11.8,12.6,10.8
21087,7.7,7.7,9.1,10.4,10.7,9.3
21089,7.4,8.7,9.1,10.3,10.8,12
21091,5.9,7,6.2,6.3,6.3,6.1
21093,6.2,6.9,8.3,8.8,9.3,9.1
21095,9,8.2,9.6,9.6,10,9.9
21097,6,7.8,9.7,10.2,11.5,8.5
21099,9.3,9.5,11.9,11.2,10.3,10.2
21101,5.8,7.7,9,9.5,10.1,9.3
21103,5.4,8.4,8.8,8.8,8.1,8.6
21105,13.7,16,11.9,11.1,13,12.8
21107,7.7,9.3,8.3,9,8.9,8.3
21109,13.2,13.7,13.5,12,9.6,10
21111,7.9,8.7,9.5,10,10.1,9.3
21113,7,7.1,7.8,7.7,9,9.1
21115,9.2,9,8.2,8.2,8.8,9.6
21117,6,6.6,7.3,8.1,8.9,8.4
21119,13.6,9.8,9,8.5,9.7,14.6
21121,11.8,13.7,15.9,18.1,18.6,16.3
21123,5.8,7.9,8.1,10.2,11.3,12.2
21125,8.6,8.8,11.4,11.6,12,12.9
21127,11.8,14.1,10.8,11.7,9.5,7.9
21129,13.5,8.8,9.9,10.3,11.1,11.1
21131,10.5,11,7,8.1,12.6,9.4
21133,8.6,8.7,10,10.4,12.3,12
21135,16.5,14.8,10.7,10.3,10.1,11.5
21137,7.1,9.2,10.6,10.6,12.3,12.7
21139,4.9,5.8,9.3,8.9,9.2,7.9
21141,8.3,9.4,9.5,9.9,9.7,8.8
21143,7.6,6.7,8.6,9.3,8.2,7.9
21145,7.2,7.6,8,7.5,8.2,7.2
21147,18.9,15.6,16.1,17.9,16.4,19.6
21149,6.2,6.2,7.1,8.5,8.8,7.4
21151,7.7,7.5,8.8,9.1,9.1,9.1
21153,10.9,9.5,10.8,15.9,16.5,11.2
21155,6.5,5.8,6.9,7.7,8.8,10
21157,6.8,6.5,6.3,7.5,8.8,7.9
21159,13.6,17.1,12.1,12.8,15.2,19.9
21161,9.2,9.2,9.6,7.9,7.6,6.9
21163,9.4,9.3,10.5,11.2,11.5,11.2
21165,4.9,6.8,11,15.2,13.7,16.6
21167,8.3,9.2,11,13.2,13.3,13.4
21169,5,5.3,6.6,7.5,9.1,8.8
21171,5.8,8.1,7.2,7.9,9.2,9.2
21173,4.7,7.2,8.8,11.3,13.2,13.2
21175,5.4,6.3,7.8,9.3,11.4,9.7
21177,8.5,8.3,8.1,7.8,8.5,9.5
21179,6.8,7.5,9.6,10.6,11.1,10.8
21181,5.5,4.9,5.3,6.8,6.7,6.3
21183,9.3,9,9.9,9.5,9.1,9
21185,4.5,5.7,6.1,6.4,6.2,5.1
21187,4.6,5.1,6,6.9,8.4,9.2
21189,5.7,14.5,17.8,15.5,14.4,15
21191,8.4,9.3,9,7.4,8.6,7.6
21193,9.8,10.3,8.6,11.6,12.5,13.6
21195,8.4,7.8,8.1,8.7,10.6,11
21197,9,8.5,10,12.9,11.5,10.6
21199,8.6,7.9,8.2,9.2,9,9.4
21201,13.6,18.2,20.5,16.9,14.4,13.2
21203,10.6,9.1,10.4,10.4,12,10.5
21205,5.7,6.2,6.3,7.5,7.5,5.7
21207,9.3,7.3,8.8,11.2,11.6,12.3
21209,6.4,7.3,8.6,9,8.9,7.7
21211,4.5,5.6,7.3,8.4,8,7.5
21213,7,9.5,8.7,8.9,9.5,8.6
21215,9.9,9.7,9.5,8.7,8.4,6.8
21217,10.2,10,10.2,11.7,11.9,11.2
21219,8,9.2,8.1,8.4,8.2,8
21221,8.2,7.7,8.9,8,8.8,7.5
21223,8.5,8.3,8.1,10.6,12.5,12.7
21225,7.2,8.6,9.5,8.3,8.8,8
21227,6.1,8,8.6,9.5,9.2,9.1
21229,8.5,9.9,10,10.3,8.1,7.9
21231,9.8,13.3,14.9,16.6,15.3,15.4
21233,6,8,5.8,6.1,6.3,7.6
21235,9.6,10,10.3,10.8,11.4,12.1
21237,4.8,6.7,8.3,9.8,6.7,9.4
21239,6,6,6.4,7.7,7.2,6.2
22001,7.1,6.7,8.3,8.6,9.2,9.4
22003,6.4,5.8,7,7.5,9,7.5
22005,4.7,5.3,6.2,6.2,6.1,6.3
22007,7.5,7.6,9.1,10.6,11.1,11.3
22009,8.7,9.4,9.6,10.1,10.2,10.2
22011,7.4,7.7,7.8,6.9,7,6.7
22013,8,7.5,7.5,9.9,12.4,10.9
22015,7.4,7.3,7.2,6.7,6.6,6.3
22017,9.2,9.3,8.8,8.6,8.2,7.7
22019,7.7,7.7,8,8.7,9.1,8.9
22021,7.8,8.4,7.6,7.1,8.5,10.3
22023,0.8,2,4.8,5.7,5.9,6
22025,12.2,12.3,13.3,11,12.1,9.1
22027,13.6,15.1,16.4,16.4,14.6,16
22029,14.4,17.5,19,17.2,18.6,16.5
22031,8.1,9.9,10.6,9.2,9.9,8.9
22033,7.4,7.4,7.7,7.7,8.2,8
22035,15.5,13.8,16.9,21.3,21.1,18.2
22037,10.9,12.6,9.8,9,6.7,6.5
22039,7.5,6.4,6.4,7.4,8.1,8.6
22041,14.2,12.9,12.4,13.2,12.3,9.5
22043,4.6,6.6,8.3,8.6,10,10.3
22045,7,7.8,7.8,8.5,9.9,10.3
22047,7.7,5.3,6.4,6.9,8,8.1
22049,7.5,8.1,7.2,6.6,7.2,8
22051,6.9,6.8,6.7,7.2,7.5,7.4
22053,6.8,7.5,9,8.8,10,10.4
22055,5.3,5.5,5.8,6.4,6.4,6.5
22057,3.9,4.3,4.7,5.6,5.9,6.8
22059,7.6,6.5,5.5,5.1,6.2,6.9
22061,13,12.3,10.9,11.1,12.1,12.3
22063,4.2,5.2,6,6.6,7.8,7.9
22065,16.9,13.6,16.6,19.6,21.5,19.2
22067,9.2,11.2,11.5,10.6,10.7,10.4
22069,10.4,10.4,9.3,9.4,10.1,11.2
22071,12.5,12,11.4,11.8,12,11.6
22073,7.7,7,7.5,8,8.1,7.9
22075,6.3,5.9,6.9,5.8,5.1,5.1
22077,6.6,6.3,6,7,6.7,6.1
22079,6.4,6.7,7.6,7.9,8.7,8.6
22081,10.6,10,8.9,12.3,13.3,11.6
22083,12.9,13.4,12.7,12.9,12.6,10.8
22085,6.8,7.9,11,11.3,11.1,10.6
22087,9.2,10.6,11.9,12.1,12.4,12.2
22089,6.7,6.7,7,7,8.6,8.2
22091,8.5,13.5,12.8,12.5,13.9,15.3
22093,6.6,6.3,9.9,10.6,10.5,11
22095,7.9,9,10,11.6,10.9,10.8
22097,7.5,6.6,6,6.4,6.7,6.2
22099,6.4,7.3,8,8.4,8.6,7.8
22101,6.5,6.8,8.7,11.3,11.8,11.7
22103,5.1,5.7,6.1,7,7.8,7.8
22105,8.7,10.6,10.6,11.1,12.8,12.5
22107,9.9,7.7,6.7,8.6,11.1,10.4
22109,5.3,5.8,5.9,6.5,6.9,7
22111,5.1,6,6.6,7.6,7.4,7.6
22113,4.2,5.2,5.9,7.7,8.6,8.2
22115,6.8,7.7,7.4,7.4,7.2,7.5
22117,11.5,13.5,15.6,15.9,15.8,16.1
22119,7.7,9.8,10.1,11.1,10.6,10.6
22121,7.5,7.7,7.5,7.7,6.2,6.1
22123,9.1,8.6,9.1,10.7,9.2,9.6
22125,6.8,6.9,6.8,8.2,8.9,12.6
22127,9.4,8.5,8.1,7.6,8.4,6.8
23001,8,7.9,8.8,8.9,9.4,8.9
23003,6.1,5.9,6.7,7.5,7.4,7.4
23005,4.8,5.2,5.5,5.9,6.2,5.8
23007,8.6,8.4,8.7,8.9,8.6,8.7
23009,6.3,6.3,7.4,8.1,8.2,7.9
23011,6.2,6.6,7.8,8.2,8.4,8.4
23013,4.6,5.2,4.9,5.3,5.1,5.7
23015,6.3,6,6.3,6,5.8,5
23017,8.5,9.8,10.8,10.9,10.3,10
23019,5.8,6.3,7.1,7.5,8.2,8
23021,6.5,6.3,7.1,8.4,9,10.3
23023,4.9,5.6,5.2,5.7,6.4,6.7
23025,8.8,8.4,8.9,9.1,9.2,9.6
23027,7.2,7.8,8.7,8.3,8.6,8.3
23029,9.6,10.4,10.9,10.9,11.2,10.7
23031,5.4,6.2,6.9,7,7.2,6.7
24001,8.5,8,8.2,9.1,9.9,10.2
24003,5.1,5.5,6,6.3,7,6.6
24005,5.5,6,6.8,7.3,7.6,7.4
24009,3.9,4.4,5.3,6,7,8.3
24011,5.3,6.4,7.6,8.9,10.3,9.2
24013,3.4,3.5,4.1,4.8,5.2,4.8
24015,6.5,6.9,7.7,8.3,9,8.8
24017,5,5.9,6.8,7,7.4,7.1
24019,9.1,10.8,12.1,12.2,13.2,10.7
24021,4.2,4.8,5.5,6.1,6.2,6.3
24023,5.3,5.5,5.6,6,7,6.9
24025,4.3,5.4,6.3,7.1,7.4,7.1
24027,3.8,4.1,4.6,4.9,5.2,5.1
24029,4,5.2,6.4,6.7,7.9,7.1
24031,4.8,5.2,5.7,6.2,6.3,6.5
24033,7.5,8.3,8.8,9.2,9.9,9.6
24035,4.5,5.2,6.7,7,7.1,6.4
24037,4.2,4.6,4.8,5.2,5.6,5.4
24039,7,7.8,7.9,7,8.5,9
24041,4.6,6.1,6.7,8.2,8.4,7.3
24043,6.1,6.6,7.5,8.1,8.7,9.1
24045,7.2,8.3,9.4,10.3,10.5,9.2
24047,5.6,7.1,7.9,8.8,10.4,11.5
24510,11.1,11.5,12.6,13.7,13.9,13.9
25001,5.7,6.2,7,7.5,8.2,7.9
25003,7.1,7.5,8.4,9.2,9.9,9.4
25005,7.9,8.8,9.7,10.4,11,10
25007,5,5.9,5,4.8,3.8,5.1
25009,6.1,6.8,7.7,8.3,8.7,8.5
25011,6.6,7,7.8,8,8.1,7.5
25013,9,9.6,10.1,10.4,10.9,11
25015,7.3,7.2,7.6,7.9,7.9,7.3
25017,5.6,6,6.6,6.8,7.3,6.8
25019,2.2,2.2,2.8,3.1,3.2,3.2
25021,5.5,6.2,6.9,7.4,7.8,7.6
25023,7.1,8.1,8.8,9.1,9.6,8.8
25025,8.5,9.2,10.1,10.3,10.6,10.1
25027,6.6,7.5,8.2,8.7,9.1,8.6
26001,14.8,15.2,15.5,14.6,14.5,13.2
26003,8.4,10.8,13.5,13.4,13.4,11.9
26005,7.5,8.2,8.3,8.7,9,7.7
26007,8.5,9.9,11.4,11,11.1,10.5
26009,10.8,12.4,13.6,13.6,13.5,12.1
26011,10.9,12.8,13.2,13.8,14.4,14.4
26013,11.7,10.7,8.9,10,10.2,7.9
26015,7.7,9.2,10.1,9.9,10.2,9.4
26017,9,9.5,10.2,11.1,11.3,10.5
26019,11.6,11.7,11.2,11.1,10.9,9.4
26021,9.9,10.4,11,11.5,12.1,10.6
26023,10.5,11.1,11.7,12.1,11.8,9.1
26025,10.3,11.5,12.7,13.3,13.2,11.6
26027,8.4,9.4,9.7,10.5,12,10.5
26029,8.7,9.5,9.5,10.1,10.9,9.6
26031,16.5,18.1,18.1,18.8,18.3,15.8
26033,11.1,11.9,14.1,14.2,13.6,13.1
26035,14.7,17.1,18.2,17,18.1,16.1
26037,6.1,6.9,7.9,7.6,7.8,7.2
26039,13.8,15,16.8,16.3,14.7,13.8
26041,6.9,9.1,10.6,10.5,11,11
26043,7,7.7,8,9.4,9.9,8.5
26045,8,8.2,9.3,10,10.3,9.3
26047,9.6,9.3,9.8,10,10.1,8.7
26049,11.7,14.3,15.3,16.1,16.3,15.5
26051,12.1,12.5,13.4,14.6,13.9,12.9
26053,9,9.7,9.4,10.2,10.8,10.8
26055,7.3,8.2,8.8,9,9,7.8
26057,10.2,11.6,11.3,12.1,12.2,10.5
26059,10,11.3,12.7,13.2,12.9,10.7
26061,6.5,8,8.7,9,9.2,9
26063,7.5,8.7,9.9,9.6,10.2,9.7
26065,8.2,8.9,9.6,10.1,10.8,10
26067,10.4,11.3,11.7,12.2,12,11.2
26069,11.8,14.4,14.9,16.2,16.4,14.2
26071,7.6,7.4,7.5,7.7,8.7,8.1
26073,12.5,13,13.8,14,13.5,12.1
26075,8.8,10.6,11.3,12,12.6,11.8
26077,10.3,10.9,11.5,11.6,11.8,10.3
26079,13.9,15.4,15.8,15.5,14.8,12.7
26081,8.6,9.3,9.8,10.1,10.1,8.9
26083,8.1,7.8,8.3,9.2,6.6,5.4
26085,13.7,15.4,14.8,15.9,15.6,14.4
26087,10.5,11.5,12.7,14.1,14.2,12.4
26089,7,8,8.4,8.2,8.6,8
26091,9.6,11.2,11.3,11.9,11.9,10.2
26093,7.9,8.7,9,9,8.7,7.5
26095,6.9,9.6,9.7,10.8,11.9,14.2
26097,11.9,13.5,14.4,14.4,14.2,12.7
26099,10.2,11.7,12.4,12.6,12.5,10.9
26101,11.2,11.6,13.2,13.6,13.2,12.3
26103,7.1,7.4,7.2,7.8,8.3,8.5
26105,9.7,10.1,10.6,11.4,11.5,11.4
26107,13,14.1,15.3,15.4,15.4,15.2
26109,8.6,10,11.5,12.1,12.5,10.1
26111,8.7,9,8.2,8.3,8.5,8.8
26113,10.9,11.9,13.3,14.6,13.6,11.4
26115,8.9,10.4,11.3,11.3,11.4,10
26117,13.7,15.1,14.7,14.4,14.3,13
26119,13.1,16.6,17.7,17.4,18.4,20.1
26121,13.6,15.4,15.8,15.8,15.6,14.1
26123,11.7,13.2,13.8,14.3,14.3,12.9
26125,8,9.1,9.9,10.2,10.2,9.1
26127,9.3,9.1,10.1,9.8,9.7,9.5
26129,12.2,13,14.6,16.1,16.1,13.4
26131,9.1,10.9,12.3,13.5,14.9,15.3
26133,10.8,11.5,11.8,12.5,13,11.1
26135,13.5,15.2,16.8,16.5,16,15
26137,8.9,11.1,12.4,11.5,11.7,10.8
26139,6.9,7.5,8.3,8.7,8.4,7.4
26141,11.7,12.7,13,13.8,14.6,14.4
26143,15.5,17.7,16.5,15.5,16.1,15.1
26145,11.5,12.6,13,13.1,13.4,12.1
26147,12,13.6,14,14.5,14.7,12.9
26149,12.3,13.6,14.5,15.2,14.1,10.7
26151,12.3,13.4,14.6,15.2,14.6,12.7
26153,10.2,9.7,12.9,13.9,17.1,15.9
26155,10.4,11.1,11.5,11.6,12.6,11.5
26157,11.4,13,14,14.2,13.6,11.7
26159,10.8,10.8,10.6,11,10.7,9.5
26161,7.3,8,8.8,8.9,9.1,8.4
26163,15.1,16.2,17.4,17.9,18.1,16.8
26165,11.1,12.2,13.7,15,14,11.5
27001,8.6,9.6,8.9,10.1,9.6,8.1
27003,5.9,6.7,7.4,7.4,7.8,7.2
27005,4.7,5.3,5.2,5.2,5.3,4.5
27007,9.6,8.9,10.1,10.5,11.8,11
27009,7.3,8.1,8.7,9.3,9.8,8.1
27011,2.2,2.3,3.3,3.4,3.2,3.2
27013,5.6,6,6.5,6.5,6.6,5.7
27015,4.2,5.5,5,5,4.5,4.2
27017,6.7,7.1,7.5,7.2,7.8,6.7
27019,4,4.7,5,5.3,5.7,4.8
27021,8.3,8.6,9.2,9.4,9.7,8.5
27023,4.9,5.7,5.9,4.9,4.4,3.6
27025,6.6,6.8,6.8,7.3,6.6,6
27027,4.3,4.9,5.9,5.5,5.4,4.9
27029,10.2,11.3,10.3,11.1,10,9.3
27031,5.1,4.7,6.4,4.2,4.5,4.5
27033,4.1,4.2,4.5,4.4,4.6,4.8
27035,6.1,7.2,8.3,8.8,8.4,7.7
27037,5.3,5.9,6.3,6.4,6.7,5.9
27039,3.3,3.7,3.7,3.8,4,3.8
27041,5.2,5.3,5.6,5.6,6.1,5.2
27043,6,4.8,5.4,5.6,5.7,4.8
27045,5.1,5.2,5.8,6.1,6.1,4.8
27047,4.7,4.2,5,5.1,5.4,5.2
27049,5.5,5.4,6.1,6.1,6.3,6
27051,4.7,5.2,6.5,4.7,5.1,5.1
27053,6.2,6.9,7.5,7.6,7.7,7
27055,5.1,5.2,5.3,5.3,5.8,5.6
27057,6.5,6,6.1,6.1,5.7,5.2
27059,7.3,8.2,8.9,9.2,9,7.7
27061,7.1,8.8,10.1,10,9.9,8
27063,3.6,3.3,3.2,4,4.3,4.1
27065,8.7,9.8,11,12.6,12.3,11.3
27067,4.2,5.5,6.2,6.2,6.9,6.2
27069,3.4,2.8,2.9,3.1,2.8,2.8
27071,5.9,6.7,7.3,8,7.3,7.4
27073,4.6,3.9,3.6,4.5,4.6,4.2
27075,3.5,3.6,6,6.7,5.7,5.5
27077,8,5.1,4.4,3.9,3.8,3.8
27079,6.4,6.7,7.4,6.6,6.3,5.9
27081,3.7,3.6,4.2,3.2,3.3,2.6
27083,3.9,3.9,3.9,4.8,4.8,4.4
27085,3.9,4.8,5.6,5.9,6.1,5
27087,12.3,13.7,13.4,12.4,9.6,10.2
27089,4.7,5.1,5.5,5.6,5.9,4.9
27091,2.2,3.4,3.7,4.3,4.2,4.4
27093,6.4,7.5,7.3,7.7,7.1,5.9
27095,9.4,9.3,10.2,9.4,9.1,8.5
27097,6.4,7.6,8.3,8.2,8.8,7.4
27099,3.9,4.1,4.7,5.9,6.3,6.5
27101,3.5,3.4,3.6,3.8,4.8,4.3
27103,4.4,4.2,5.5,4.8,5,4.1
27105,4.3,4.7,4.6,5.8,6.6,6.8
27107,3.7,4.1,5.1,5.2,5.7,5
27109,3.6,4.1,4.2,4.3,4.3,4.4
27111,5.5,5.5,6,6.1,6.1,5.2
27113,6.1,6.5,5.5,5.2,5,3.8
27115,8.8,9,9.5,9.5,10.1,8.5
27117,3.7,4.3,5.1,4.7,5.7,4.6
27119,6.3,6.1,6,6.5,6.6,5
27121,5,5.5,5.5,5.6,5.1,4.6
27123,7.2,7.8,8.1,8.6,8.5,7.9
27125,6.2,6.1,5.1,5.8,5.5,5
27127,5.4,5.8,4.7,4.8,4.9,5
27129,5.3,5.1,6.1,6.4,6.5,6
27131,4.9,5.7,6.5,6.5,7,6.3
27133,2.4,2.2,3,3.7,3,4
27135,4.4,4.6,4.2,3.8,3.6,3.4
27137,7.6,8,8.3,8.7,8.5,7.9
27139,4.8,5.5,5.9,6.3,6.1,5.4
27141,5.7,6.9,7.2,7,7.1,6.2
27143,4,5.2,6.5,6.7,7.3,6.4
27145,5.3,6.4,6.7,6.7,6.5,6.3
27147,4.5,5,5.9,6.6,6.9,6.5
27149,5.2,6.4,7.1,6.8,6.1,4.4
27151,3.6,3.1,3.3,3.8,4.4,4.2
27153,5.7,6.4,7.4,7,7.3,6.3
27155,3,2.7,2,1.8,2.7,2.7
27157,3.7,4.8,4.6,4.9,5.8,4.9
27159,4.3,5.1,6.3,5.5,5.9,5.3
27161,4.6,5.4,5.1,6.1,5.9,5.4
27163,5.1,5.3,5.7,5.9,6.1,5.5
27165,7.1,6.3,5.7,6.2,5.9,4.2
27167,5.4,6.7,5.2,4.4,4.2,3.1
27169,6.2,6.5,7.2,7.6,8.2,8.2
27171,5.3,5.6,6.3,6.9,6.8,5.6
27173,3.6,4.9,4.2,4.3,4.1,3.5
28001,11.6,12.9,11.9,10.4,11.4,10.9
28003,8.1,9.2,10.1,11.2,10.3,10.7
28005,10,11.4,11.2,11.3,12.9,14.5
28007,12.2,12.3,13.9,15.6,14.5,13.9
28009,12.7,14,17.5,19.4,20.2,16.2
28011,16.8,17,16.3,16.3,17.6,16.7
28013,8.2,9.5,9.7,10.2,10.4,10.4
28015,13.6,12.8,13.5,15.1,12.5,12.8
28017,12.3,11.6,12.8,11.8,12.6,12.6
28019,12.7,10.5,12.6,16.1,16.7,15.3
28021,10.5,10.9,7.5,11.3,13.2,17.7
28023,11.7,11.7,12.1,12.8,13,12.4
28025,14.6,16.4,18.1,19.4,20,17.5
28027,15.3,16,15.7,17.5,19.4,19.4
28029,8,9.6,10.7,12.2,14.1,15.4
28031,8,6.7,7.2,12,13.3,12.6
28033,6.7,7.6,7.5,8.3,8.5,8.2
28035,8.8,10,10.3,11.4,12.5,13.5
28037,9.9,13.9,12.4,12.1,12.1,11.8
28039,10.6,11.9,12,12,12.4,10.1
28041,7.1,7.5,9.5,12.7,14.6,13.7
28043,13.5,11.1,9.4,11,11.6,11.1
28045,7.5,9.6,11.1,10.6,10.8,11.1
28047,8.9,8.2,8.5,9.2,9.7,9.7
28049,8.6,9.2,9.8,10.7,11.3,10.8
28051,19.2,19.7,20.1,18.5,19.4,20
28053,18.1,20.2,19.7,21.3,25.4,29
28055,14.1,21.3,21.8,26.8,27.6,16.7
28057,6.6,8.4,8.9,8.4,9,10
28059,9.1,9.7,9.3,9.8,10.7,10.3
28061,9,7.3,8.7,7.8,7.3,6.4
28063,11.9,12.3,13.7,16.2,14.6,17.3
28065,11.2,15.3,13.1,13.4,13.6,14.3
28067,5.6,6.1,6.2,6.7,7.4,7.8
28069,10.5,11,9.7,12.7,15.1,11.7
28071,6.9,7.7,8.5,9.6,9.6,9.8
28073,4.6,5.3,5.8,6.4,6.4,7.2
28075,9.3,10.1,11.2,10.7,11.2,10.8
28077,11.2,10.7,10,10.1,9.3,10.4
28079,7,8.9,9.9,11.5,11,12.4
28081,7,5.9,6.5,7.2,7.5,7
28083,18,19.5,19.1,18.1,17.7,17.4
28085,8.4,7.7,8.1,7.6,7.6,6.8
28087,10.2,12.8,13.2,12.9,14.6,14.3
28089,6.4,5.9,6.3,6.5,6,5.3
28091,8.1,7.6,10.3,10.5,10.7,11.2
28093,11.6,11,12.6,13.9,14,10.9
28095,8.8,9.5,10.7,10.5,11.8,12.3
28097,11.3,11.2,9.9,11.4,10.4,9.6
28099,9.1,10.3,11.4,11.5,12.6,11.2
28101,6.7,6.2,7.3,8.7,8.5,9.4
28103,22.4,22.2,21,20.4,20.5,18.7
28105,10.1,10.9,12.7,13.7,13.8,14
28107,11.7,12.1,12.8,12.7,12,12.9
28109,8.4,7.5,9.3,10.6,11.3,11.9
28111,8.8,7.4,7.8,9.5,12,13.1
28113,9,9.4,8.5,8.2,10.2,10.5
28115,7,7.4,7.4,7.5,7.2,7.6
28117,7.3,9.4,9.2,12.6,14,11.1
28119,14.7,16.2,16.4,16.9,15.5,19
28121,4.9,4.8,5.4,5.9,6,5.9
28123,5.9,6.2,7.1,8.2,10.5,12.9
28125,20.2,21.9,17.3,22.1,21.8,22.4
28127,9.2,9.5,10.8,11.4,12.5,10.9
28129,7.1,5.2,6.9,7.3,7,4.8
28131,8.5,9.3,10.9,13.3,13,13.3
28133,15.1,16.4,19.9,21,21.7,21.5
28135,13.6,18.1,16.8,19.5,16.5,13
28137,6.5,7.6,8.5,9.8,11.8,10.5
28139,13,12.9,12.9,14.1,14.5,12.9
28141,9.1,11.3,10.9,10.4,11,12.5
28143,13.2,13.2,13.5,10.9,10.2,11.8
28145,7.6,7.3,8.5,8.8,10.5,10.5
28147,6.3,6.9,8.7,9.7,10.6,10.3
28149,7.8,8.6,8.5,8.3,8,9.6
28151,19.9,20.2,20.5,20.9,21.4,22.5
28153,7.1,8.3,9.5,11.1,10.5,11
28155,10.1,11,9.8,12,14.7,13.8
28157,17.4,17.2,16.3,14.4,14.8,11.9
28159,9.4,12.8,13.3,14.8,15.5,15.6
28161,15.8,13.4,10.7,9.4,8.9,5.5
28163,14.8,18.4,20,19.8,20.4,20.9
29001,5.9,5.8,7.3,7.1,6.7,6.4
29003,5.7,6.6,7.2,5.9,7,7.2
29005,4.6,4.7,4.8,5.5,5.8,4.9
29007,4.6,4.3,6.8,7.7,7.8,8.6
29009,7.3,8.7,8.9,11.2,13.5,12.1
29011,5.7,5.7,7,7.3,7,6.9
29013,5.5,7.1,8.4,7.8,9.2,8.9
29015,6.8,6.6,6.5,7.7,8.2,8.4
29017,6.6,7.3,7.2,6.3,6.2,5
29019,5.9,6,6,6.4,6.1,5.6
29021,7.4,7.3,7.3,8,8.4,8.6
29023,6.4,6.4,8.1,8,9.6,8.7
29025,4.8,5.7,6.6,6.4,7.3,6.4
29027,5.9,6.1,5.5,6.1,7,6.6
29029,5.8,5.4,7,8.3,8.6,8.9
29031,6,6.3,6.7,7.2,7.4,7.3
29033,4.4,5.8,6.4,6.9,7.2,8.7
29035,9.6,9.1,8.7,12.8,9.9,10.5
29037,5.4,5.4,6.1,6.5,7.5,7.5
29039,9.5,8.2,9.7,8.6,10.2,10.6
29041,4.3,4.9,4.6,4.9,4.9,4
29043,4.9,5.9,6.4,7,7.6,6.9
29045,8.1,6.1,6.2,5.1,6.4,4.6
29047,4.7,4.9,5.9,6.4,6.8,6.7
29049,6.2,6.8,8.7,8.8,8.1,7.6
29051,4.1,4,4.8,5.1,5,4.9
29053,7.3,7.4,9,8.2,8.7,7.3
29055,11.4,11.5,11.5,10.7,11.9,11.3
29057,8,9.3,9.7,8.7,7.5,7.1
29059,9.1,8.8,12.3,13.4,14.6,14.4
29061,4.7,4,4.7,6.4,6.1,6.1
29063,5.4,5.1,5.1,6.8,7.4,6.6
29065,10.6,9.7,9.9,10.3,9.7,9.6
29067,8.2,8.2,9,10.4,10,9.6
29069,8,9.1,9.7,10.3,9.5,9.8
29071,6.6,7.3,8,8.5,9.3,8.6
29073,7.7,9,9.5,9.6,9,7.6
29075,5.4,6.4,6.7,7.2,7.9,7.4
29077,5.8,6.8,7.6,8,8.5,7.7
29079,7.3,8.2,6.8,6,6.1,5.4
29081,6,6.8,8.9,8.4,7.1,6.7
29083,8.4,8.8,8.3,8.4,8.5,8
29085,8.7,9.4,11.6,14.2,15.7,13.1
29087,3.4,3.4,4.4,4.7,5.1,5.4
29089,5.5,6.4,7.1,6.7,7.5,7.3
29091,5.9,5.9,6.8,8.1,8.7,8.2
29093,8.6,10.1,11.8,13.7,13.2,12.2
29095,8.5,8.8,9.2,9.7,9.4,8.8
29097,8,8.8,8.2,8.7,8.3,7.6
29099,6.4,7.5,8.2,8.8,9.8,9.2
29101,7.8,7.6,8,7.9,8.9,8.6
29103,4.6,4.3,7,7.6,7.5,6.7
29105,6.4,7,8.5,9.3,10.3,9.5
29107,4.4,4.1,4.7,6,7.3,8
29109,6.5,7.9,8.3,8.9,8.7,8.8
29111,5.6,5.9,7.5,7.8,7.2,6.9
29113,10.2,10.4,11.1,12.4,12.2,12.3
29115,7.4,7,7.3,6.7,6.4,5.7
29117,3,2.8,4,5.8,6.3,5.5
29119,7.2,7.8,8.9,8.5,9.9,8.9
29121,5.9,5.1,5.9,6.1,7.5,8.4
29123,9.3,7.9,11.4,13.2,14.9,12.9
29125,8.5,8.9,10.1,10.1,9.9,10.6
29127,6.3,6.3,7.1,6.2,7.2,6.9
29129,6.1,8.6,9.3,8.9,9.8,8
29131,7.1,7.7,8.1,8.3,10.1,10
29133,9.2,12.3,13.4,12,13.3,13.9
29135,3.1,3.6,5.5,5.8,6.8,7.2
29137,5.1,5.3,6.8,7.1,6.2,6.3
29139,6.5,8.6,10.1,10.9,11.7,10.9
29141,9.2,11.5,12.3,13.9,17.2,13.9
29143,7.8,8.1,7.1,8.3,8.6,9.7
29145,6.5,7.3,7.2,7.1,7.2,6.9
29147,5.4,5.3,6.1,6.2,6.5,7.1
29149,7.4,9.2,11.4,11.9,11.1,9.1
29151,2.4,2.8,3.3,3.5,3.5,3.2
29153,4,4.7,8,8.9,11.1,12.4
29155,10.5,11.5,9.1,8.8,10.4,10.7
29157,5.2,4.2,4.7,5.2,4.7,4.1
29159,7.3,7.1,6.6,6.9,6.8,6.3
29161,7.4,7.9,8,7.9,7.7,8.1
29163,6.7,8,8.6,8.9,7.6,7.3
29165,4.6,5.1,6,6.1,6.2,6
29167,9.4,9.6,9.6,11.2,10.8,10.3
29169,8.2,8.9,11.3,11.5,11.1,13.9
29171,3.9,3.7,3.2,2.7,3,3.4
29173,4.1,3.8,3.5,5.5,5.4,5.7
29175,5.2,6,7.3,8.8,8.8,8.7
29177,6,5.7,7.1,8.5,8.4,9
29179,8.8,10.3,12.7,14.8,13.9,13.5
29181,10,12.3,14,13.5,12.7,12.6
29183,4.5,5.6,6,6.6,6.8,6.2
29185,4.6,5.5,7.4,7.2,9.2,10.5
29186,4.8,5.7,6.5,5.8,6.3,6.4
29187,9.6,10.4,10.7,9.9,10.3,9.6
29189,6.3,7.1,7.8,8.4,8.6,8.2
29195,5.3,5.7,6.4,7,7.3,6.3
29197,5.4,6.6,8.8,9.6,8.8,8.5
29199,4.2,4.1,4.3,2.6,4.2,3.5
29201,8,8,7.7,7.4,8.1,7.4
29203,10.3,11.5,11.3,11.3,11.2,10
29205,3.8,3.9,4.6,5.4,6.7,7.1
29207,8.9,9.5,9.7,9.1,10.4,9.5
29209,10.2,10.6,10.6,12.2,12.9,10.7
29211,7,8,7.1,6.7,7,6.1
29213,5.9,7.5,8.7,9.8,11.7,11.6
29215,7.7,7.3,6.8,7.7,7.4,8.1
29217,7.5,7.2,6.5,6.5,6.3,5.5
29219,7.9,8.6,9.7,10.8,10.6,10.4
29221,13.3,13.7,14.3,13.7,14,14.9
29223,9.2,7.9,10,10.6,11,9.7
29225,7.3,6.4,7.5,8.6,8.4,8
29227,3.9,4.9,5.8,6.5,5,5.3
29229,8.7,10.3,11,11.6,10.8,9.7
29510,12.3,12.7,13.8,14.2,14.3,14.1
30001,5.7,4.7,3.8,4.8,6.3,6.3
30003,16.6,17.3,18.9,19.8,20.9,20.6
30005,7.1,7.9,6.8,7.1,9.7,11
30007,5.2,6.1,4.9,3.7,4.8,4.5
30009,3.2,3.8,4.4,3.4,4.4,3.9
30011,0.3,0.4,0.6,0.6,1.1,1.2
30013,5.9,5.7,6,6.1,6.2,5.5
30015,3.5,3.6,4.3,3.9,4.2,4
30017,2.5,3.1,4.5,4.1,4.2,3.6
30019,1.9,2.8,4.3,3.7,2.8,3
30021,2.3,2.5,3.1,4,2.5,2.2
30023,5.2,7.5,10.1,11.3,9.4,7.4
30025,3.2,3.1,3.9,4,3.4,3.4
30027,2.7,3.8,4.7,4.8,4.9,3.4
30029,5.7,6.1,7.1,8.7,8.6,8.3
30031,4.2,4.7,5.8,6.4,6.7,6.4
30033,1.9,1.6,2.3,0.2,0.2,0.2
30035,13.4,14.5,15.4,16,17.7,16
30037,5.6,3.6,5.5,6.2,4,3.7
30039,5.7,5.2,4.6,5.3,6.6,8.8
30041,4.7,5.4,5.3,5.2,5.1,4.4
30043,5.1,4.4,5,5.8,6.9,6.3
30045,2,3.4,3.7,5.2,5.1,4.3
30047,11.6,10.9,11.7,12.9,14.9,11.1
30049,4.8,5.1,5.9,6.1,5.5,5.6
30051,0.2,0,0.2,3.9,4.3,4.8
30053,9.3,9.2,11.5,12.5,12.8,13.2
30055,2.6,3,2.8,1.5,1.8,1.1
30057,6.6,5,7.1,6,7,5.1
30059,4.4,4.9,4.9,3.7,3.4,4
30061,6.8,7.1,8.4,10.1,14.5,15.1
30063,5.3,6,7.5,8.4,9.6,9.1
30065,4.4,2.8,4.3,4.9,5.5,4.3
30067,5.5,6.1,6.3,6.1,7,7.3
30069,2.6,2.1,2.7,2.2,2.2,5.9
30071,10.8,4.5,4.8,3,6.2,4.7
30073,8.1,5.7,4.6,7.1,7,7.1
30075,2.7,3.3,3.7,4.3,5.1,5.4
30077,4.2,5.6,4.4,3.7,3.7,2.8
30079,0,1.1,1.8,8.2,7.6,7.8
30081,7.2,6.5,7.3,8.5,9.3,9.3
30083,4.6,4.2,4.9,4.8,3.4,2.9
30085,14.5,8.5,7.2,3.3,4,3.8
30087,9.3,9.5,10.1,9.3,9.7,10
30089,10.4,9.7,10.5,11.1,9.2,10.4
30091,2.5,2,2.9,3,2.7,3
30093,4.7,5.6,5.2,6.5,7,7.2
30095,4,3.9,4.1,4.3,3.9,4.2
30097,2.8,4.4,6.4,4.5,4.5,3.1
30099,2.5,2.3,2.4,5.6,6.1,5.7
30101,3.6,1.7,2.5,2.8,3.2,2.4
30103,2.3,3,3.1,2.3,3,0.9
30105,3.6,2.9,2.6,3.2,3.8,4.1
30107,1,1.4,4.7,3.6,4.5,4.5
30109,5.1,6.3,5.4,0.4,0.7,2.2
30111,4.2,4.3,4.7,4.9,5.3,4.5
31001,5.3,5.5,5.3,5.4,6.2,6.7
31003,3,3,3,2.8,2.1,1.9
31005,0.9,0,0,2.4,4,2.4
31007,2.4,1.8,1.8,3.6,6.3,6.7
31009,2,1.9,1,1,2.7,0.3
31011,2.1,2.7,3.2,3.6,1.9,2.8
31013,4.6,4.7,4.8,4.5,4,4.6
31015,1.6,1.4,1.8,1.4,1.9,1.2
31017,2,2.9,2.6,1.9,0.9,0.8
31019,4.6,4.3,4.3,3.9,4,4.1
31021,5.4,5.8,4.2,3.9,3.2,2.4
31023,2.9,2.7,2.6,3.1,3.9,4.1
31025,4.8,5,5.4,5.6,5.7,4.4
31027,2.4,2.9,2.7,2.6,2.9,2.5
31029,5.1,4.1,3.5,4.1,2,1
31031,1,1.7,1.6,1.1,1.8,4
31033,3.4,3.5,3.8,3.8,2.4,2.6
31035,4.3,4.6,4.6,4.2,4.2,3.7
31037,4.3,6.4,7.5,7.9,7.7,7.6
31039,3.7,2.8,2.2,2.5,2.5,2.7
31041,3.7,3.2,4.1,3.2,2.6,2.1
31043,5.8,5.1,4.9,5.2,6.9,7.2
31045,5.2,4.4,5.6,5.6,4.3,3.1
31047,4.5,4.8,5.2,5.8,6.4,5.8
31049,2.8,1.6,2.9,4.3,3.3,3
31051,4.7,4.5,4.9,5.1,5.8,5.2
31053,6.9,7.6,6.6,6.4,6.7,6.8
31055,6.3,6.2,6.7,6.8,6.7,6.5
31057,2,3.1,1.9,3,4.1,4.2
31059,1.7,2.1,2.2,1.8,2.6,2.3
31061,2.4,3.7,3.8,3.9,5,3.9
31063,2.8,4.2,5.2,3.8,3.3,3
31065,1.5,2.5,2.9,4.7,4.5,4.3
31067,5.4,6.4,6.7,6.2,5.3,4.3
31069,3.5,4.8,3.9,6,4.7,3.7
31071,1.3,1,1.7,3.2,4.4,4.9
31073,1.6,2.9,2.1,3,4.5,6.8
31075,3.7,2.7,2.1,2.7,3,3.6
31077,1.5,2.1,2.9,1.6,1.8,2.8
31079,4.4,4.6,5.4,5.2,6.5,6.4
31081,5.2,5,3.5,3.3,3,2.8
31083,2.3,2,1.9,2.2,2.2,2.9
31085,1.9,1.8,1.5,2.6,1.9,2
31087,2,3.9,4.6,3.5,3.8,4.1
31089,1.4,1.9,1.5,1.2,1.2,1.4
31091,3.4,1.9,1.8,2.9,3.4,2.8
31093,3,4.5,5,4.9,5.2,5.1
31095,4.7,6.7,5.5,7,7,6.2
31097,4.9,5.8,6.1,8.2,8.1,3.9
31099,4.2,1.9,2.1,2.9,4,4.8
31101,2.7,3.6,3.1,3.5,3.9,3.5
31103,0,0,0,0,0.2,0.2
31105,1.9,3.2,4.6,5.3,5.5,6.1
31107,3.5,3.7,3.4,3.5,4,4.3
31109,4.9,5.3,5.9,6.1,6.4,6
31111,5.5,5.4,5.6,5.8,5.6,4.7
31113,0.4,2.8,0,0,1,1.4
31115,1.5,1.3,0,0,0,0
31117,0,0.4,1.2,2.9,2.2,1.5
31119,3.4,3.9,4,4.2,4.6,3.7
31121,4.4,6.1,5.3,6.4,6.1,5.1
31123,4,5,5.6,6.6,6.4,5.1
31125,6.2,5.3,5.6,5.8,5.1,3.5
31127,3,5.9,6.5,7.6,7.9,8.8
31129,4.6,4,4.2,3.3,3.5,3.2
31131,4.5,4.5,4.5,5.1,5.2,5.2
31133,2.7,3.1,4.5,4.9,5.6,6.3
31135,2.1,2.1,2.3,2.8,1.7,1.6
31137,3.1,2.5,3.1,2.4,2.1,1.4
31139,2.5,2.4,3.7,3.9,4.8,4.7
31141,3.8,4.6,4.7,5.3,5.3,5
31143,3.5,4.6,4,3.5,3.2,2.9
31145,4.5,5.9,4.9,4.3,5.2,5.7
31147,4.3,6,6.9,7,7.4,5.7
31149,0.7,0.3,0.6,1.2,2,2.2
31151,3.5,4.8,6.3,7,6.3,5.3
31153,4.5,4.8,4.9,5.2,5.5,5.1
31155,3.1,3.2,3,3.2,3.5,3.6
31157,4.1,4.4,6,6.5,6.3,5.9
31159,4.1,4,3.4,3.8,4.5,4.3
31161,5.9,5,4.8,4.3,3.3,2.2
31163,2.4,2.6,3.3,3.5,3,3.5
31165,3,1.6,3,3.7,1.4,1.6
31167,6.3,5.5,4.5,3.6,3.7,2.6
31169,1.2,1.1,1.7,1.9,1.6,1.4
31171,0.5,0.7,0.7,1.7,1.8,0.5
31173,11.3,14.6,13.7,14.9,14.2,15.3
31175,2.8,1.1,1.3,1.1,0.9,1.2
31177,3.2,3.4,3.5,2.6,2.4,1.8
31179,4.7,5.8,7,6.6,6.5,4.5
31181,2,2,3.7,4.6,5.1,4.7
31183,0,0,1.5,2.4,2.3,3.1
31185,1.3,1.3,1.5,1.9,2.4,2.4
32001,6.9,9.4,9.6,11.1,12,12.9
32003,7.3,9,10.5,12,12.7,12.1
32005,6.5,7.8,10.5,11.1,10.8,9.5
32007,4.6,4.6,4.8,5.1,5.7,5.3
32009,0,2.5,6.8,13.2,14.3,15.6
32011,4.5,3.7,4.3,7.5,5.4,4
32013,5.8,9,10.2,10.4,9.1,10
32015,6.4,7.4,10.7,10.6,11.2,12.4
32017,3.8,6.2,8.6,11.2,12.2,14.6
32019,13,13.4,16.7,18,17.7,15.6
32021,3.9,5.6,9.1,12.9,15.9,16.2
32023,12.6,15.1,15.6,16.2,17.3,15.3
32027,6.4,6.8,11.1,11.1,12.4,11.5
32029,13.2,15.2,18.3,19.6,15.2,13
32031,6.1,8,9.3,10.6,11.1,10.6
32033,4.2,6.5,8.4,10,9.9,10.6
32510,9.9,12.9,15.7,16.8,17.5,14.5
33001,4.3,5.3,5.7,6,5.7,6
33003,5.4,5.8,5.8,5.8,6.5,6.3
33005,6.1,7.9,8.8,8.9,8.8,7.9
33007,5.8,7.3,7.6,7.7,8.5,7.4
33009,4,4.2,4.8,5.5,5.9,5.3
33011,5.3,6.1,6.6,6.8,7.4,6.7
33013,5.1,5.3,5.8,6.3,6.3,6
33015,5.6,5.9,5.9,6.2,6.7,6.2
33017,5.8,6.2,6.4,7.1,7.1,6.8
33019,4.3,4.4,5.6,5.7,6.4,6.7
34001,7.9,8.9,10.7,11.9,13.1,12.8
34003,5.3,5.8,6.4,7,7.6,7.3
34005,6.6,7.3,8,8.8,9,8.8
34007,8.2,9.2,10.4,11.4,12,11.4
34009,7.7,8.3,9,9.9,10.4,10.2
34011,11,12.1,12.7,13.3,14.8,13.3
34013,9.5,10.4,11.3,12.7,13.9,13.7
34015,7.1,8.2,9.5,9.9,10.7,9.9
34017,8,9.1,9.8,10.5,10.9,10.3
34019,5.1,6.1,6.9,7.7,7.9,7
34021,7.5,8.4,9,10.2,10.6,10.4
34023,6.1,7.1,7.9,8.4,9,8.4
34025,6.1,6.8,7.7,8.3,9,8.5
34027,4.8,5.4,6.4,7,7.3,7
34029,7.2,8.2,9.2,10.1,10.6,10
34031,6.6,7.6,9.1,10,10.4,9.8
34033,8.4,10.2,11,11.8,12.8,12.4
34035,5.2,5.7,6.4,6.9,7.2,6.5
34037,5.9,7.1,8.4,9.2,9.2,9.4
34039,7,8.4,9.6,10.4,11,10.7
34041,5.7,6.7,7.5,8.3,9.3,9.5
35001,5.9,6.4,7.3,8,8.5,8.7
35003,4.4,7.4,7.9,11.5,11.9,13.3
35005,6.8,6.2,5.9,6.5,7.1,7.4
35006,18.2,17.6,18.8,19.4,17.3,15.8
35007,6.9,7.5,7.6,7.9,6.9,7.5
35009,5.6,5.3,5.9,7.6,7.8,8.8
35011,1,2.9,2.5,4.3,6.5,8
35013,8.3,8.6,10.7,11.5,12.4,12.2
35015,6.4,7.3,7.4,7.6,8.4,7.2
35017,7.6,7.9,8.4,8.6,10.5,9.3
35019,7.4,3.7,5.5,5.7,4.6,2.5
35021,10,6.9,8.4,11.4,12.9,13.9
35023,10.1,10.2,12.8,12.2,13.6,12.8
35025,6.2,7.8,7.6,8.3,8.4,6.3
35027,3.9,5,5,8.8,8.6,8.4
35028,2.7,2.4,4.1,4.1,4,3.7
35029,11.1,13.7,13.2,13.6,14.4,14.6
35031,8.7,8.9,10.2,11.8,11.9,13.9
35033,3.2,2.6,2.9,6.8,10.1,3.8
35035,7.9,8.8,10.4,11.4,13.1,13.3
35037,7.8,7.9,4.7,5.9,4.7,3.8
35039,9.3,10.6,12.3,13.4,14.3,13.4
35041,10.7,10,8.9,9.9,10.2,9.5
35043,6.4,6.7,7.5,8.1,9,9.2
35045,4.4,4.6,5.5,7.1,8.1,9
35047,10.4,8.5,10.3,9.3,9,5.7
35049,6.3,6.7,7.9,9.1,9.9,9
35051,4.1,4.3,5.4,6.8,10.2,6.4
35053,6,5.9,6.2,7.1,7.5,7.6
35055,8.9,12.2,12.3,14,15.1,13.9
35057,8,11.1,14.4,16.8,15.8,14.8
35059,6.1,5.6,4.5,5.1,5.2,4.1
35061,7.7,8.4,9.8,11.3,12.1,12.9
36001,5.9,6,6.5,7,7.3,6.8
36003,8.9,8.4,8.6,8.8,9.5,9.7
36005,11.1,12.1,13,14.2,15.2,15
36007,6.1,6.8,7.6,8.4,8.9,8.6
36009,7.5,8.4,8.8,8.8,9.1,8.9
36011,6.3,6.5,7,8.2,8.3,8.3
36013,7.6,8.1,8.1,8.2,8.8,8.5
36015,8.2,7.9,6.9,7.2,7.3,6.1
36017,6.9,8.1,8.7,8.6,9.2,8.6
36019,7.2,8.1,7.9,7.9,8.1,7.3
36021,6.1,6.6,7.6,8.4,8.9,7.9
36023,6.3,7.2,7.6,7.7,7.6,7
36025,7,7.7,8.7,9.3,10.2,10.1
36027,6,6.9,8.1,9,9.4,9.3
36029,7.1,7.6,8,8.2,8.6,7.9
36031,6.1,7.2,7.2,8.2,8.2,8.6
36033,6.7,7.3,8.1,9.3,9.8,8.8
36035,9.3,9.4,9.3,9.9,10.3,10
36037,6.5,6.7,7.5,7.4,7.6,7.6
36039,6.4,6.9,8.5,8.1,10.3,10
36041,3.3,2.3,2.8,4.9,6.5,7.4
36043,6.7,6.6,7.3,8.8,9.4,9.3
36045,8.4,9,9.9,10.6,11.6,11.3
36047,8.1,8.4,9.5,10.3,10.9,10.6
36049,6.2,6.4,6.6,6.9,8.1,9.2
36051,5.2,5.3,5.4,5.7,6.2,6
36053,6.5,6.3,5.9,6,5.8,5.3
36055,6.8,7.3,7.5,7.9,8.4,8.1
36057,7.9,10,10.6,11.2,10.5,10.4
36059,5,5.8,6.4,6.9,7.4,7.1
36061,7.6,7.9,8.4,8.6,8.8,8.2
36063,7.6,7.6,7.9,8.5,8.7,8.1
36065,6.2,6.8,7.2,7.7,7.8,8
36067,6.1,6.4,6.7,7.2,7.9,7.8
36069,5.6,5.9,6.1,6.5,7.3,6.6
36071,6.2,6.3,7.1,7.9,8.3,8
36073,8.8,8.9,9.9,9.9,11.4,10.5
36075,9.2,10.1,10.1,10,10.7,10.3
36077,7.9,8.1,7.9,8.2,7.8,7.7
36079,4.9,5.7,6.3,7.5,7.6,7.8
36081,7.8,8.5,9,9.6,9.9,9.5
36083,6.5,7.3,7.6,7.9,8.5,8.4
36085,5.9,6.2,6.8,7.4,7.9,7.6
36087,5,5.4,6.5,7.5,8.3,8.1
36089,7.9,8.7,9.8,10.6,11.2,10.8
36091,4.4,4.8,5.3,6.2,6.5,6.3
36093,6.2,6.4,6.7,7.2,8.4,8.4
36095,8.2,9.2,9.8,11.6,11.4,11.6
36097,5.4,5.7,6.4,6.2,7.6,6.4
36099,5.5,4.9,5.9,5.9,6.7,6.3
36101,7.8,8,8.9,9.1,9.1,8.6
36103,5.2,5.8,6.4,7,7.4,7.1
36105,6.5,8.8,10.1,11.2,12.9,12.7
36107,6.3,7,7.6,7.9,8.2,7.6
36109,5,4.6,5.6,5.9,5.9,5.8
36111,5.6,6.5,7.8,9,9.8,10.2
36113,6.4,5.9,6.4,7.2,7.5,6.8
36115,7.5,7.8,8.5,9.8,10.2,9.8
36117,6.9,6.7,7.1,7.5,7.9,7.4
36119,6.2,6.5,7.2,7.8,8.4,8.1
36121,5.7,6.5,6.8,7.4,7.6,7.4
36123,5,5.3,4.9,5.5,6.9,7
37001,6.6,8.4,8.6,9.4,10,9.5
37003,8.7,10.5,12.1,11.7,11.4,10.5
37005,4.6,8.1,10.4,12.4,11.9,13.2
37007,10.9,13.5,14.9,15.9,19.2,19.5
37009,7.5,9.8,10.2,9.9,10.6,9.2
37011,5.9,6.9,6.4,7.2,9.1,8.6
37013,9.3,10.7,11.8,12.6,12.3,12.9
37015,12.2,11.9,14.9,14.1,14.2,15.2
37017,9.2,9.6,11.6,12.2,12.5,12.9
37019,8.4,9.6,12.3,13,14.1,13.2
37021,6.3,7,7.7,8.2,8.5,8
37023,9.4,10.7,11.1,12.5,13.6,13.1
37025,8,9.2,10.4,11.3,11.8,11.1
37027,9.5,10.5,11.2,12.4,14.3,13.6
37029,7.6,6.8,7.3,7.3,8.6,11
37031,7.6,8.6,9.4,9.7,10.2,11
37033,12.4,14,14.3,14.2,14,12.1
37035,7.6,8.6,9.1,9.7,10.5,9.2
37037,6.2,6.7,7.9,8.9,9.4,9.8
37039,4.2,5.6,7.3,8.1,9,9.8
37041,11.3,9.7,12.4,12.5,13.1,12.6
37043,6.2,8.9,12,13.1,17.3,13.5
37045,10.5,11.9,13.1,13.8,13.5,13.5
37047,8.5,10.4,11.6,12.6,12.6,10.6
37049,7.4,9.5,10.8,12.1,13.1,12.9
37051,10.2,10.7,11.8,12.7,13.4,13
37053,8.2,8.9,10.2,10.2,9.4,7.6
37055,5.6,6.5,6.9,8.4,7.5,6.5
37057,8.4,9.3,10,11.3,12.4,11.9
37059,6.2,7.7,7.4,7.7,8.4,8.6
37061,7.3,9.1,9.5,11.8,11.5,12
37063,7.1,8.2,8.1,8.2,8.4,8.1
37065,11.3,13.9,14.9,17.4,19.6,16.9
37067,7.2,7.7,8.8,9.9,10.3,9.8
37069,9.2,9.8,11.7,12.4,13.1,12.1
37071,10,11.4,12.8,13,13.7,12.7
37073,8.3,8.9,8.8,9.7,11.6,12.6
37075,12.5,10.2,7.7,8.7,11,10.2
37077,6.9,8.1,9,10.6,10.6,10
37079,11.5,12,11.3,12.6,11.2,11.9
37081,7.8,8.9,10.1,10.4,10.7,10.1
37083,11.7,12.9,15.5,16.6,16.5,15.9
37085,9.1,9.8,10.8,11.2,12,12.3
37087,5.9,6.4,8.2,8.6,8.5,7.8
37089,6,7.2,7.7,8.8,9.4,8.3
37091,10,12.3,14.1,15.3,16.3,16.3
37093,9.8,10.2,12.2,12.6,14.6,13.5
37095,2.2,4.8,8.2,9.2,8.6,12.8
37097,7.2,8.7,9.5,10.8,12,11.1
37099,5.1,6.7,7,7.4,8,8.2
37101,6.7,7.8,9,9.8,11.2,10
37103,11.5,8.7,8.9,10.5,11.4,10.8
37105,8.9,9.8,10.6,11.5,11.8,11.2
37107,7.5,9.1,11,13.3,13.3,12.6
37109,8.3,9.8,11.2,12.4,13.1,11.6
37111,8.1,9.6,10.9,12.7,13.9,12.8
37113,5.6,7.6,8.2,9,10.3,9.5
37115,3.9,6.9,8.2,7.3,8.5,8.9
37117,7.7,10.1,11.9,16,16.5,16.3
37119,7.5,8.8,9.5,10,10.6,10.1
37121,9.4,9.7,11.5,11.9,11,10.8
37123,8.6,11.2,12.6,14.8,14.1,12.6
37125,8.8,10,9.7,11,11.4,9.2
37127,7.9,8.4,10.4,12.3,13.2,12.8
37129,6.5,7.7,9.1,10,10.4,10
37131,9.8,11.5,13.9,16.6,18.9,17.3
37133,9,9.4,9.8,11.3,12.8,12.3
37135,5.5,6.3,6.4,6.9,7.5,7.5
37137,8.5,6.9,8.3,8.2,9.6,9.3
37139,10.1,10.9,12.3,13.2,12.9,12.6
37141,8.2,7.9,8.1,9.6,11,10.7
37143,7.2,8.7,12.4,12.8,14,11.7
37145,9.2,9.3,10.5,11.2,11.9,12.9
37147,9.2,9.4,10.3,10.8,11.8,12.1
37149,9.3,10.7,13.4,14.3,13.6,11.4
37151,7.8,8.3,9.5,10.1,10.8,10.1
37153,10,12.3,15.9,16.4,16.1,15.5
37155,8.4,9.2,10.8,11.8,12.8,13
37157,8.7,9.9,11.3,12.7,12.7,12.3
37159,8.6,9.4,10.1,11.3,12.9,12.3
37161,10,12.2,13.2,14.8,16,14.5
37163,8.8,9.3,10.6,10.8,11.9,12
37165,13,14,16.4,16.3,17.2,16.7
37167,8.3,9.8,11.3,12.6,14.1,13.7
37169,9.5,9.5,10.5,10.7,10.8,10.2
37171,6.5,8.2,8.8,9.5,9.8,8.7
37173,4,7.9,9.4,9.3,9.1,9.2
37175,6.2,7.3,7.4,7.6,9.4,8.5
37177,15,15.7,21.2,20.5,18.2,17.5
37179,6,7.3,8.3,8.9,9.4,9.2
37181,9,9.3,11.2,11.7,11.8,11.7
37183,5.4,6.3,6.9,7.6,7.8,7.4
37185,10.3,10.1,9.5,10.2,10.2,9.6
37187,14.5,16.3,15,21.1,21.9,17.9
37189,6.1,7.8,8.7,8.8,10.2,10.8
37191,7.8,9.3,10.5,11.9,12.9,12.8
37193,7.9,10.1,12,13.9,14.9,14.5
37195,9.2,11.1,12.6,12.8,12.8,12.4
37197,5.5,7.1,8.4,9.3,10.3,8.8
37199,5.5,6,8.9,10.2,10.6,10.9
38001,2.8,3.8,2.8,2.5,2.7,1.6
38003,3.3,2.6,1.8,1.6,1.5,1.5
38005,11.6,9.9,9.5,7.1,6,5.4
38007,3.1,4.2,4.8,6.7,5.2,2.3
38009,3.3,2.7,3.6,3.9,3.3,3.2
38011,1.6,1.5,2,1.7,2.4,2.1
38013,0.1,0.4,0.8,1.1,1.7,1.8
38015,2.7,2.9,2.9,3,2.6,2.7
38017,4.3,4.1,4,4,4,3.6
38019,2,3.4,1.9,2,1.9,1.6
38021,2.2,2.4,1.9,2,1.7,1.2
38023,0.3,0.6,0.5,0.6,1,0.6
38025,3,3.6,3.8,3,2.5,3.8
38027,3,3.7,3.5,3.9,3.6,1.5
38029,1.8,2.6,3.7,4.6,4.9,3.6
38031,1.9,1.3,1.1,1.3,1.2,0.8
38033,5.3,2.4,2.4,2.3,2.2,0.7
38035,3.8,4.4,4.6,4.3,4.3,4.3
38037,4.2,1.3,1.5,2.8,2.5,2.6
38039,6.7,3.2,3,3.1,4.3,1.9
38041,1.7,2.3,1.6,1,1.4,1.3
38043,2.1,2.7,2.5,2,3.1,1.6
38045,2.1,2.4,2.4,2.8,3.1,1.9
38047,0.8,1.1,1.5,1.7,2,1.7
38049,3.4,3.2,3.7,4.4,3.5,3.6
38051,1.7,4.6,3.1,2.7,4,3.3
38053,4.2,4,4.2,3.5,3.2,2.7
38055,2.6,2.6,2.7,2.5,2.2,2.2
38057,2.8,3.5,3.9,4.5,4.7,4.9
38059,3.2,3.4,3.8,3.5,2.9,3.3
38061,7.2,5.2,3.8,2.7,3,3.8
38063,8.5,4.5,2.7,2.2,1.7,1
38065,2.1,1.5,2.5,2.3,2.3,3.9
38067,4.7,3.2,4,4,4.3,3.8
38069,1.5,1.8,1.6,1.8,1.9,1.5
38071,5.2,4.1,2.9,2,1.7,1.7
38073,2.8,4.3,4.8,4.9,5.4,3.8
38075,2.6,1.9,1.7,2.4,2,1.1
38077,3,2.9,3.5,3.7,3.6,3.5
38079,7.3,6.9,4.3,2.4,3.7,3.2
38081,2.4,2,1.6,1.3,1.4,1
38083,1.9,1.7,2.8,2.3,2.1,2.4
38085,25.6,27.5,21.8,21.3,22.9,21.7
38087,1,1.2,1.5,2.5,1.5,0
38089,3.2,3.3,2.9,2.3,2.5,2.7
38091,1.7,0.6,1.4,3.4,3.2,3.3
38093,2.5,3,2.2,3.4,3.2,3.1
38095,2.1,3.3,2.2,0.9,0.8,2.3
38097,2.4,2.1,2.4,2.2,2.5,2.6
38099,3.9,3.6,3.1,3.5,3,3.2
38101,2.6,3,2.9,2.9,2.8,2.6
38103,3.2,3,2.7,2.4,1.9,1.2
38105,1.2,1.5,1.4,1.2,1,1.2
39001,10.8,11.4,14.5,16.1,15.4,15.3
39003,9.2,10.1,10.9,11.1,11.4,11.1
39005,6.6,8.3,10,10.8,10.9,10.6
39007,8.7,9.4,10.7,11.1,11.1,9.6
39009,11.2,11.3,11.9,11.7,12.4,11.5
39011,5.5,6.7,7.1,7.4,7.2,6.5
39013,7.5,6.7,7.6,8.2,9,9
39015,8.9,9.7,11.5,12,12.3,11
39017,7.4,8,8.6,9,9.1,8.2
39019,6.4,6.9,7.3,7.8,8.9,7.8
39021,6.8,7.9,10.6,10.3,11.5,10.2
39023,9,9.3,10.1,10.9,11.5,10.8
39025,6.8,6.9,7.1,7.8,7.5,6.5
39027,8.9,10.5,11.6,12.1,11.9,10.6
39029,9.5,9.8,10.8,11,10.8,9.8
39031,10.1,10.6,11,10.1,10.4,9
39033,9.2,10.3,10.6,10.1,11.5,9.3
39035,10,10.5,11.1,11.7,12.1,11.4
39037,8.4,8.9,10,9.7,10,8.7
39039,10.2,9.4,10.2,11,11.1,8.6
39041,4,4.2,4.5,4.4,4.4,4.1
39043,7,8,8.8,8.7,8.8,8.6
39045,6.5,6.9,7.6,8,8.2,7.3
39047,8.5,10.3,12,12.1,11.8,10
39049,7.1,8,8.3,8.5,8.7,8.1
39051,8.5,9.9,10.2,10.4,9.9,8.6
39053,9.9,9,9.3,10.1,9.1,9
39055,6.1,6,5.9,6.2,6,5
39057,6.3,6.6,7.5,8,8.5,8.1
39059,7.3,8.2,9.7,11.4,11.4,11.6
39061,7.3,7.8,8.6,9.2,9.8,9.6
39063,5.3,6.3,7.6,8.5,8.6,8
39065,7,8.4,10.5,10.6,11.7,10.5
39067,6.6,7,7.1,7.1,7.6,6.7
39069,7.9,9.1,9.9,10.1,9.4,7.7
39071,9.9,12.1,13.1,14.1,15.5,14.2
39073,7.9,8.4,8.9,10.3,10.5,9.7
39075,3.9,5.7,5.9,6.1,6.2,5.5
39077,8.3,9.1,9.4,9.8,9.7,8.1
39079,11.2,11.9,10.8,11.7,11.5,11.8
39081,7,8.3,8.8,9.1,8.8,9.2
39083,5.8,7.2,8.2,7.9,7.6,7.7
39085,6,6.4,7.1,7.6,7.8,7.2
39087,6.7,7.1,7.4,8.1,9.1,8.5
39089,7.4,7.7,7.7,7.9,8.2,7.3
39091,9.3,8.7,10.5,10.8,10.9,8.7
39093,8.7,9.2,10,10.2,10.3,9.6
39095,11.3,12.1,13.1,13.6,13.8,12.3
39097,6,6.1,6,6.3,6.5,7.3
39099,9.1,10.4,11.1,11.3,11.6,10.9
39101,7.7,7.9,9.4,9.5,10.1,9.7
39103,5.5,5.9,6.7,6.4,6.3,5.9
39105,10.6,14.1,13.9,14.1,15.9,14.1
39107,5.5,6.2,6.7,7.1,7.6,6.2
39109,5.6,6.2,7.2,8.3,8.9,8.5
39111,6.8,7.1,6.1,6.4,6.7,8.4
39113,9,9.8,10.4,11.1,11.5,10.6
39115,9.2,7.7,8.5,9.2,10.4,9
39117,6.2,5.9,7.4,7.8,9.1,8.3
39119,10.5,10.8,11.2,10.3,10.1,9.7
39121,6.1,8.6,9.7,10.4,11.3,10.8
39123,6.3,7.1,7.3,6.6,6.9,6.5
39125,8.1,8.7,9.7,9.5,9.4,7.7
39127,9.6,10.9,11.2,11.5,11.6,11
39129,8.3,7.6,7.6,7.9,8.2,7.4
39131,16.1,17.8,19.3,19.1,18.9,16.1
39133,8.3,9.2,9.9,10.7,11.1,10.2
39135,6.7,7.8,8.7,8.4,8.6,8
39137,5.2,5,5.2,5.1,4.9,3.9
39139,7.9,8.9,9.4,9.8,10.2,9.8
39141,10.5,11.4,13.8,14.4,14.8,14.2
39143,6.8,6.6,7.5,8,8.6,8
39145,11.4,12.2,12,11.8,11.7,11.1
39147,7.7,9,10.7,11.2,11.4,9.7
39149,5.6,7,7.5,8.5,8.9,6.9
39151,7.9,8.8,9.7,10.2,10.6,9.6
39153,7.7,8.6,9.4,10,10.3,9.5
39155,8.2,9,8.9,9.6,10,8.6
39157,7.1,7.3,7.9,8.7,9.4,7.9
39159,4.7,5.9,5.9,6.2,6.3,5.6
39161,7.3,9.3,9.7,9.8,10.7,9.7
39163,11.5,9.7,11.3,10.5,9.4,12.1
39165,5.8,6.3,6.9,7.5,7.8,7
39167,7.1,8.3,8.8,8.9,9.2,8.6
39169,6,6.4,6.8,6.6,6.8,6
39171,8.3,10.7,10.9,12,11.9,9.8
39173,8.3,9.6,9.6,10,10.3,8.9
39175,6.5,7.4,8.2,8.4,8.1,7.7
40001,5.1,4.5,7.2,7.7,8.1,8
40003,1.8,2.9,4.2,5,6.1,5.8
40005,5.5,7.3,8.3,9.5,10,10.1
40007,3.9,4.2,4.7,4.4,4.5,2.9
40009,4,4.8,4.1,2.9,2.9,3.2
40011,4.8,3.8,3.9,3.4,2.9,3.2
40013,7.3,7.1,7.4,9.3,8.9,9.4
40015,8.8,9.3,9,9.9,10.2,9.3
40017,4.1,5,5.7,5.6,5.2,5.4
40019,3.3,4.6,5,5.7,6.9,6.5
40021,8.7,7.9,8.6,8.8,7.7,8.2
40023,10.6,10.8,11.3,10.2,11.3,8.8
40025,2.1,2.5,1.6,1,1.3,2.1
40027,5.1,5.4,5.1,5.1,5.5,5.4
40029,7.6,7,5.2,7.1,7.9,8.1
40031,7.9,8.3,8.4,8.6,9.6,9.4
40033,4,3.7,4.7,6.2,7.6,8.6
40035,6.2,5.6,5.9,6.4,5.7,6.8
40037,7,7.9,8.4,8.2,8.7,7.5
40039,3.7,3.1,3.7,4.3,3.7,4.2
40041,7.2,7.5,8.2,8.3,9,10.2
40043,1.2,2.1,2,1.8,2.5,2.6
40045,1,1.4,2,2,3.2,4
40047,4.3,5,5.7,5.8,6.2,5.7
40049,3.6,4.5,4.9,5.8,5.4,5.1
40051,5.2,5.6,4.8,4.4,4.5,5.1
40053,5.5,6.4,6.5,5.3,4.8,5.3
40055,4.2,3.4,2.5,3,2.4,3.5
40057,6.3,4.4,3.8,7,10,7.4
40059,5.9,4.8,4.1,3.8,2.9,2
40061,6,6.6,7.8,8.7,9.7,7.5
40063,4.6,8.9,8.9,8.5,8.5,8.2
40065,6.3,7.3,7.9,8,7.6,7.3
40067,5.5,4.5,3.6,5,6.3,5.3
40069,9.6,5.4,10.4,10.2,8.4,6.4
40071,7,7.3,7.7,8.1,7.9,8
40073,3.8,5,4.2,3.9,4.5,3.5
40075,3.9,4.3,3.7,3.4,5.3,6.1
40077,6.4,7.8,6.8,9.2,9.9,8.7
40079,7.5,8.8,10.1,11.6,11.6,10.5
40081,5.1,5.7,7.4,7.8,7.5,7.5
40083,5.5,4.8,6,6.2,6,6.7
40085,2.9,2.2,2.2,2.4,3.5,3.6
40087,5.1,4.2,4.4,4.5,4.5,3.8
40089,10.8,11,11.2,10.7,10.5,9.4
40091,9.8,10.6,10.9,11.3,10.3,9.8
40093,1.8,1.9,2.4,4.2,5.1,5.2
40095,4.2,5.6,6.8,7.9,9,8.3
40097,7.1,8.4,8.2,8.7,8.8,8.3
40099,4.7,4.9,5.6,5.9,5.4,4.7
40101,7.2,6.7,8,8.6,8.9,8.6
40103,3.8,4.8,5.5,5,6.9,6.6
40105,3.9,5.5,6.2,7.4,10.3,8.8
40107,6.7,7.6,7.5,9.2,9.2,8.9
40109,6.1,6.4,6.5,6.5,6.8,6.6
40111,7.3,7.3,8.3,10.1,11.2,11.1
40113,6.2,5.6,6.6,7.3,6.8,7
40115,8.6,8.9,10.1,9.9,9.9,9.8
40117,6.3,7.8,6.9,7.3,8.1,7.6
40119,5.7,5.4,4.8,5.9,6.1,6.1
40121,4.6,4.7,5.1,5.1,5.8,5.8
40123,5.1,5,5,6.4,6.4,6.8
40125,6.7,5.9,6.4,6.4,7.1,6.8
40127,6.1,7.5,9.2,10.3,10.9,11.9
40129,2.1,3.1,3.3,2.7,2.6,2.6
40131,5.5,6,6.1,6,6.4,6
40133,8.5,8.9,9.4,9,9.2,8.5
40135,7.5,9.2,10.6,10.8,11.1,10.3
40137,5.1,5.7,6.4,7.3,7.9,7.5
40139,6.3,6.7,6.2,6.8,6.6,4.8
40141,8.5,8.7,11.3,11.1,8.6,9.1
40143,5.5,6,6.2,6.7,7.2,7
40145,5,6.2,6.4,6.4,6.7,6.3
40147,4.9,5.8,6.6,6.6,6.9,6.2
40149,4.8,3.8,4,3.4,3.9,2.9
40151,2.5,3.2,3.2,3,3.8,3.8
40153,4.1,4.4,4.1,3.6,3.9,4.4
41001,11.4,11.5,11.3,11.2,11.4,9.3
41003,5.8,6,7.3,8.3,8.5,8.7
41005,6.8,7.7,8.7,9.7,10.4,9.6
41007,6.2,7.2,8.3,9.4,9.6,8.6
41009,10.8,12.1,12.5,13.4,13.2,11.6
41011,8.3,9.4,11.2,12.2,13.1,11.7
41013,8,9.9,14.5,17.9,17.2,16.8
41015,8.2,8.8,9.1,12.4,15.1,13.6
41017,7,8.7,10.7,11.7,12.2,10.9
41019,10.1,11.6,12.9,13.5,14.1,13.7
41021,4.8,7.3,7.9,8.1,11.7,10.2
41023,5.7,8.1,9.3,9.3,10.8,11.3
41025,7.7,6,8.8,9.5,10.4,13.5
41027,5.4,5.2,5.5,6.2,5.3,5.6
41029,7.9,9.6,11.4,12.3,13.1,12.4
41031,10.3,12.7,15.2,15.9,16.1,15.1
41033,9.2,11,12.6,13.6,15.2,13.7
41035,8.9,9.5,10.8,12.5,13.8,13.1
41037,10.4,10.8,13.7,13.7,13.3,11
41039,8.4,9,10.4,11.5,12.3,11.1
41041,6.9,8,9.7,10.1,10.3,9.2
41043,7.4,7.6,8.5,9.6,10.8,11.2
41045,9.4,10.3,12.3,12.9,14.6,12.9
41047,9,10.1,11.5,13.2,13.3,12.5
41049,7.6,7.4,10.7,10.8,10.1,10.7
41051,8,8.8,9.7,10.4,10.6,9.8
41053,7.9,7.9,8.7,9.9,11.3,12.8
41055,9.6,7.3,8.3,7.1,7.7,6.9
41057,5.3,6.8,7.5,7.8,9,9.3
41059,9.5,9.7,9.5,9.7,10.9,10.1
41061,6.8,7.7,7.8,8.4,9.3,8.3
41063,6.6,10,11.2,12.1,12.2,8.7
41065,6.7,8.9,6.9,8.4,10.8,10.6
41067,7,7.6,8.5,9.3,9.6,8.8
41069,4.2,6.7,7.2,8.8,10.4,9.1
41071,8.2,8.9,9.2,9.6,10.7,10.1
42001,4.9,4.9,5.2,5.7,5.9,6
42003,6.5,6.8,7.2,7.5,7.9,7.6
42005,7.1,7.3,8.2,8.5,8.5,8
42007,5.8,6.3,6.4,7.2,7.6,7.2
42009,6,6.8,7.5,7.5,8.1,7.3
42011,6.7,7.8,8.7,9.4,9.8,9.4
42013,6.7,7.1,7.7,7.7,7.3,6.7
42015,6.5,6.3,6,6.2,6,6
42017,5.1,5.9,6.7,7.5,8.1,7.8
42019,5.6,5.9,6.3,6.7,7,6.5
42021,7.5,7.5,7.7,8.1,8.8,8.8
42023,5.2,5.5,6.2,6.5,7.1,5.3
42025,8,8.2,8.9,9.3,10.4,9.4
42027,6.1,6,5.9,5.9,5.8,5.3
42029,4.7,5,5.6,6.1,6.7,6.3
42031,5.6,6.8,8.1,8.8,8.9,8.4
42033,8.4,9.4,9.1,9.2,9.4,8.7
42035,6.4,7.3,7.7,7.6,7.5,6.9
42037,6.5,5.8,6,5.8,6.3,5.6
42039,7.8,8.4,8.4,9.2,9.1,8.1
42041,5.2,4.9,5.2,6.2,6.5,5.9
42043,5.6,6.1,6.8,7.3,7.7,7.5
42045,6.7,7.3,7.9,8.4,9.1,8.9
42047,5.6,5.9,6.5,6.9,6.9,5.6
42049,7.4,7.9,8.3,9.1,9.3,8.5
42051,8.8,9.5,9.8,9.8,10,9.5
42053,7.3,9.9,9.5,8.2,7.3,6.5
42055,4.7,5.5,6.5,7.1,7.9,7.2
42057,6.9,8.4,9.2,9.4,9.6,9
42059,7.1,6.6,6.2,6.4,7.3,6.4
42061,7.5,6.7,7.6,7.9,7.8,8.1
42063,7.4,8.2,8.6,8.1,8.6,8.5
42065,6.4,6.6,7.3,7.3,7.7,7.6
42067,5.3,6.5,6.9,7.2,7.9,7.3
42069,5.7,6.5,6.8,7.6,8,7.6
42071,4.9,5.7,6.2,6.8,7.4,6.7
42073,7.4,7.7,7.5,8.1,8,7.4
42075,5.4,6.1,7.3,7.4,7.6,7.8
42077,6.7,7.6,8.7,9.4,10.1,9.9
42079,6.3,7,7.3,8,8.4,8.6
42081,7.4,7.9,8.1,8.6,9,8.5
42083,7.8,8.8,10.3,10.5,10.7,10.1
42085,7,7.9,8.8,9.2,9.4,7.8
42087,7.7,8.4,9,8.8,9,7.8
42089,8.7,10.2,11.6,12.8,13.7,13.7
42091,4.8,5.3,6,6.6,7.1,6.8
42093,4.9,6.2,5.7,6.2,7.6,7.4
42095,5.9,6.6,7.5,8.2,8.6,8.2
42097,7,7.5,8,9,9.3,8.3
42099,5.7,6.2,6.9,7.4,8,7.5
42101,12.1,12.6,13.4,14.5,15.1,14.9
42103,7.9,9.9,11.3,12.8,13.4,13.1
42105,8.8,8.4,8.5,7.8,7.6,6.9
42107,6.8,7.6,8,8.9,9.6,9.1
42109,5.6,6.1,5.8,5.7,6.3,5.6
42111,6.5,7.3,7.5,8.4,8.5,7.5
42113,3.8,5,5.7,6.1,7.9,8.3
42115,6.6,7.2,7.3,8.1,8.6,8
42117,7.8,8.1,8.1,8.4,8.6,7.9
42119,6.3,6,6.7,7.6,8,6.5
42121,8.2,7.9,7.9,8.1,8.5,7.3
42123,5.6,6.1,6.4,7,7.4,7
42125,6.2,6.9,7.1,7.2,7.5,7.1
42127,5.7,5.9,6.2,7.6,7.9,8.2
42129,5.5,6.1,6.4,6.7,6.9,6.5
42131,5.8,6.3,7.3,7.2,7.9,7.8
42133,5.7,6.4,7.4,8,8.8,8.3
44001,5.4,6,7.1,8,8.6,8.2
44003,6.2,7.8,8.6,9.3,9.6,9.3
44005,5.3,5.2,5.8,6.5,7.1,7.5
44007,8.1,9,10.1,10.7,11.1,10.6
44009,5.4,5.9,6.5,7,7.3,6.6
45001,13,14.4,14.2,13.7,14.6,12.6
45003,7.4,7.9,8.3,9.6,10.9,10.3
45005,16.4,17.6,25.2,24.1,23.6,20.7
45007,9,9.1,9.9,10.8,11.2,10.2
45009,9.6,8.9,9.4,10.6,10.9,10.5
45011,12.1,13.2,15,18.2,17,16.3
45013,6.4,7.3,8.6,9.1,8.8,7.9
45015,7.5,8.3,10,11.4,11.9,11.2
45017,11.2,11.5,11.4,12.1,12,8.9
45019,7.1,7.9,8.7,9.6,9.8,8.9
45021,12.9,15.1,14.5,14.3,15.3,13
45023,10,14,15.8,15.7,17,15.8
45025,10.4,11.2,11.1,11.4,12.4,11.1
45027,12,13.9,15,17.6,19.3,18.4
45029,11.3,13.4,15.3,14.4,14.2,14
45031,11.2,11.6,12.7,14.2,15.6,17.1
45033,8.9,10.1,14.4,14.6,15.3,14.4
45035,7.4,7.7,8.8,10.1,10.1,9.6
45037,7.2,8.9,8.8,10.1,11.1,10.7
45039,7.6,8.5,10.5,11,13.8,14.8
45041,8.7,9.6,11,11.5,12.9,13.2
45043,9.6,12.1,12.3,14,13.1,12.1
45045,7.5,8,8.9,9.2,9.4,8.4
45047,9.9,10.7,11.4,14.2,14.5,13.5
45049,9.6,11.3,14.2,15.7,14.5,12.6
45051,7.4,8.6,9.8,10.7,11.3,10
45053,9.3,9,9.7,10.5,12,11.2
45055,7.8,8.5,9.3,11.7,11.5,11.4
45057,10.7,12.3,12.8,13.8,13.4,12
45059,10.4,11.3,12.8,13.1,12.4,11.7
45061,17.2,18.5,17.3,17.7,17.5,17.8
45063,5.8,6.4,7.7,8.8,9.1,8.6
45065,15.5,14.1,12.3,13,14.2,16.5
45067,10.1,12.4,13,14,16,16.6
45069,15.1,15.7,15.2,15.2,15.8,15
45071,8.9,9.2,9.4,10.4,11.4,10.5
45073,8.3,10.2,11.5,13,12.7,12
45075,12.1,13.2,13.7,15.3,14.3,13.3
45077,8.2,9.7,10.2,11.5,11.8,10.9
45079,7.8,8.6,9.8,10.4,11.1,10.4
45081,7.6,10.1,10.1,12.3,12,10.3
45083,8.3,9.3,10,10.7,11.1,10.3
45085,11.7,12.2,13.1,14.1,14.1,13.9
45087,10.9,12.4,14.8,15.9,15.6,14
45089,13.8,12.9,10.8,11.9,13.2,11.9
45091,8.3,8.9,10,10.5,10.7,10.4
46003,2.1,2.1,2.4,2.1,2.6,1.4
46005,3.9,3.7,3.6,3.6,3.1,3.4
46007,22.5,20.2,20.3,17.2,15.9,15.4
46009,3.9,3.3,1.9,2.1,2.2,1.3
46011,3.8,4.3,4.5,4.4,4.5,3.8
46013,2.3,2.2,2.5,2.9,2.9,2.5
46015,4,3.9,2.8,3.2,3.7,3.8
46017,36.1,28.3,28.1,24,22.6,14.6
46019,4.4,5,4.7,5.6,4.8,3.6
46021,3.1,2.7,3.7,0.8,0.4,1.4
46023,8.4,9.4,8.1,8.4,7,6.6
46025,3.5,4.4,3.6,3.3,3.2,3.6
46027,5.1,5.8,6.6,7,7.4,7.8
46029,4.2,4.4,4.2,4.2,3.9,3.7
46031,25.1,19.8,20.3,22.1,25.5,27.9
46033,1.4,2.4,2.6,4.5,5.3,5.1
46035,3.3,3.4,3.3,2.3,3,3.2
46037,2.2,4.1,6,5.8,5,4.9
46039,2.8,4.7,4.8,5.4,5.2,4.9
46041,15.1,17.4,20.3,17.4,23.4,23.1
46043,1.5,2.5,2.5,1.5,1,1
46045,2.8,2.9,1.9,1.5,1,1.4
46047,4.5,5.1,6.4,6.8,6.6,3.1
46049,1.9,3.3,2.4,2.4,2.4,2.1
46051,1.8,2.3,3.4,3.6,3.4,3.9
46053,3.3,4.5,3.9,3.6,4.4,3.6
46055,1.6,1.7,2.4,2.5,2.3,3.2
46057,4.1,4.4,4.3,5.3,4.3,3.1
46059,0.8,1.2,1,1.5,3.1,2.9
46061,2.4,2.5,2.9,2.2,1.7,1.8
46063,3.3,2.7,2,1.4,1.6,0.8
46065,1.7,1.4,2,2.8,3.2,2.5
46067,1.5,1.3,1.7,2.3,3.2,3.1
46069,1.9,4.3,3.6,4,4.6,2.5
46071,20.7,17.2,18.5,17.9,19,15.2
46073,2.4,3.3,2.6,2.1,1.5,0.7
46075,2.4,3.7,4.2,5.1,6.5,2.4
46077,1.4,1.7,1.6,2.1,2.6,2.1
46079,3.1,3.5,3.9,4.5,4.6,4
46081,3.9,4,4.5,4.3,4.5,4.3
46083,3,2.5,2.2,1.7,1.5,1.7
46085,9.4,11.4,12.1,11.3,10.3,8.7
46087,3.8,2.9,3.3,3,2.8,2.2
46089,1.9,2.4,2,1.9,0.9,5.4
46091,4.1,3.3,3.4,2.5,2.3,1.7
46093,4.7,4.6,3.9,4,3.6,3.2
46095,14.5,12.6,16.1,16.9,16.1,13
46097,2.1,2.7,2.9,3.3,2.1,3.3
46099,3.5,4.1,4.3,4.4,4.7,4.7
46101,3.3,3,3.5,5,5.4,5.9
46103,5.2,6,6.2,6.3,6,5.3
46105,1.2,1.4,1.8,1.5,3.6,3.5
46107,1.3,0.9,0.8,0.4,0.9,0.6
46109,6.7,7.2,6.8,7.7,6.7,8.3
46111,1,1.1,1.7,2.1,2.6,3.7
46113,24.6,20.1,20.2,23.2,25.2,27.1
46115,2,2.2,2,1.8,1.8,1.1
46117,1.2,4.9,3.8,2.6,2.6,2.1
46119,0.5,1.2,1.9,2.7,2.6,2.5
46121,19.7,22.7,23.6,26.4,28.8,28.7
46123,2.9,4.6,4.7,4.2,3.8,4
46125,2.1,2.1,2.2,2.1,2.6,2.2
46127,3.1,2.8,3.5,3.2,3.2,3.3
46129,5,3.7,6.3,6.6,5,5.2
46135,3.9,3.5,3.5,4,4.5,3.2
46137,30.7,30.9,27.1,25,28.8,29.6
47001,7.2,7.5,8,8.6,8.9,8.4
47003,10.1,10.4,11.3,10.6,9.9,8.5
47005,10.4,10,12.8,15.2,16.7,14.5
47007,11.4,11.8,14.3,14.4,13,12.5
47009,7.5,7.7,8.3,8.9,9.1,9
47011,8.9,8.9,9.8,11.5,12,11.2
47013,10.3,10.4,11.5,12.9,12.9,11.5
47015,6.5,7.3,10.9,11.5,13.9,12.7
47017,11.5,10.6,11.5,13,12.6,11.3
47019,8.6,9.1,9.6,9.8,9.9,9.2
47021,6.7,6.1,7.6,7.9,9.1,8.3
47023,9.5,9.9,12.6,11,12.5,15.3
47025,8.3,8.7,8.4,8.6,9.7,9.7
47027,11.5,8.2,8.1,8.5,9.7,6.7
47029,10,11.9,13.1,14.8,14.7,13.1
47031,8.3,10,11.2,12.3,12,10.9
47033,9,8.5,8.6,8.5,9.4,7.2
47035,9.5,9.1,9.3,10.6,10.4,9.8
47037,6.9,7.5,8.1,8.7,8.8,8.2
47039,12,13.7,14.3,13,13.1,10.7
47041,6.9,8.8,9.6,9.9,10.2,10.7
47043,7.1,7.4,8.5,9,9.5,8.4
47045,7,8.3,8.4,8.8,9.5,8.4
47047,10.8,10.3,11.1,10,10,9.8
47049,9.2,9.4,9.2,11.1,10.1,10.3
47051,8.7,10.4,10.1,10.8,11.7,11.3
47053,9.5,10.2,10.9,12.6,12.6,11.3
47055,10.8,11.2,12.3,12.5,11.9,11
47057,8.3,9.9,11.4,12.2,13.1,11.7
47059,8.1,9,9.7,10.1,10.1,10.1
47061,8.8,8.1,8.6,9,10.9,9.6
47063,8.5,10.2,11.6,12.7,12.3,11.5
47065,8.1,8.8,9.6,9.5,9.5,8.9
47067,10.2,12.4,11.5,15.5,16.9,15.7
47069,10.9,10.6,14.1,17.9,20.1,20
47071,9.7,12.9,13.1,15.9,16.1,16.5
47073,11.4,10,9.8,11.5,11,10.1
47075,14,15.4,13.7,13.3,13.7,11.5
47077,10.7,11.8,11.2,11.6,12.1,11
47079,9.8,10.9,12.1,13.1,13.2,12.7
47081,7.1,7.2,8.5,9.8,10.8,10.1
47083,11.2,10.9,10.6,10.7,9.6,8.3
47085,6.9,8.6,9.7,11.5,12.4,11.1
47087,9.5,9.2,13.1,14.7,15.4,15.2
47089,8.5,9,10.9,12.6,12.3,10.8
47091,10.8,11.8,13.2,12.1,12.2,10.2
47093,5.6,5.6,6,6.5,7.3,6.9
47095,12.2,15.5,13.7,11.8,14.3,13.9
47097,12.1,12.1,12.7,15.4,16.9,14.6
47099,8.5,9.2,10.8,10.8,11,11.4
47101,18.1,16.5,17.6,16.9,15.1,10.2
47103,6.6,7.1,7.5,7.8,8.4,8.1
47105,6.8,9.2,10.1,11,11.4,10.6
47107,8.3,8.9,9.5,10,10.4,10.1
47109,11.7,13.6,14.7,15.7,15.1,14.2
47111,9.4,11.4,10.6,11.9,12.7,9.9
47113,8.3,10.8,11.9,11.6,12.5,10.3
47115,8.9,9.5,8.9,9.1,9,8.1
47117,9.2,10.5,10.7,12,12.5,10.9
47119,7.7,7.9,7.8,8.7,9.7,8.9
47121,10.2,13.4,16.3,15.8,17.5,18.1
47123,11.3,11.3,12.1,12.8,14.8,13.7
47125,7.5,8.6,9.7,9.9,10.3,9.9
47127,5.7,10.5,10.8,13.6,10.3,10.8
47129,7,8.3,8.1,8.6,9,9.3
47131,6.7,6.9,8.5,11,13,12.9
47133,6.4,6.5,7.6,9.4,10.3,10
47135,7.3,11.5,14.4,15.4,13,12.2
47137,5.8,6.5,6.1,6.9,7.2,4.1
47139,9.7,12.3,13.1,14.3,12.6,12.2
47141,6.1,6.7,8.1,9,10,9.8
47143,12,13.9,14.3,13.8,14.6,12.2
47145,7.5,8.4,9,9.9,10.8,10.3
47147,7,7.1,7.7,9,9.4,9.1
47149,6.7,7.9,8.4,8.6,8.8,8.2
47151,11.1,12.4,12.2,15.4,15.4,14.4
47153,8.2,10.5,10.1,11.9,13.1,10.2
47155,6.1,7.3,8.4,9,9.3,9
47157,9.7,10.4,10.9,11.3,11.9,11.3
47159,6.3,8.2,9.1,9.4,9.6,7.5
47161,9.4,12.4,12,12.5,12.6,13
47163,7,7.8,8.1,8.7,9.5,9.3
47165,7.6,7.8,7.7,7.4,7.5,6.9
47167,9.6,11,12,13.2,12.8,12.1
47169,9.5,7.9,8.9,11.2,12.1,9.9
47171,7.6,5.3,6.4,6.8,8.4,11.4
47173,5.5,7.6,8.6,9.9,11.1,10.2
47175,5.7,7.7,7.3,7.8,8.1,9.3
47177,7.9,8.2,8.7,9.9,9.8,8.4
47179,6.7,6.7,6.8,7.2,7.2,6.3
47181,12,12.2,14,13.5,13.4,14.7
47183,8.1,9.5,11.7,12.9,14.3,12.9
47185,9,9.5,10.5,11.3,12.8,11.4
47187,4,4.6,5.1,5,5.1,4.9
47189,5.3,6.4,7.3,7.4,8,7.3
48001,7.8,7,7.4,7,7.3,5.5
48003,4.8,5.6,4.9,5.3,5.9,4.3
48005,6.7,6.2,6.9,7.9,8.5,9.4
48007,8,6.8,6.4,7.7,7.3,6.5
48009,2.8,3,2.7,2.8,3.4,3.3
48011,1.9,2.8,3.2,4.8,4,3.1
48013,8.8,9.5,10.1,10.2,8.9,7.7
48015,4.6,5.5,5.7,7.7,8.4,7.1
48017,1.8,4,6.2,10.5,8.1,6
48019,5.4,4.9,6.4,7.1,6.6,5.9
48021,7.3,6.5,7.7,7.7,9.4,9
48023,5.1,6.7,4.9,2.8,2.2,2.7
48025,9.2,9,8.7,9.4,9,7.3
48027,7.9,7.6,8.3,8.7,9.5,9.4
48029,6.5,6.9,7.3,7.8,8.2,8
48031,5,5.7,6.2,8.2,8.7,8.2
48033,6.9,3.2,2.3,3.5,3.4,1
48035,8.3,7.9,8.7,9.8,9.8,9.3
48037,8.9,7.9,9.2,9.5,9.4,8.4
48039,5.4,5.5,5.7,6.4,6.4,5.9
48041,6.7,6.4,7,7.9,8.1,7.7
48043,6,5.5,3.7,2.3,4.8,4.3
48045,3.9,7.1,7.2,3.2,4.5,3.9
48047,5.5,8.1,11.5,16.2,11.9,17.6
48049,4,3.6,3.5,3.6,4.1,4.4
48051,7.7,6.4,6,6.1,8.4,7.2
48053,5.2,5.3,5.6,6.2,6.2,6.2
48055,9.6,10.8,11,10.8,8.5,7.2
48057,6.7,7.9,10.9,11.6,10.5,8.8
48059,5,5.3,6,6.6,6.5,6.3
48061,7.4,7.4,8,9.3,10.7,10.5
48063,7.5,8.2,8.1,9.2,11.1,10.9
48065,4.1,2.8,2.4,2,2.2,2.3
48067,7.7,8.5,8.9,11.1,11.6,10
48069,4.5,5.1,4.3,4.1,6.1,3.9
48071,4.8,6.2,5.6,6.9,7.5,7.3
48073,5,5.6,6.1,6.5,7.3,6.8
48075,2.3,2.5,2.9,3.9,6,5.6
48077,5.4,5.8,5.5,6,5.5,6.1
48079,5,8.4,10.6,11.2,13.6,10.6
48081,9.2,9.4,7.1,5,5.7,3.7
48083,3.7,5,6.1,5.8,6.1,7.1
48085,4.7,5,5.4,5.5,5.7,5.5
48087,5.5,3.6,3.4,4.5,4.4,5
48089,5.1,4.8,5.4,4.9,5.3,5.4
48091,5.2,5.7,6,6.3,6.4,6.1
48093,3.3,5.1,5,6.7,7.6,6.5
48095,4.3,4,3.9,6.8,5.9,4
48097,6.1,7.2,7.2,8.6,9.1,8.6
48099,8.9,8.3,9.3,8.8,9.8,10.3
48101,2.5,1.4,2,1.8,3.5,6.3
48103,3.7,6.4,9.1,8.4,10,7.4
48105,5.2,9.4,10.8,7.4,7.6,6.8
48107,2.5,2.7,4.8,6.5,10.2,10.5
48109,11.9,14.8,15,10.8,11.9,9.9
48111,5.5,3.7,4,3,4.8,6.2
48113,7.6,7.8,8.2,8.7,9,8.5
48115,6.2,5.6,7.2,7.2,9.5,9.1
48117,5.6,6.4,6.8,5.7,4.4,5.8
48119,4.4,6,6.4,9.3,12,14.8
48121,6.1,6.2,6.5,6.6,6.8,6.2
48123,4.2,4.7,4.3,5.3,5.6,6.3
48125,1.9,1.4,3.7,5.4,8.2,11.8
48127,10.5,10.2,11,10.3,13.9,10.9
48129,1.7,2.1,2.4,2.3,3.9,4.5
48131,10.9,7.8,8.1,7.9,11.2,10.9
48133,6.3,5.4,4.9,4.3,4.1,4.1
48135,5.3,5.8,5.7,5.7,6.2,5.3
48137,1.2,7.7,9.5,11.4,9,10.3
48139,6.9,6.6,6.9,7.3,8.1,7.6
48141,7.5,7.5,7.6,8.2,9,9
48143,6.5,6,4.9,5.1,6,5
48145,5.9,7.9,7.8,7.8,8.1,8.2
48147,8.4,7.4,7.5,7.7,8,8.3
48149,3,2.9,2.6,2.6,2.7,2.8
48151,5.6,5.6,5.5,7.3,5.6,6.1
48153,3.8,3.5,4.7,4,5.1,6.5
48155,11.9,12.3,15.8,16.4,15.8,9.7
48157,5.6,5.1,5.1,5.4,5.6,5.6
48159,10.4,10.6,7.8,5.6,5,6
48161,6.3,6.5,7.4,5.8,5.3,5.2
48163,11.1,9.8,9.5,7.9,7.6,7.6
48165,4.5,4.6,3.3,4.8,5.8,3.4
48167,6.8,6.9,7.7,8.1,8.8,8.1
48169,1.7,3.6,2.4,2.5,1.5,2.2
48171,3,2.5,3.8,4.9,5.7,6.5
48173,0,0,0,1.5,1.9,2.6
48175,1.7,1.8,3.1,4.8,4.8,6.7
48177,9.2,8.8,9.8,10,9.6,7.8
48179,7.9,7.9,8.1,7.9,8,5.1
48181,7.2,7.5,7.9,9,9.6,9.1
48183,7.1,7.4,6.8,7.4,7.1,6.5
48185,5.2,6,7.3,6.8,9,6.7
48187,6.2,6.3,6.1,6.8,7.2,6.9
48189,4.6,5.7,6.6,7.1,7.4,8.3
48191,8.2,8,8.4,7.1,10.2,11.7
48193,4.9,5.8,6,7,7,5.9
48195,6.2,3.6,3.1,2.6,2.1,2.4
48197,9,14.3,13.6,11.6,12.7,11.7
48199,6.4,6.1,6.8,6.8,7,6.5
48201,7.1,7.3,7.6,8.2,8.6,8.2
48203,8.7,7.9,6.6,8,9.6,8.5
48205,1.8,2.2,2.5,2.6,2.1,2.4
48207,9.6,13,10.7,8.3,7.5,6.1
48209,7.5,6.5,7,7.5,7.5,7
48211,0.8,1.3,0.9,1.4,3.3,3
48213,7.8,8.2,8.3,9.1,9.8,9.1
48215,9.7,9.9,10.1,10.6,10.8,10.4
48217,6,6.7,6.9,8.1,9,10.2
48219,6.5,6.2,6,6.1,6.8,6.8
48221,5.9,4.9,6.5,7.1,7.5,6.6
48223,6.9,7,7.9,7.8,8.4,8.3
48225,11.2,9.1,7.6,7.2,9.8,9
48227,7.1,7.5,8.1,7,7.9,7
48229,11,11.6,9.3,8.5,8.2,7.4
48231,7.9,8.7,9.4,11.8,12.7,11.9
48233,5.2,7.5,7.7,7.5,7.9,6.3
48235,1.8,3.4,4.5,4.2,4.5,7.1
48237,4.8,5.5,5.9,6.6,6,5.5
48239,6.4,5.3,5.5,4.9,4.7,5.1
48241,6.7,7.3,7.6,9.6,12.1,13.2
48243,6.3,4.8,6.6,5.8,4.6,5.5
48245,8,8.9,9.5,10,10.7,10.2
48247,11.4,14.7,12.2,9,11.7,12
48249,6.7,6.6,7.6,7.1,8,7
48251,7.8,7.2,7.1,8,8.4,7.7
48253,4.6,7.7,6.7,7.4,8.2,5.6
48255,3,3.2,4.3,5.7,6.5,5.2
48257,7.6,7.7,8.7,9,9.1,9.3
48259,3.8,4.4,4.1,4,4.2,4.2
48261,21.6,0,0,0,0,0
48263,1.5,2.7,4,2.8,3.1,1.4
48265,5,6,5.4,6.8,8.3,7.8
48267,3.1,2.5,4.1,5.2,6.9,9.1
48269,0,0,2.2,3.3,5.4,4.8
48271,7.2,15.3,10.9,12.2,13.3,15.4
48273,9.3,9.3,11.1,10,10.5,11
48275,5.4,5.1,6.3,5.8,5.8,6.9
48277,6.8,6.8,6.8,7,7.5,7.6
48279,7.4,8.1,8.3,9.1,9.8,8.8
48281,8.6,8.4,8.4,8.6,8.8,8.8
48283,9.2,10.6,8.3,9.4,11.2,7.2
48285,4.2,6.3,6.1,6.7,6.9,6.6
48287,5.4,5.1,4.9,5.8,5.9,5.9
48289,6.8,5.4,5.5,6.8,7.3,6.5
48291,7.9,9,10.4,11.8,12.6,11.8
48293,3.5,4,5.1,5.8,6.8,7.3
48295,1.1,1.8,1.8,3.3,4,3.9
48297,3.1,3.3,4.4,4.7,5.9,6.2
48299,4.3,4.6,4.8,5.1,6.1,6.2
48301,0,0,6.7,8.5,10,16.2
48303,6.2,6,6.2,6.5,7,6.4
48305,1.2,1.6,2.9,5.2,6.1,7.7
48307,3.6,5.9,3.4,3.5,5.8,4.7
48309,7.4,7.2,7.2,7.4,7.5,6.9
48311,7.4,7.1,7.4,0.7,2.4,11.1
48313,8.5,6,6.6,6.3,6.9,6.2
48315,8,11,8.9,8.6,8.1,6.2
48317,2.5,3.6,4.7,6.3,7,2.5
48319,2,3.7,6.5,6,6,6.9
48321,10.2,10.5,10.2,9.8,7.7,6.9
48323,10.4,11.3,11.9,10.8,12.3,12.5
48325,8.6,8.6,8.4,8.5,7.6,7.2
48327,5.5,7.4,9.3,9.7,9.5,6.7
48329,3.5,4,4,4.1,4.3,3.9
48331,7.4,5.6,5.9,9.1,11.2,9.2
48333,5.3,5.5,6.5,7.6,4.3,3.4
48335,3.8,3.9,5.7,5.7,7.3,8
48337,6.1,6.8,7.1,6.7,7.4,6
48339,6,6.1,6.6,6.8,7.1,6.7
48341,5.8,5,5.4,5.5,5.1,3.8
48343,6.6,6.9,9.6,10.7,12.4,13.1
48345,4.1,2.5,7.5,8.3,10.3,9.6
48347,7,7.3,7.3,7.9,8.1,8.5
48349,9.4,8,8.5,8.4,10.2,10.8
48351,8.7,10.6,10.9,10.9,12.9,13.3
48353,6.3,6.9,8.4,7.4,8.9,8.3
48355,7.5,7.9,8,8,8.1,7.4
48357,7.8,8.3,8.4,7.4,8.6,6.5
48359,2.1,3.7,6.6,6.3,8.4,9.9
48361,7.7,7.4,7.2,8.8,9.3,8.7
48363,7.1,7.9,8.3,7.5,7.6,8.3
48365,5.6,5.6,6.6,6.7,6.4,5
48367,6.5,6.1,6,6.4,7.2,7
48369,2.9,3.2,3.3,3.5,5.3,4.5
48371,3.2,4.4,3.1,3.3,4,3.4
48373,9.9,9.1,10.3,12.5,13.8,11.7
48375,6.7,6.4,6.3,6,5.9,5.9
48377,10.2,13.8,11.4,8.8,10.7,9.6
48379,8.6,6.7,8.2,9.5,8.9,8.3
48381,4,4.1,4.4,4.1,4.4,4.4
48383,1,0.3,0.4,1.2,2.9,1.8
48385,8.7,8.9,14.4,11.3,14.9,11.8
48387,7,8.6,6.6,9,9.3,9
48389,7,11.2,11.2,11.1,10.4,6.3
48391,6.1,7.2,8.6,6.9,6.1,7.7
48393,6.7,4.1,4,4.5,4,3.2
48395,6.9,7.9,8.8,9.1,11,11.4
48397,5,5.7,5.7,6,7.4,6.8
48399,3.7,3.8,1.9,2.4,3,3.5
48401,4.6,5,4.8,5.5,6.4,6
48403,10.2,10.2,9.9,12.2,13.7,12.5
48405,9.3,10.5,12.2,10.8,14.2,16.6
48407,11.9,10.9,12.9,14.2,13.4,12.5
48409,6.8,7.5,7.6,8,7.9,6
48411,9.4,9.4,6.5,6,6.7,5.3
48413,2.2,4,3.5,5,4.7,2.9
48415,4.4,5.6,4.7,4.2,4.1,3.3
48417,2.9,4.8,4.4,3.9,4.3,4.7
48419,7.7,7.3,7.3,8.1,7.6,6.3
48421,4.7,6.4,7,6.8,7.1,6.9
48423,7.1,7.2,7.5,7.8,8.1,7.7
48425,1.9,1.4,2.9,1.9,2.6,2.2
48427,9.6,9.7,10.3,12.5,13,12.8
48429,3.1,3.2,3.4,4.2,5,4.4
48431,0,0,0,0,0.5,0.3
48433,3.1,2.7,4.6,6.6,7.2,6.7
48435,2.9,1.6,2.6,1.5,1.9,2
48437,7.6,7.8,9.4,10.7,10.8,7.1
48439,6.8,7.4,7.8,8.2,8.4,7.9
48441,4.8,5.4,5.3,6.2,6.6,6.5
48443,0.3,0,0,0,0,2.6
48445,8.3,6.9,7,5.9,7.1,6.8
48447,2.3,4.4,1.3,0.7,1.2,3
48449,6.8,7.5,7.2,7.4,7.7,8.1
48451,5.8,6.6,6.8,7.1,7.1,5.8
48453,6,6.4,6.9,7.3,7.4,6.8
48455,6.5,6.3,5.4,7.7,9.1,10.4
48457,8.1,9,10,11.3,12.7,11.2
48459,6.2,6.8,7,7.4,8.9,8.4
48461,0.9,1.7,1.3,3.3,3.2,3.7
48463,7.1,8.1,9.7,10.9,10.6,9.9
48465,8.5,8.8,8.8,10,10.3,8.6
48467,6.8,6.7,6.9,7.2,7,6.4
48469,6.7,7,7.3,7.4,7.6,6.9
48471,8.7,7.1,4.7,5.3,5.3,5.2
48473,7.6,6.9,6.3,7.6,9.4,9
48475,4.8,4.7,5.5,5,4.6,4.9
48477,5.9,4.7,4.9,4.2,4.4,4
48479,7.7,7.5,7.1,6.9,6.9,6.7
48481,5.2,6,6.4,7.1,7.2,7.5
48483,3.6,4.7,5.3,4.6,4.7,3.6
48485,5.6,5.8,5.6,6.1,6.7,6.7
48487,7.6,4.9,4.7,4.6,5.4,6.5
48489,6.4,7.4,7.5,8.2,8.1,10.2
48491,6.3,6.5,7,7.3,7.5,6.9
48493,6.9,5.6,5.4,5.5,5.5,5.5
48495,6.1,6.6,5.9,3.3,3.5,2.9
48497,7.1,8.1,8.9,10.2,10.7,8.6
48499,9.8,7.9,7.4,8.2,9.1,8.2
48501,7.4,7.2,6.2,9.5,8.1,8.4
48503,3.5,4.3,5.6,4.5,5.9,6
48505,7.2,7.2,7.7,6.7,8.2,8.9
48507,10.5,9.8,9.9,11.1,12.2,10.2
49001,4.7,8.8,10.2,10.7,10.6,9.5
49003,4.5,4.5,5.7,5.8,6.5,6.3
49005,5.7,5.5,6.3,6.9,7.2,6.4
49007,7.8,7.4,7.5,9.5,8.8,8.3
49009,1.7,2.5,2.7,7.8,7.8,8.8
49011,4.4,4.7,5,5,5.1,4.7
49013,3.6,4.1,5.2,5.6,4.5,5.2
49015,3.2,3.4,5.4,5.6,6.1,6.6
49017,3.2,1.9,3.3,5.3,6.9,6.8
49019,6.1,5.9,8.4,7.1,7,8.4
49021,6.6,8.9,11.3,13.1,13.7,12.9
49023,5.6,6.2,6.3,7.5,5.8,5.6
49025,3,4.6,5.5,5.8,5.9,6.7
49027,5,7,7,6.9,5.8,6.5
49029,3,4.3,6.7,5.8,5.3,6.1
49031,4.1,5.3,8.6,10.3,9.4,9.8
49033,1.6,2.7,4.2,6.7,8.3,6.1
49035,5.1,6,6.7,7.3,7.6,7
49037,8.5,6.4,8.4,6.4,8.9,9.6
49039,5.2,7,9.3,8.8,9.6,9.7
49041,4.5,4.6,5.3,6,6.2,6.4
49043,3.4,4.6,4.9,5,5.3,4.4
49045,5.1,5.4,5.8,6.9,6.8,7.6
49047,5,5.2,5.3,6.6,6.3,4.4
49049,5.2,5.6,6.1,6.9,7.2,6.7
49051,3.1,4,4.7,5,6.1,5.8
49053,5.4,7,8.7,9.9,10.2,9.4
49055,3.6,3.6,4.1,3.9,3.5,2.7
49057,6.3,7.1,7.5,7.6,7.9,7.3
50001,4.5,5.6,6.2,6.9,7.3,6.6
50003,5.2,6,6.7,7,7.9,7.3
50005,6.8,6.6,6.6,7.7,8.3,7.5
50007,5,5,5.4,5.7,6.1,5.8
50009,7.2,8.3,9.3,10.7,11.4,10.4
50011,6.2,6.2,6.7,6.6,6.4,5.6
50013,6.8,5.5,6.8,7.5,7.7,7
50015,6.2,5.2,4.9,4.8,4.5,4.6
50017,6.2,6,6.3,6.2,6.6,5.7
50019,6.4,7.2,7.6,7.7,7.2,6.5
50021,7.1,7.7,8.5,8.5,8.7,7.5
50023,4.9,5.5,5.2,5.9,5.8,5.3
50025,5.2,6.3,7.1,6.9,7,7.5
50027,5.4,5.5,6.4,5.9,6.3,5.8
51001,8.9,9.2,7.6,7,6.4,7.5
51003,3.6,4.2,4.3,4.4,4.5,4.4
51005,4.6,6.2,7.3,5.8,7.1,6.2
51007,7.6,7,7.6,8,7.2,6
51009,4.1,5.7,7.5,7.7,7.5,7.6
51011,8.6,7.7,9.4,8.3,7.4,7.3
51013,3.1,3.2,3.4,3.6,3.9,3.6
51015,3.8,4.6,4.8,4.8,5.6,5
51017,2.9,2.7,2.2,3.1,1.6,4.1
51019,3.4,5,6,6.3,6.9,7
51021,4.6,5.6,5.1,8.2,8.1,8.3
51023,3.5,3.8,4.4,5,5.5,5.3
51025,10.5,8.4,11.8,11.1,11.6,9.8
51027,7.9,12.8,9.5,10.4,11.4,11.2
51029,3.4,6,8.1,7.4,10.8,11.2
51031,5.4,5.9,7,7.5,7.7,6.8
51033,5.8,8.5,10.6,10.9,12.3,11.6
51035,7.3,8.4,8.5,9.4,8.3,7.8
51036,6.4,8.4,8.3,8.6,8.1,10
51037,9.1,10.5,8.8,8.4,7.1,6.4
51041,4.7,5.5,6,6.9,7.4,7.4
51043,4,4.2,4.8,5.9,6.3,6.2
51045,0.7,1.9,1.9,4.3,6,6.6
51047,4.5,5.6,6.2,6.5,6.9,7.2
51049,6.9,7.6,9.3,9.1,9.2,10.3
51051,10.2,9.4,9.8,10.1,10,9.5
51053,6.2,7.5,9.5,10,10.1,10.2
51057,4.2,4.9,6.4,7.5,7,7.9
51059,3.9,4.3,4.7,5,5.2,5.1
51061,4.2,4.7,5.5,5.9,6.4,5.4
51063,7.9,6.6,6,7,8.2,6.5
51065,5,4.7,5.5,6,5,6.3
51067,6.7,7.5,7.7,8.8,8.3,7.1
51069,4.5,5.2,5.5,6,7,6.4
51071,9.3,6.4,7.6,6.8,6.7,5.4
51073,3.1,4.1,5.2,6.4,5.8,5.9
51075,5.1,4.6,4.2,5.5,5.6,5.2
51077,5.9,5.8,5,6.8,8.4,9.2
51079,4.1,4.3,4.7,4.5,6,6.3
51081,8,10,8.5,10.5,8.7,8.8
51083,8.5,9.2,10.6,9.6,9.8,9.3
51085,3.5,3.8,4.3,5,5.3,5.2
51087,5.7,6.6,7,7.7,7.9,7.6
51089,8.5,11,12.3,12.5,13.1,11.9
51091,0.2,0.6,0.9,1.7,2.3,1.9
51093,4.2,4.9,6.3,7.7,7.7,8.3
51095,3.4,3.9,4.6,5.8,6.4,5.8
51097,5.8,4.9,5.5,5.7,6.1,5
51099,5,5.6,5.7,6.7,7.3,7.3
51101,4.4,5.2,6.7,6.3,5.8,5.8
51103,6.8,5.7,7.6,8.1,8.5,8.3
51105,7.6,6.7,7.9,9.1,11.2,11.7
51107,3.6,3.8,4.3,4.4,4.5,4.3
51109,5.1,5.9,5.5,6.2,8.2,8
51111,10.7,9.9,8.3,9.8,9.9,7.4
51113,4,6,5.9,7.7,7.2,6.8
51115,3.9,4.8,5.8,4.9,5.7,4.3
51117,7.4,9.3,8.8,9.3,9.6,7.9
51119,3.3,2.7,4.1,5.4,6.6,6
51121,6.4,6.4,6.4,6.2,6.3,6
51125,5.5,4.8,5.7,6.7,9.1,6.2
51127,5.2,6.1,7.7,8.7,8.6,7.4
51131,5.7,5.6,8.5,8.8,11.3,9.1
51133,2.9,2.9,5.2,9.6,9.8,8.7
51135,9.1,8.8,8.6,12.9,13.2,10.9
51137,5.2,8,9.2,9.8,9.6,9.5
51139,7,9,9.8,10,11.4,11
51141,9.7,11.7,11.4,11.5,10.9,10.4
51143,8.1,9.4,10,8.8,9.3,8.3
51145,3.1,3.2,4.2,4.7,6.4,4.5
51147,5.5,6.6,7.6,10,8.4,8
51149,8.6,7.4,8,9.8,10.9,10.6
51153,4.4,4.9,5.4,5.7,6.4,5.8
51155,8.5,9.2,10,9.6,9,7.7
51157,2.1,3.6,3.5,4.4,4.2,3.3
51159,2.8,3.1,4.6,6.4,10.5,10.8
51161,3.6,4,4.6,4.7,5.6,5.6
51163,3.7,4.4,4.2,4.4,3.4,3.3
51165,3.3,4.1,4.7,5.5,5.9,6
51167,6.2,5.8,7.6,8.2,7.9,8.8
51169,7.8,6.4,6.9,8.5,9.5,8.5
51171,4.8,5.4,5.7,5,5.7,5.7
51173,5.9,6.7,7,7.5,8.1,7.6
51175,6.1,4.8,6.4,7.6,6.9,6.6
51177,5.9,6.4,6.9,7.1,7,6.5
51179,5,5.6,6.2,6.7,6.6,5.9
51181,9.1,9.4,10,9.5,11,10.1
51183,9.6,10.9,9.5,10.5,6.5,6.2
51185,6.5,7.3,8.1,7.5,8.6,8.9
51187,4.9,5.9,5.9,7.4,8.2,7.8
51191,5.5,6.5,6.1,6.4,7.1,7.5
51193,9.4,8.2,9.9,11.5,10.8,10.5
51195,7.1,8.3,8.5,10.4,10.7,11.1
51197,6.1,8.1,9.3,9.3,9.8,10.1
51199,3.2,3.8,4.5,4.6,5.1,5.6
51510,4.3,3.9,4.5,5.1,5,4.7
51515,3.7,3.4,7.1,6.3,6.6,NA
51520,9.6,10.5,11.5,12.8,12.7,11
51530,6.9,8.1,7.7,6.7,7.9,7.8
51540,4.9,4.5,5.7,6.4,5.7,5
51550,5.1,4.9,6,6.6,7.5,7.6
51570,6.6,6.4,7.6,7.5,8.3,7.2
51580,8.5,4.5,4.9,5.2,5.8,5.1
51590,12.7,12.8,13.8,15.5,15.6,14.7
51595,10.4,11.9,14.1,18.9,18.6,17.2
51600,4.1,4.7,4.4,5.4,5.7,5.5
51610,4.5,6.1,6.3,5.7,4.9,5
51620,9.1,12.4,13.8,13.7,12.3,14
51630,6.3,10.3,9.7,10.5,11,10.4
51640,7,8.5,3.8,7,7.4,8.2
51650,7.9,7.9,8.3,9.7,10.7,10.5
51660,6.7,6.7,6.5,6.8,7.6,6.8
51670,13.1,14.6,17.5,17.9,16.5,13.7
51678,1.8,1.4,1.7,2.9,3.7,5.1
51680,8.8,9.9,10.4,10.6,11.7,9.6
51683,5.6,6.5,7.3,7.5,7.2,8
51685,4,4,4.9,4.3,4.5,3.7
51690,12.6,11.8,12.9,15.7,14,14.2
51700,7.1,7.9,8.8,9.2,9.8,9.6
51710,8.6,9.6,10.4,11.6,11.9,11.6
51720,1.9,2.4,5.5,5.6,8,11.3
51730,13,14.2,14,16.6,16.6,15.1
51735,5.1,3.8,4.7,4.5,4.4,4.7
51740,8.1,7.4,8.2,9.8,10.6,10.5
51750,13,11.3,9.8,10.3,8.6,9.4
51760,10.2,10.5,11,11,11.3,10.7
51770,6.8,6.7,7.1,7.7,8.5,8
51775,4.8,6.6,6.9,7.8,7.2,5.9
51790,4.7,5.3,5.8,5.8,7.2,6.4
51800,6.1,6.6,7.3,7.3,8.6,8.9
51810,4.8,5.3,5.8,6.3,6.5,6.2
51820,8,10.8,9.9,7.9,8.6,7.8
51830,7.9,6.1,6.5,8,8.4,6.2
51840,5.7,6.8,8.8,8.2,7.2,7.2
53001,10.1,10.7,13.6,12.3,12.5,12.3
53003,5.4,5.2,6.4,6.9,8.1,8.5
53005,6.7,6.3,6.3,6.7,7.3,7.2
53007,6.6,6.7,7.6,8.3,8.7,9.2
53009,7,7.2,8.2,10,11,10.6
53011,8.7,9.4,10.3,10.9,11.2,10.1
53013,11.6,10,10.3,7.3,7.5,7.2
53015,8.8,11.1,11.6,13,13.2,13.5
53017,7,7.3,7.7,8.5,8.3,7.9
53019,15,12.7,13,13.7,14.3,13.2
53021,8.2,8.1,7.3,8.4,8.9,7.5
53023,10.4,5.2,5.2,7.3,7.3,9.7
53025,10.2,10.1,11.2,12,12.5,11.4
53027,10.9,11.6,13.5,15,16.1,15
53029,6.6,6.5,8.3,9.1,9.6,9.7
53031,8.2,7.7,9.1,10,11.3,11
53033,5.7,6.2,6.9,7.3,7.7,7.2
53035,7.6,8.5,8.9,9.6,9.6,9
53037,6.9,7.9,8.8,9.9,10.2,9.3
53039,8.3,6.5,8.6,8.2,10,7.8
53041,9.1,9.3,11.8,12.6,13.5,13.5
53043,4.5,5.2,6.8,5.1,5.4,4.7
53045,10.7,11.7,13.1,13.9,14.4,13.6
53047,8.7,8.8,9.2,10.8,11.1,10.3
53049,6.3,6.6,8.5,9.1,9.6,9.1
53051,9.7,8.3,10,11,12.9,11.8
53053,7.7,8.4,9.6,10.3,10.9,10.3
53055,2.4,3.1,3.8,5.3,6.2,6.2
53057,5.7,6.4,8.2,8.8,9.8,8.9
53059,6.8,8.6,7.7,8.2,11.1,10.5
53061,6.1,7.2,8.2,8.6,9.3,8.7
53063,7.4,8.1,9,9.6,10,9
53065,11.2,10.4,10.2,11,11.4,10.1
53067,6.8,7.2,7.6,8.6,9.4,9.1
53069,9,10.3,14.9,12.6,13.3,12
53071,7.3,7,6.5,6,7.3,6.9
53073,7.5,8.2,8.7,9.2,9.4,9
53075,5.8,5.8,5,6.3,6.1,7.6
53077,10.2,10.8,10.4,10.8,11,10
54001,7.5,6.1,8.3,7.9,8,8.9
54003,7,8.6,10.1,11.1,11.9,11.2
54005,6.5,6.7,7.5,7.7,10.3,9.3
54007,9.3,10.5,10,10.3,13.5,13.7
54009,8.3,8.7,10,10.5,10.1,8.1
54011,6.6,6.6,7,7.3,7.8,7.1
54013,5.3,8,10.2,12.9,16.2,18.9
54015,9.8,8.2,7.6,7.9,8.8,9.9
54017,5.6,6.3,6,6.5,8.4,10.2
54019,6.8,8.1,8.1,8.8,10.3,10.4
54021,13.7,9,4.7,7.4,8.9,8.8
54023,3,3.8,2.9,5.3,7.2,7.6
54025,6.7,7.1,7.8,7.5,7.5,7.1
54027,6.6,7.1,7.1,9,10,10.1
54029,8.4,9.5,9.8,9.4,10,7.7
54031,5,7.1,8.6,10.7,10.6,9.1
54033,6.3,7,7.4,6.9,7.2,7.2
54035,6.7,8.5,8.5,8.8,8.3,8.7
54037,5.1,6.1,7.4,8.1,9,9
54039,7,6.8,7.3,7.4,7.4,7
54041,8.6,6.2,5.4,5.7,7.1,6.1
54043,8.5,9.1,9.9,9.4,9.4,9.1
54045,9.2,9.1,9.8,8.8,10.3,9.7
54047,6.1,5.7,9.2,10.3,12.1,12.9
54049,6,5.8,4.9,5.4,5.3,5.2
54051,8.8,9.6,9.9,9.4,8.2,7.7
54053,10.4,9.8,8.6,9.3,8.6,9.6
54055,5.8,6.6,6.4,6,6.6,5.9
54057,6.7,7.8,8.3,10.9,11.7,11
54059,7.3,9.9,11.5,10.9,10.2,13
54061,5.5,5.3,5.4,6.2,5.9,6.1
54063,8.1,8.2,8.2,8.5,9.2,8.6
54065,8.1,11.9,12.1,13.2,16.2,14.1
54067,6,7.7,8.8,8.7,8.3,9.6
54069,6.9,6.8,6,6.5,6.5,5.8
54071,2,3.3,3.6,2.2,3.1,3.4
54073,8.1,10,14,11.1,8.1,6.9
54075,5.7,6.7,6.4,5.8,8.1,6.5
54077,5.6,6.1,6.8,6.7,7.8,8
54079,4,3.8,4.3,4.4,4.9,4.4
54081,6,6.5,6.1,6,6.7,6.5
54083,6.5,6.7,8.2,8.2,8.3,7.4
54085,6,8.2,9.7,8.1,10.8,11.4
54087,7.5,8.4,6.9,9.2,10.5,11.6
54089,3.9,4.7,5.8,4.6,7.9,8
54091,7.4,7.2,6.9,8.4,9.2,8.3
54093,5,4.9,3.3,4.6,6.3,7.6
54095,11.8,11.3,11,11.6,12.6,10.4
54097,6.3,6.1,6,6.7,6.4,7.5
54099,6.9,6.9,7.6,7.5,9,9.5
54101,8.4,10.2,11.9,12.1,13.9,14.4
54103,8.3,6.9,5.8,7.5,8.5,8
54105,15.8,12.7,16.6,15.1,17.1,12
54107,7.4,7.8,8.3,8.8,9.8,9.7
54109,4.4,5.3,4.6,5.8,6.5,8.3
55001,8,8.4,9.3,10.6,11.5,10.8
55003,8.8,9.1,9.6,9,8.8,9
55005,6.9,6.8,7.1,8,7.8,6.9
55007,7.6,6.8,8.1,8.9,8.9,7.6
55009,6,6.3,6.7,6.9,7.4,7
55011,4.7,4.6,4.9,4.4,5.4,4.4
55013,7.3,10.2,10,10.9,11,10.3
55015,4.6,4.3,5.1,5.2,4.8,3.5
55017,5.9,7,7.6,7.3,7.6,6.7
55019,5.4,5.7,6,6.1,6.1,5.8
55021,4.2,4.9,5.8,5.9,6.2,6.4
55023,4.7,5.5,6.2,6.9,7.4,7
55025,4.7,5,5.4,5.5,5.7,5.5
55027,5.2,6.3,7.1,7.2,8,7.2
55029,6.1,6.3,6.6,6.9,7.3,7.6
55031,6,6.3,6.9,7.3,8.4,8.2
55033,7.3,7.7,7.2,6.8,7.7,6.3
55035,5.8,5.6,6.1,6.2,6.3,5.7
55037,5.7,5.5,5.9,5.7,7.2,7.4
55039,5.4,6.6,6.7,7.1,7,6.7
55041,9,8.9,8,8.2,9.3,10
55043,4.2,4.4,4.6,4.5,4.8,4.8
55045,4.6,5.4,5.9,5.5,5.6,4.7
55047,5.2,5.6,5.7,6.9,6.9,6.9
55049,5.1,4.9,4.9,5.3,5.4,4.7
55051,7.9,8.1,9.1,7.8,9,9.7
55053,6.3,4.7,5.5,5.9,6.1,5.9
55055,5.6,6.5,7.1,7.1,7.2,6.5
55057,6.6,8.1,8.5,9.2,10,9.3
55059,7.7,8.4,9.4,10.2,11.2,10.6
55061,4.6,4.5,4.9,5.1,6.3,5.5
55063,5.2,5.2,5.9,5.7,5.9,5.6
55065,3,3.6,4,4.1,4.4,4.3
55067,7.6,7.5,7.6,7.9,8,7.7
55069,5.6,5.2,6.1,6.8,7.7,6.7
55071,6.4,7,7.4,7.5,7.8,6.5
55073,5.6,6.5,6.7,7.3,7.2,6.8
55075,6.9,7.8,8.5,9.1,9.8,9
55077,8.2,9.1,9.5,9.8,9.3,8.4
55078,21.8,21.4,18.1,19.5,20.4,16.2
55079,8.9,9.3,10,10.6,11.2,10.5
55081,4.4,4.7,5.4,6,6.3,6.3
55083,6.2,7.5,7.1,7.1,7.7,7.1
55085,5.1,5.5,6.3,7.2,7.5,7.3
55087,5.4,5.7,5.6,5.5,5.5,4.8
55089,4.2,4.6,5.5,6,5.8,5.1
55091,5.3,5.8,6.3,6.4,6.3,5.8
55093,4.9,5.6,5.6,5.4,5,4.9
55095,6.4,7.3,7.8,8.4,8.8,8.2
55097,5.7,6.1,6.7,7.5,8.1,7.8
55099,6.5,6.8,7,6.7,6.3,5.4
55101,6.9,8,8.7,9.7,10.3,9.4
55103,5.5,5.5,5.5,5.2,6,5.9
55105,7.6,9,9.5,10.1,10.3,9.4
55107,5.7,7.3,8.3,8.9,9.3,8
55109,4.9,6.2,6.5,6.7,6.8,6.1
55111,5.3,5.4,6.1,6.4,6.9,5.7
55113,8.9,8.7,9.1,9.4,9.4,9.4
55115,6.4,7.5,8,7.9,7.8,6.9
55117,5.3,5.8,6.5,6.9,7.1,6.8
55119,6.3,7.1,7.9,7.9,7.7,6.3
55121,4.2,5.3,5.7,5.7,5.6,4.9
55123,4.5,5.1,5.8,5.6,5.5,5
55125,7.1,8.9,9.2,9.4,9.8,9.1
55127,6.3,6.9,7,7.8,8.4,8
55129,5.7,7.2,7.6,7.7,8.1,7.9
55131,4.8,5.3,5.8,5.9,6.2,5.6
55133,4.1,4.8,5.3,5.5,5.7,5.1
55135,6.5,7.1,7.8,7.8,7.7,7.1
55137,7.6,7.9,8.6,9.1,8.4,8.2
55139,5.5,6,5.9,6.4,6.5,5.7
55141,5.9,6.4,6.9,6.9,7.4,6.9
56001,3.9,3.6,4.4,4.5,4.9,5.5
56003,6.4,4.7,5.4,5.8,5.6,4.9
56005,4,3.5,3.5,3.8,4.1,4.2
56007,5,4.7,4.6,5,4.8,4.2
56009,4,4.2,4.3,4.3,4.6,4.3
56011,0.9,1.6,1.8,2.8,3.7,3.9
56013,6.6,7,7.7,9.4,9.9,9.8
56015,4.6,3.1,3,4.4,5.2,5.3
56017,2,1.6,2.4,2.4,3.2,3.1
56019,1.7,2.7,3,2,1.7,2.4
56021,5.2,5.1,4.8,5.1,5.7,5.1
56023,4.3,5.8,7.5,5.8,9.1,7
56025,4.7,4.5,5.1,5.5,5.8,5.5
56027,1.3,2.5,3.8,5.1,3.8,3
56029,4.4,4.1,3.4,4,3.8,3.3
56031,4.9,4.4,2.4,2,2.5,2.5
56033,3.2,3,3.3,3.5,4.5,3.9
56035,7.8,4,5.7,5.3,4.9,5.2
56037,3.8,4.7,5.3,5.7,6.4,5.6
56039,3.1,4,3.6,5.3,4,3.6
56041,4.8,5.8,5.9,5.6,6,5.8
56043,3.3,4.4,4.4,5.9,5.3,7.9
56045,4.3,2.3,3.3,4.8,4.1,3.6
