fips,medianTaxes2010,medianTaxes2011,medianTaxes2012,medianTaxes2013,medianTaxes2014
1001,366,392,415,433,441
1003,557,574,587,586,590
1005,298,314,321,311,314
1007,210,225,222,246,247
1009,352,368,384,399,417
1011,308,354,344,332,288
1013,306,329,332,330,328
1015,399,420,428,433,444
1017,259,283,291,322,344
1019,360,388,408,402,402
1021,385,384,402,401,391
1023,200-,200-,200-,200-,200-
1025,279,292,283,277,268
1027,210,220,229,247,265
1029,337,374,410,437,426
1031,415,460,490,509,529
1033,355,374,391,373,378
1035,314,346,319,320,306
1037,212,200-,225,256,261
1039,265,293,295,299,307
1041,206,247,258,249,277
1043,291,297,311,339,353
1045,300,332,357,388,386
1047,288,307,323,345,358
1049,269,303,318,323,334
1051,367,395,424,423,428
1053,336,358,365,365,377
1055,372,399,413,424,429
1057,200-,209,231,226,234
1059,282,296,301,284,287
1061,224,252,270,273,287
1063,242,250,269,261,250
1065,217,247,293,310,326
1067,334,354,373,360,342
1069,359,386,407,406,419
1071,269,281,306,322,339
1073,802,857,882,888,912
1075,200-,200-,200-,200-,200-
1077,456,483,517,534,545
1079,281,310,306,315,330
1081,693,726,752,776,802
1083,378,416,445,468,487
1085,279,280,347,338,325
1087,336,350,332,373,368
1089,667,709,730,747,763
1091,265,278,279,282,283
1093,200-,218,230,245,251
1095,388,422,452,462,476
1097,601,634,662,671,680
1099,244,236,240,242,247
1101,435,460,478,485,484
1103,427,449,466,476,483
1105,200-,200-,215,200-,206
1107,250,246,269,268,285
1109,320,310,319,342,355
1111,301,311,312,310,304
1113,407,437,475,505,523
1115,391,423,432,451,454
1117,905,944,958,959,978
1119,250,240,247,251,260
1121,340,358,365,369,372
1123,292,296,308,326,355
1125,479,493,527,559,586
1127,232,253,262,255,270
1129,235,253,238,249,243
1131,246,231,271,291,287
1133,241,246,257,280,261
2013,200-,200-,200-,200-,7500
2016,2321,2641,2716,2659,2478
2020,3563,3650,3727,3849,3882
2050,200-,200-,1071,200-,1298
2060,1513,1607,1778,1805,1963
2068,200-,200-,200-,200-,200-
2070,2132,2180,2328,2451,2455
2090,2693,2769,2789,2807,2822
2100,1012,1282,1248,1343,1535
2105,678,1750,2440,2281,1986
2110,2854,2865,2859,2914,2884
2122,1501,1526,1502,1524,1546
2130,2157,2230,2237,2180,2123
2150,1841,1997,2098,2087,2375
2164,1250,2071,2100,200-,-
2170,2436,2514,2570,2600,2613
2180,1948,1969,1683,1445,1597
2185,1888,2121,2198,2104,2183
2188,2944,2300,1808,1656,1841
2195,2089,2108,1965,2072,1929
2198,1153,1144,1175,1200,1283
2220,1683,1711,1698,1715,1719
2230,1483,1660,1765,1787,1704
2240,1848,1828,1677,1750,1727
2261,1829,1730,1831,2001,2117
2270,200-,200-,200-,200-,2417
2275,1174,1164,1085,938,1165
2282,768,1016,979,1093,1133
2290,750,617,608,700,369
4001,598,643,663,646,627
4003,977,1023,1071,1070,1088
4005,1290,1337,1353,1377,1400
4007,942,959,1018,1086,1087
4009,627,659,696,724,746
4011,303,302,363,349,357
4012,831,824,803,830,812
4013,1418,1439,1433,1427,1408
4015,916,925,931,919,896
4017,842,847,879,895,861
4019,1614,1678,1703,1712,1701
4021,1383,1407,1361,1326,1280
4023,1131,1186,1231,1222,1208
4025,1246,1285,1300,1310,1316
4027,895,935,958,963,961
5001,391,392,404,406,422
5003,365,366,375,367,371
5005,585,623,639,653,653
5007,929,998,1039,1052,1102
5009,546,570,574,580,583
5011,387,390,391,392,396
5013,275,282,328,319,348
5015,643,673,709,753,742
5017,346,375,384,398,394
5019,464,480,513,500,485
5021,373,371,387,394,393
5023,484,503,526,519,527
5025,399,450,433,445,478
5027,393,448,463,478,479
5029,421,412,428,438,472
5031,572,614,640,664,698
5033,550,554,596,627,654
5035,587,588,592,612,682
5037,385,399,410,413,437
5039,371,375,365,370,370
5041,322,354,370,379,390
5043,403,443,459,483,513
5045,706,738,802,844,903
5047,441,477,497,489,526
5049,391,447,478,483,476
5051,581,613,661,666,673
5053,440,471,483,507,531
5055,472,496,527,557,598
5057,355,367,367,382,370
5059,437,455,460,464,493
5061,370,384,389,409,443
5063,496,515,512,536,553
5065,461,489,496,492,496
5067,351,357,356,349,324
5069,450,486,508,510,506
5071,442,440,434,467,467
5073,331,332,324,307,328
5075,351,361,359,361,365
5077,286,274,292,313,340
5079,386,392,389,374,373
5081,356,374,372,382,359
5083,452,466,487,451,451
5085,684,707,748,799,841
5087,396,409,422,455,442
5089,489,509,499,523,530
5091,551,580,606,605,617
5093,364,375,378,372,411
5095,351,378,381,385,377
5097,388,400,378,386,390
5099,364,363,342,345,319
5101,345,360,366,359,354
5103,372,374,390,386,393
5105,409,444,434,421,473
5107,345,360,366,357,341
5109,426,426,411,435,432
5111,355,355,359,357,372
5113,366,400,422,426,429
5115,488,533,558,578,654
5117,376,377,392,382,382
5119,915,973,1007,1058,1102
5121,333,355,355,377,381
5123,355,355,368,379,383
5125,798,836,889,920,970
5127,343,362,349,367,365
5129,325,342,378,407,452
5131,639,674,698,720,721
5133,346,345,343,339,341
5135,387,386,395,413,439
5137,355,353,368,363,374
5139,395,421,432,454,456
5141,403,393,387,419,448
5143,909,959,987,1007,1056
5145,473,491,509,522,523
5147,363,369,360,357,343
5149,400,429,492,508,521
6001,3993,4181,4270,4324,4411
6003,2244,2417,2020,1945,2274
6005,1932,1992,2043,2080,2059
6007,1548,1647,1648,1663,1684
6009,2193,2199,2235,2211,2146
6011,1403,1434,1431,1438,1431
6013,3883,3929,3921,3883,3936
6015,1416,1545,1470,1463,1380
6017,2744,2772,2843,2920,2913
6019,1666,1716,1721,1726,1734
6021,1433,1459,1468,1526,1570
6023,1651,1733,1750,1789,1784
6025,1343,1374,1393,1379,1365
6027,1414,1496,1533,1606,1542
6029,1746,1784,1795,1810,1793
6031,1353,1419,1427,1423,1408
6033,1645,1639,1609,1586,1518
6035,1234,1321,1408,1449,1406
6037,2989,3131,3218,3301,3372
6039,1616,1685,1669,1613,1603
6041,5500,5718,5942,6099,6274
6043,1482,1566,1708,1686,1686
6045,2002,2078,2065,2107,2137
6047,1558,1543,1457,1442,1434
6049,953,1171,1199,1183,1103
6051,2299,2556,2426,2328,2284
6053,2894,2912,2874,2818,2800
6055,3342,3457,3524,3498,3563
6057,2697,2875,2901,2929,2856
6059,3404,3519,3620,3703,3807
6061,3441,3516,3488,3481,3525
6063,1475,1457,1476,1573,1616
6065,2618,2659,2642,2603,2606
6067,2204,2243,2251,2225,2245
6069,3716,3684,3487,3416,3257
6071,1997,2046,2083,2052,2073
6073,2955,3046,3086,3144,3226
6075,4311,4542,4793,4949,5226
6077,2340,2337,2273,2211,2173
6079,3002,3095,3122,3120,3159
6081,4424,4683,4847,4977,5163
6083,2919,3026,2996,3049,3116
6085,4694,4868,4983,5121,5275
6087,3661,3777,3767,3797,3881
6089,1595,1636,1663,1661,1656
6091,1486,1403,1353,1429,1393
6093,1245,1292,1301,1359,1384
6095,2700,2714,2654,2550,2475
6097,3160,3207,3202,3244,3282
6099,1874,1852,1820,1758,1753
6101,1858,1893,1914,1930,1928
6103,1186,1213,1272,1297,1312
6105,1081,1196,1312,1384,1466
6107,1320,1370,1373,1390,1370
6109,1755,1750,1760,1738,1755
6111,3372,3463,3480,3515,3565
6113,2708,2855,2883,2912,2942
6115,1566,1616,1674,1633,1639
8001,1593,1624,1621,1623,1613
8003,747,774,788,793,854
8005,1546,1573,1603,1661,1659
8007,1260,1384,1367,1393,1265
8009,399,357,375,387,408
8011,423,494,503,497,492
8013,2014,2097,2203,2243,2294
8014,1977,2035,2109,2181,2186
8015,794,812,883,917,952
8017,398,419,345,408,446
8019,1557,1575,1554,1498,1472
8021,540,533,523,543,567
8023,317,386,376,397,428
8025,447,442,444,447,454
8027,796,826,926,945,915
8029,733,768,806,818,823
8031,1305,1337,1358,1404,1443
8033,606,619,596,584,552
8035,2590,2642,2650,2654,2633
8037,2205,2431,2460,2375,2277
8039,1880,1922,1911,1931,1905
8041,1017,1066,1109,1119,1124
8043,739,719,771,773,765
8045,1276,1333,1385,1397,1374
8047,861,939,904,801,767
8049,1136,1206,1263,1259,1203
8051,1074,1157,1187,1193,1231
8053,919,966,956,992,970
8055,614,612,636,650,632
8057,441,400,389,433,401
8059,1805,1822,1849,1863,1863
8061,424,444,471,481,472
8063,649,769,753,799,791
8065,888,932,974,1029,1067
8067,840,915,953,985,980
8069,1570,1588,1605,1635,1648
8071,422,428,442,437,440
8073,653,645,725,750,811
8075,753,752,775,755,753
8077,1025,1076,1093,1089,1072
8079,915,954,933,954,989
8081,706,760,858,892,880
8083,717,734,735,765,779
8085,877,922,942,952,952
8087,862,873,903,890,916
8089,486,484,498,509,505
8091,1477,1547,1489,1431,1428
8093,1114,1136,1140,1159,1122
8095,805,820,886,940,937
8097,2574,2584,2598,2650,2618
8099,485,493,503,511,487
8101,998,1024,1052,1055,1033
8103,609,694,743,736,766
8105,622,631,660,646,641
8107,1517,1650,1657,1697,1611
8109,482,507,520,538,565
8111,954,1049,1016,1030,979
8113,1276,1283,1383,1286,1368
8115,484,485,491,509,508
8117,1671,1677,1731,1847,1877
8119,1196,1208,1249,1229,1207
8121,613,651,677,692,683
8123,1264,1260,1246,1237,1223
8125,584,584,623,713,732
9001,6221,6498,6601,6769,6898
9003,4310,4518,4667,4774,4862
9005,4030,4202,4355,4460,4559
9007,4458,4684,4860,4983,5041
9009,4621,4863,5004,5164,5316
9011,3539,3677,3833,3939,4082
9013,4325,4499,4647,4702,4860
9015,2970,3137,3257,3391,3440
10001,833,867,883,917,943
10003,1385,1456,1498,1582,1620
10005,662,706,719,740,741
11001,2049,2222,2379,2519,2601
12001,1984,2039,1998,1962,1995
12003,867,875,884,923,960
12005,1075,1063,1067,1057,1061
12007,835,913,971,899,780
12009,1618,1629,1555,1489,1449
12011,2664,2618,2510,2423,2369
12013,725,716,713,609,613
12015,1780,1782,1791,1755,1720
12017,1021,1048,1022,968,941
12019,1569,1518,1476,1470,1442
12021,2399,2380,2292,2219,2093
12023,1147,1097,1108,1030,1040
12027,966,1070,1098,992,971
12029,503,601,557,532,540
12031,1500,1540,1530,1529,1507
12033,1135,1149,1087,1033,992
12035,1702,1720,1704,1676,1666
12037,726,715,799,943,1030
12039,779,817,834,833,855
12041,867,936,881,883,856
12043,970,944,925,965,934
12045,898,937,782,762,714
12047,668,693,701,672,648
12049,836,910,982,1041,995
12051,1133,1177,1031,1025,983
12053,1432,1401,1319,1226,1170
12055,938,954,960,931,894
12057,2168,2102,1999,1884,1805
12059,555,557,573,567,577
12061,1789,1713,1600,1516,1473
12063,630,633,591,567,570
12065,978,973,923,1031,1064
12067,938,880,1046,967,936
12069,1757,1811,1752,1621,1539
12071,2197,2098,1949,1796,1717
12073,1743,1768,1759,1746,1765
12075,735,753,750,753,761
12077,695,595,609,581,572
12079,736,778,707,759,751
12081,1973,1981,1922,1864,1843
12083,1299,1319,1300,1269,1222
12085,2315,2347,2253,2164,2137
12086,2756,2751,2656,2557,2484
12087,2673,2658,2642,2638,2778
12089,1572,1554,1618,1594,1544
12091,1322,1343,1347,1355,1374
12093,1112,1153,1141,1149,1144
12095,2152,2147,2058,1976,1910
12097,1887,1883,1736,1618,1485
12099,2679,2682,2626,2587,2551
12101,1363,1352,1305,1267,1238
12103,1699,1670,1581,1513,1480
12105,1274,1290,1229,1167,1116
12107,813,853,845,867,874
12109,2702,2748,2715,2694,2616
12111,2198,2150,2009,1912,1837
12113,1314,1334,1297,1299,1281
12115,2095,2033,1961,1869,1821
12117,1945,1959,1930,1869,1828
12119,1517,1695,1838,1939,2023
12121,753,755,752,761,813
12123,774,740,725,721,695
12125,785,879,881,839,835
12127,1713,1696,1642,1565,1485
12129,996,1048,1126,1132,1148
12131,831,854,844,860,909
12133,687,595,629,652,693
13001,506,508,572,567,528
13003,376,506,460,511,599
13005,468,517,544,605,593
13007,459,620,662,644,624
13009,747,833,860,910,901
13011,812,880,859,999,1066
13013,1145,1191,1184,1193,1197
13015,921,964,962,946,983
13017,561,604,650,695,774
13019,567,638,722,821,852
13021,982,1099,1230,1322,1412
13023,574,707,810,940,1045
13025,558,643,671,776,759
13027,743,857,985,1043,947
13029,1495,1497,1538,1548,1578
13031,891,969,1076,1136,1101
13033,558,598,598,636,665
13035,1281,1396,1473,1496,1556
13037,539,596,545,588,646
13039,1281,1309,1360,1404,1443
13043,799,885,891,924,916
13045,928,975,1037,1015,995
13047,871,931,942,999,1041
13049,596,724,672,872,974
13051,1382,1435,1474,1529,1587
13053,636,673,659,577,578
13055,509,534,548,563,543
13057,1665,1680,1665,1647,1649
13059,1549,1600,1621,1644,1620
13061,496,663,710,812,818
13063,1120,1152,1154,1130,1060
13065,551,583,652,680,825
13067,1665,1697,1687,1688,1661
13069,607,640,645,700,756
13071,594,648,717,780,788
13073,1466,1548,1619,1682,1743
13075,561,615,650,698,771
13077,1442,1541,1518,1599,1618
13079,853,821,891,942,985
13081,788,755,846,880,902
13083,592,634,655,668,646
13085,1430,1458,1735,1796,1716
13087,607,670,748,807,836
13089,1977,2015,2032,1979,1925
13091,518,541,562,600,653
13093,541,615,624,695,698
13095,1117,1207,1231,1316,1343
13097,1339,1369,1372,1382,1356
13099,561,654,746,763,818
13101,475,553,647,720,841
13103,1574,1655,1703,1734,1761
13105,571,643,741,768,752
13107,573,645,665,740,712
13109,708,697,776,875,903
13111,633,649,650,714,738
13113,2635,2648,2617,2543,2438
13115,925,1025,1021,1070,1118
13117,1973,2088,2136,2138,2125
13119,808,870,925,899,891
13121,2733,2782,2788,2756,2719
13123,749,824,871,829,809
13125,700,700,747,731,715
13127,1108,1183,1150,1090,1120
13129,755,835,884,909,929
13131,689,767,834,921,999
13133,847,876,958,1019,1191
13135,1950,2059,2181,2182,2199
13137,886,971,1031,1027,1047
13139,1394,1441,1457,1456,1429
13141,571,725,670,828,727
13143,759,867,953,1068,1053
13145,1396,1577,1696,1693,1710
13147,763,745,786,788,789
13149,575,560,564,586,594
13151,1838,1876,1805,1726,1621
13153,1133,1197,1249,1281,1317
13155,571,611,666,842,884
13157,1550,1628,1730,1741,1683
13159,1090,1272,1296,1271,1269
13161,437,539,586,657,691
13163,597,624,723,785,838
13165,513,542,582,630,587
13167,508,557,578,611,735
13169,990,1119,1230,1296,1365
13171,939,1098,1153,1247,1229
13173,857,1094,1230,1243,1203
13175,563,603,623,664,721
13177,1310,1384,1456,1560,1610
13179,1347,1419,1455,1553,1578
13181,813,862,956,958,1003
13183,678,787,1227,1363,1330
13185,915,986,1055,1102,1174
13187,1258,1273,1293,1256,1302
13189,592,760,866,947,1064
13191,767,846,1000,1004,1051
13193,563,568,607,627,713
13195,1058,1139,1182,1256,1182
13197,555,664,651,774,848
13199,710,732,754,811,891
13201,760,873,897,913,952
13205,676,862,875,906,996
13207,869,932,1009,1063,1097
13209,554,552,575,593,584
13211,1260,1364,1366,1361,1388
13213,531,568,628,661,609
13215,701,759,848,932,1014
13217,1455,1472,1429,1387,1329
13219,1827,1924,1990,2083,2051
13221,844,952,1054,1130,1140
13223,1384,1409,1434,1401,1347
13225,1051,1146,1252,1319,1374
13227,1134,1213,1270,1331,1399
13229,658,700,714,779,872
13231,1182,1302,1405,1525,1580
13233,780,861,890,963,1035
13235,608,686,698,862,926
13237,747,800,837,810,835
13239,404,496,541,545,547
13241,822,922,968,995,1013
13243,426,498,513,604,666
13245,911,983,1024,1079,1118
13247,1184,1247,1230,1213,1158
13249,515,636,783,986,1153
13251,549,675,736,798,859
13253,605,598,582,682,829
13255,1301,1366,1415,1448,1512
13257,871,918,926,937,931
13259,445,463,454,477,502
13261,855,926,1015,1142,1167
13263,519,511,555,646,688
13265,813,846,896,932,974
13267,675,693,795,849,882
13269,441,537,553,536,575
13271,472,531,589,630,668
13273,684,740,792,879,947
13275,935,977,1076,1149,1153
13277,920,967,1072,1112,1162
13279,508,568,621,646,683
13281,677,710,720,754,824
13283,486,491,550,515,574
13285,1129,1162,1187,1211,1193
13287,779,721,852,949,879
13289,466,556,566,558,571
13291,902,978,999,1090,1114
13293,673,696,708,714,723
13295,696,750,767,764,774
13297,1480,1592,1629,1655,1619
13299,645,744,829,835,817
13301,314,443,485,527,661
13303,589,638,701,739,791
13305,629,669,689,709,751
13307,532,587,546,516,466
13309,398,400,431,443,544
13311,1127,1203,1280,1333,1315
13313,757,806,788,839,822
13315,493,575,575,581,598
13317,641,734,784,887,926
13319,501,533,591,667,669
13321,648,641,681,709,703
15001,682,733,760,777,819
15003,1549,1587,1607,1630,1641
15005,-,-,-,-,-
15007,1099,1135,1122,1133,1166
15009,965,940,911,879,884
16001,1634,1559,1481,1460,1468
16003,920,876,820,828,805
16005,1298,1293,1319,1331,1339
16007,699,718,719,737,780
16009,763,756,818,849,865
16011,903,926,975,977,1001
16013,1977,1944,2148,2122,1996
16015,1044,986,973,977,938
16017,1111,1092,1096,1113,1112
16019,1211,1222,1233,1221,1212
16021,902,907,942,1051,1025
16023,800,847,856,839,837
16025,1058,910,943,946,994
16027,1326,1303,1273,1247,1226
16029,900,887,873,895,904
16031,692,717,749,767,787
16033,591,507,517,622,500
16035,872,889,888,918,891
16037,543,525,569,525,548
16039,1040,1051,1056,1078,1128
16041,1051,1101,1056,997,986
16043,799,798,822,884,879
16045,905,905,937,939,917
16047,857,855,859,877,847
16049,737,736,779,777,763
16051,928,943,975,993,1009
16053,1034,1047,1058,1037,1052
16055,1329,1296,1275,1248,1274
16057,1376,1392,1408,1459,1530
16059,786,780,810,816,807
16061,896,920,942,967,1010
16063,925,878,944,874,790
16065,1120,1204,1218,1245,1289
16067,718,710,729,725,747
16069,1475,1473,1511,1502,1516
16071,960,927,921,925,943
16073,689,713,698,755,747
16075,1131,1123,1085,1077,1015
16077,1259,1299,1313,1220,1183
16079,1069,1061,1008,947,946
16081,1228,1204,1180,1196,1240
16083,1072,1079,1139,1137,1164
16085,1123,1222,1213,1176,1143
16087,897,907,901,911,934
17001,1580,1619,1692,1746,1794
17003,709,576,651,616,618
17005,1665,1712,1647,1755,1804
17007,3453,3587,3642,3773,3788
17009,1209,1273,1397,1397,1345
17011,1931,1995,2085,2038,2108
17013,1408,1523,1577,1675,1763
17015,1955,2026,1950,1996,1961
17017,1480,1479,1412,1436,1461
17019,2905,2994,3097,3181,3225
17021,1307,1363,1357,1386,1410
17023,1328,1416,1487,1610,1696
17025,923,984,1067,1057,1084
17027,2162,2296,2438,2455,2503
17029,1756,1809,1773,1771,1839
17031,3681,3869,4117,4302,4464
17033,927,947,983,1076,1196
17035,1285,1332,1326,1391,1471
17037,4267,4452,4563,4683,4726
17039,1495,1731,1807,1840,1908
17041,1774,1849,1992,2034,2047
17043,5417,5771,5985,6115,6216
17045,1122,1135,1114,1185,1215
17047,844,823,819,935,955
17049,1640,1700,1815,1900,1911
17051,1084,1193,1180,1249,1284
17053,1806,1860,1949,1934,1909
17055,796,802,807,823,816
17057,1406,1457,1523,1505,1575
17059,553,600,650,697,725
17061,1070,1118,1129,1160,1146
17063,3666,3814,3910,3966,3977
17065,687,832,914,878,950
17067,1328,1378,1380,1414,1476
17069,447,421,527,515,527
17071,1217,1346,1346,1385,1405
17073,2067,2127,2164,2229,2234
17075,2023,2130,2182,2160,2154
17077,1663,1657,1780,1875,1830
17079,1000,1032,1076,1093,1196
17081,1228,1300,1291,1336,1314
17083,1712,1790,1866,1902,2014
17085,2137,2306,2330,2367,2404
17087,1084,1139,1175,1147,1189
17089,5112,5391,5533,5606,5714
17091,2839,2901,3010,3108,3202
17093,5365,5599,5817,5873,5954
17095,1480,1536,1560,1565,1591
17097,6285,6570,6663,6773,6862
17099,2632,2752,2796,2840,2819
17101,879,904,879,836,917
17103,2239,2308,2413,2493,2477
17105,2278,2365,2507,2576,2586
17107,1804,1844,1955,1955,1993
17109,1618,1674,1655,1644,1606
17111,5226,5471,5688,5784,5902
17113,3076,3242,3374,3503,3577
17115,1819,1894,1971,2005,2021
17117,1434,1492,1471,1476,1518
17119,2144,2300,2383,2425,2486
17121,1169,1172,1187,1191,1163
17123,2003,2152,2321,2327,2379
17125,1577,1538,1614,1703,1660
17127,1132,1131,1208,1264,1265
17129,2103,2139,2290,2312,2272
17131,1961,1952,1946,2037,2050
17133,3236,3396,3486,3548,3516
17135,1316,1386,1428,1514,1567
17137,1674,1685,1699,1773,1838
17139,1755,1868,1904,1936,1915
17141,2877,3105,3157,3236,3196
17143,2385,2530,2653,2711,2777
17145,1158,1180,1219,1242,1276
17147,1987,2135,2211,2273,2275
17149,1112,1124,1230,1207,1199
17151,1126,1101,1170,1119,1176
17153,526,558,639,663,682
17155,2049,2185,2209,2176,2234
17157,1196,1277,1280,1342,1383
17159,1158,1172,1156,1127,1167
17161,2240,2331,2403,2455,2468
17163,2291,2443,2567,2618,2610
17165,920,956,966,1060,1096
17167,2219,2289,2408,2455,2514
17169,1378,1442,1457,1456,1556
17171,1226,1275,1206,1247,1201
17173,1375,1457,1560,1614,1620
17175,1587,1581,1673,1804,1690
17177,2352,2417,2452,2572,2599
17179,2320,2409,2464,2541,2653
17181,1096,1112,1190,1218,1270
17183,1317,1356,1406,1416,1415
17185,1143,1212,1252,1263,1305
17187,1449,1525,1467,1502,1549
17189,1780,1786,1872,1948,2036
17191,755,729,752,826,806
17193,783,813,853,880,913
17195,1993,2110,2128,2183,2219
17197,4921,5191,5350,5440,5534
17199,1213,1265,1287,1388,1439
17201,3056,3208,3304,3404,3417
17203,2873,2923,3088,3162,3163
18001,1044,1061,1012,978,1013
18003,1067,1053,1031,1010,1030
18005,1108,1123,1122,1125,1188
18007,696,700,660,620,601
18009,735,706,630,585,559
18011,1770,1791,1777,1683,1749
18013,1062,1021,965,852,792
18015,852,851,793,732,740
18017,762,743,697,663,646
18019,1036,1043,1046,1056,1082
18021,665,629,583,545,511
18023,843,805,757,727,690
18025,789,848,889,854,870
18027,803,833,827,767,770
18029,1416,1407,1391,1383,1373
18031,775,758,726,659,714
18033,886,855,852,800,824
18035,959,946,904,844,807
18037,1112,1131,1116,1094,1091
18039,1273,1256,1227,1152,1151
18041,770,733,692,659,665
18043,1145,1164,1160,1177,1217
18045,621,624,641,615,586
18047,977,1005,982,943,911
18049,707,675,696,644,583
18051,816,818,818,837,828
18053,729,689,642,581,552
18055,725,731,680,679,663
18057,2274,2250,2212,2173,2164
18059,1460,1461,1467,1446,1443
18061,774,799,802,766,766
18063,1784,1779,1739,1696,1673
18065,931,910,851,812,783
18067,973,863,754,673,655
18069,874,888,869,845,848
18071,751,731,703,670,632
18073,884,808,766,708,700
18075,585,584,529,498,502
18077,791,840,807,820,842
18079,731,727,724,696,707
18081,1494,1488,1418,1367,1309
18083,790,757,724,698,680
18085,882,857,860,841,846
18087,966,967,1028,1015,1010
18089,1852,1799,1750,1683,1656
18091,1047,1051,1025,1012,1034
18093,823,840,788,805,806
18095,913,895,895,864,860
18097,1408,1375,1327,1274,1244
18099,956,959,905,906,912
18101,567,572,584,570,595
18103,635,615,520,487,435
18105,1142,1124,1139,1116,1156
18107,841,722,555,455,426
18109,946,887,822,752,737
18111,992,932,921,939,941
18113,857,903,877,878,827
18115,604,591,658,632,620
18117,515,507,471,456,459
18119,721,741,738,784,827
18121,621,608,606,542,545
18123,721,729,696,741,733
18125,693,682,661,654,702
18127,1626,1613,1588,1568,1581
18129,914,913,955,971,980
18131,596,517,530,478,427
18133,938,901,861,852,817
18135,739,748,716,664,655
18137,910,883,850,810,816
18139,753,739,742,724,738
18141,1310,1291,1235,1180,1158
18143,788,762,735,739,753
18145,1018,1053,1023,965,946
18147,776,774,776,760,765
18149,847,834,771,741,741
18151,877,840,808,772,765
18153,692,668,617,603,590
18155,582,583,570,566,645
18157,1204,1157,1096,1068,1040
18159,908,915,857,808,818
18161,1044,1069,1079,990,997
18163,869,872,829,843,916
18165,695,657,660,602,598
18167,875,888,872,876,876
18169,534,442,384,360,373
18171,720,680,623,614,671
18173,1120,1080,1108,1157,1150
18175,741,720,728,703,689
18177,944,939,890,845,822
18179,751,703,657,622,604
18181,901,855,815,760,733
18183,1023,1035,1033,988,1000
19001,1028,1155,1199,1230,1239
19003,830,896,955,981,1031
19005,1145,1189,1250,1341,1364
19007,971,1027,1077,1124,1145
19009,822,860,892,948,982
19011,1487,1533,1591,1640,1714
19013,1717,1789,1839,1890,1962
19015,1538,1603,1647,1681,1787
19017,1647,1743,1774,1855,1937
19019,1310,1393,1443,1517,1585
19021,1108,1135,1209,1267,1336
19023,1190,1273,1352,1425,1476
19025,842,909,943,978,992
19027,1241,1260,1253,1255,1260
19029,1106,1201,1241,1353,1396
19031,1466,1475,1528,1625,1698
19033,1243,1285,1309,1370,1458
19035,896,916,938,927,947
19037,943,977,1006,1047,1132
19039,1350,1354,1334,1371,1392
19041,1224,1277,1332,1385,1437
19043,1249,1289,1332,1392,1427
19045,1385,1482,1531,1629,1680
19047,1163,1138,1134,1160,1200
19049,2509,2651,2691,2756,2837
19051,1314,1363,1414,1463,1491
19053,867,950,970,1088,1278
19055,1360,1417,1534,1644,1679
19057,1312,1370,1406,1441,1492
19059,1355,1422,1478,1601,1648
19061,1647,1729,1839,1921,1972
19063,943,1090,1177,1219,1245
19065,976,1016,1087,1142,1137
19067,1058,1105,1167,1200,1254
19069,999,1063,1087,1146,1115
19071,1053,1094,1108,1173,1229
19073,1025,1102,1144,1157,1243
19075,1332,1366,1388,1433,1482
19077,1234,1259,1311,1380,1402
19079,1300,1295,1306,1342,1366
19081,925,1029,1051,1091,1130
19083,1055,1068,1107,1171,1216
19085,1499,1564,1490,1595,1534
19087,1307,1380,1391,1477,1528
19089,1161,1188,1199,1225,1291
19091,988,1091,1118,1177,1198
19093,721,754,771,803,848
19095,1367,1421,1478,1582,1648
19097,1238,1301,1359,1381,1422
19099,1659,1719,1762,1774,1797
19101,1240,1250,1287,1342,1390
19103,2526,2649,2769,2897,3000
19105,1254,1298,1353,1393,1438
19107,923,979,999,987,1006
19109,888,955,1009,1053,1061
19111,1015,1067,1166,1211,1252
19113,1886,1968,2116,2265,2375
19115,1081,1119,1220,1281,1315
19117,1149,1215,1228,1237,1208
19119,1007,1097,1151,1237,1277
19121,1917,2022,2137,2189,2258
19123,1332,1379,1386,1430,1524
19125,1653,1697,1748,1817,1890
19127,1390,1434,1437,1496,1542
19129,1814,1893,2044,2113,2192
19131,1102,1143,1153,1254,1252
19133,843,878,881,898,899
19135,1148,1102,1175,1362,1439
19137,1149,1199,1180,1194,1225
19139,1584,1655,1673,1819,1917
19141,915,899,937,1052,1206
19143,734,751,842,874,906
19145,1148,1143,1190,1207,1217
19147,923,994,1094,1125,1158
19149,1361,1439,1461,1540,1589
19151,561,578,646,691,710
19153,2395,2493,2586,2690,2780
19155,1751,1874,1950,2044,2090
19157,1271,1381,1464,1540,1669
19159,1037,1126,1162,1082,1175
19161,793,818,856,868,885
19163,1814,1888,1958,2084,2254
19165,1281,1365,1349,1386,1417
19167,1385,1461,1475,1548,1642
19169,2076,2174,2196,2306,2397
19171,1168,1198,1256,1297,1340
19173,791,789,820,840,898
19175,1194,1267,1345,1447,1477
19177,894,939,963,989,1069
19179,1050,1122,1160,1269,1276
19181,2218,2293,2397,2468,2560
19183,1517,1545,1580,1743,1761
19185,698,723,782,902,1011
19187,1207,1227,1246,1281,1337
19189,1156,1154,1187,1200,1270
19191,1551,1595,1705,1746,1859
19193,1489,1520,1537,1613,1639
19195,1011,1109,1166,1141,1194
19197,971,1042,1102,1105,1142
20001,781,850,888,958,1012
20003,1277,1228,1287,1385,1426
20005,1298,1334,1360,1388,1362
20007,693,722,794,831,800
20009,1098,1141,1184,1200,1258
20011,946,1042,1149,1142,1198
20013,897,938,983,1025,1124
20015,1787,1905,2009,2087,2173
20017,1139,1184,1245,1266,1323
20019,781,786,863,902,962
20021,772,858,907,916,913
20023,688,826,970,1040,1143
20025,1041,1082,951,1033,1016
20027,1152,1228,1275,1381,1458
20029,1038,999,995,1036,1169
20031,1085,1161,1221,1239,1252
20033,609,604,654,824,902
20035,1166,1259,1270,1309,1315
20037,932,968,991,1029,1102
20039,927,849,1006,1054,1029
20041,1186,1279,1352,1398,1437
20043,922,969,1077,1088,1147
20045,2221,2336,2362,2407,2445
20047,751,740,744,762,755
20049,771,850,1039,1070,1066
20051,1581,1640,1726,1724,1739
20053,972,991,1056,1101,1231
20055,1358,1437,1454,1483,1512
20057,1437,1501,1533,1526,1541
20059,1536,1628,1704,1775,1809
20061,1526,1674,1936,1982,2045
20063,863,910,905,1008,1001
20065,961,959,981,962,1074
20067,892,929,913,1052,1090
20069,1469,1479,1580,1637,1572
20071,1109,1236,1208,1285,1389
20073,749,802,877,925,877
20075,936,1004,1134,1137,1234
20077,967,1010,1088,1185,1218
20079,1418,1481,1504,1643,1627
20081,1094,1172,1176,1234,1266
20083,951,1105,1179,1201,1239
20085,1374,1545,1553,1610,1628
20087,1779,1862,1936,1920,1940
20089,614,687,690,722,672
20091,2664,2735,2770,2790,2787
20093,927,1011,946,1070,1110
20095,1064,1108,1213,1279,1357
20097,945,1120,1314,1444,1757
20099,1094,1118,1138,1169,1215
20101,712,815,838,838,910
20103,2064,2141,2211,2272,2253
20105,1077,1171,1176,1269,1275
20107,1084,1167,1220,1277,1265
20109,1006,1029,1123,1014,1094
20111,1392,1431,1475,1537,1572
20113,1550,1601,1682,1715,1747
20115,1270,1354,1377,1419,1452
20117,980,990,1049,1106,1188
20119,962,1005,1099,1156,1163
20121,2092,2194,2266,2301,2329
20123,1099,1167,1144,1203,1316
20125,971,1049,1077,1106,1157
20127,1085,1166,1196,1215,1246
20129,959,1001,980,1114,1243
20131,1024,1112,1155,1214,1270
20133,997,1079,1159,1190,1232
20135,711,734,790,767,876
20137,694,778,899,918,1047
20139,1335,1404,1418,1500,1572
20141,594,672,789,835,937
20143,1307,1304,1346,1442,1444
20145,1031,1116,1143,1268,1356
20147,815,878,903,993,1060
20149,1378,1471,1507,1597,1616
20151,1262,1329,1408,1502,1613
20153,850,824,920,965,1077
20155,1394,1432,1453,1471,1516
20157,792,822,793,907,915
20159,954,1061,1092,1132,1221
20161,1903,2050,2171,2241,2362
20163,870,921,928,946,999
20165,752,793,840,900,930
20167,1013,1109,1126,1115,1179
20169,1444,1495,1573,1634,1631
20171,1478,1259,1311,1538,1650
20173,1465,1523,1572,1627,1652
20175,1177,1230,1269,1333,1342
20177,1722,1797,1841,1859,1895
20179,1126,1176,1153,1175,1341
20181,1164,1184,1043,1088,1100
20183,972,1099,1149,1215,1301
20185,766,809,813,824,883
20187,980,1009,1004,1137,1206
20189,894,935,919,1007,979
20191,1325,1364,1419,1418,1404
20193,1265,1373,1327,1448,1488
20195,1041,1123,1154,1201,1233
20197,1382,1448,1460,1514,1616
20199,1052,1101,1126,1183,1174
20201,753,794,882,923,1029
20203,1375,1419,1324,1325,1339
20205,720,791,849,876,849
20207,823,898,937,924,994
20209,1599,1636,1658,1678,1698
21001,482,513,539,539,540
21003,644,680,679,749,719
21005,1143,1164,1189,1213,1243
21007,528,555,600,666,680
21009,706,722,743,776,780
21011,503,496,507,505,506
21013,419,429,424,426,428
21015,1516,1574,1580,1627,1645
21017,984,993,1008,1039,1051
21019,723,728,778,789,809
21021,965,970,1099,1097,1147
21023,690,797,773,827,800
21025,381,424,432,428,441
21027,534,559,576,606,618
21029,1235,1260,1309,1345,1373
21031,368,391,449,505,509
21033,394,416,473,497,520
21035,741,796,821,846,875
21037,1473,1507,1608,1688,1738
21039,380,379,518,530,552
21041,699,712,736,726,750
21043,380,376,398,399,433
21045,465,480,483,487,494
21047,669,699,733,774,831
21049,918,963,1042,1114,1161
21051,351,415,412,422,447
21053,352,349,363,359,353
21055,461,476,515,514,516
21057,335,328,347,348,376
21059,908,944,946,1009,1056
21061,467,491,524,561,653
21063,340,373,368,363,361
21065,501,491,559,548,555
21067,1416,1456,1489,1559,1593
21069,528,526,540,522,537
21071,455,459,433,480,520
21073,1110,1162,1173,1206,1241
21075,502,518,544,567,603
21077,831,860,890,899,990
21079,827,896,968,995,1049
21081,856,907,930,965,1048
21083,504,514,542,574,594
21085,434,457,496,504,532
21087,450,488,507,519,568
21089,726,746,794,812,856
21091,568,614,654,646,659
21093,845,900,951,996,1049
21095,388,400,401,425,448
21097,770,792,831,865,838
21099,541,534,564,571,597
21101,807,874,924,923,952
21103,928,946,988,1022,1039
21105,418,403,391,451,456
21107,597,626,672,699,763
21109,377,399,411,452,467
21111,1318,1354,1371,1393,1410
21113,1256,1321,1392,1415,1432
21115,458,457,476,484,485
21117,1494,1535,1570,1622,1657
21119,314,326,335,338,352
21121,468,482,487,485,505
21123,681,711,745,769,753
21125,574,579,597,588,604
21127,471,448,489,534,603
21129,367,441,463,541,554
21131,351,378,380,368,387
21133,339,345,390,391,376
21135,382,369,400,402,387
21137,510,541,541,557,593
21139,448,483,525,501,549
21141,554,563,587,641,682
21143,635,679,659,713,815
21145,717,761,813,814,846
21147,356,379,381,415,393
21149,484,520,542,562,582
21151,1038,1071,1107,1125,1156
21153,383,375,369,319,355
21155,669,698,745,738,742
21157,708,738,775,804,820
21159,363,398,432,414,391
21161,653,684,705,713,729
21163,766,823,874,949,993
21165,423,405,434,436,480
21167,996,1088,1083,1086,1117
21169,386,412,433,487,553
21171,421,427,396,452,478
21173,714,755,792,819,890
21175,452,436,449,498,518
21177,467,501,539,538,534
21179,945,1005,1084,1143,1169
21181,506,548,565,580,562
21183,471,494,477,490,492
21185,2244,2364,2466,2510,2539
21187,708,810,814,792,799
21189,407,403,462,501,537
21191,735,787,799,882,982
21193,422,440,465,479,476
21195,424,435,424,441,455
21197,383,371,413,415,411
21199,576,609,671,717,712
21201,398,457,513,562,652
21203,403,421,394,388,398
21205,584,643,673,676,731
21207,536,582,584,617,624
21209,978,995,1047,1070,1094
21211,1418,1427,1434,1488,1569
21213,696,727,785,793,814
21215,1183,1267,1335,1410,1490
21217,648,628,675,708,740
21219,490,521,535,541,553
21221,579,635,667,689,697
21223,786,815,862,841,837
21225,669,618,604,681,700
21227,864,917,955,983,1019
21229,702,740,765,779,749
21231,428,430,431,469,464
21233,514,527,534,597,582
21235,418,462,499,502,520
21237,293,277,285,336,345
21239,1273,1313,1323,1348,1354
22001,200-,234,235,249,245
22003,200-,200-,200-,200-,200-
22005,670,730,796,860,864
22007,200-,200-,200-,200-,264
22009,200-,200-,200-,200-,200-
22011,268,294,327,392,415
22013,200-,200-,200-,200-,200-
22015,577,663,700,756,782
22017,556,575,625,674,691
22019,296,326,352,398,439
22021,200-,200-,230,265,297
22023,426,477,688,696,638
22025,200-,200-,200-,206,200-
22027,200-,200-,200-,200-,200-
22029,200-,200-,213,233,274
22031,243,280,219,277,285
22033,683,721,788,854,894
22035,200-,200-,200-,200-,200-
22037,200-,200-,200-,200-,200-
22039,200-,200-,200-,200-,224
22041,200-,207,223,222,200-
22043,311,306,328,367,323
22045,284,309,319,350,344
22047,222,260,276,312,338
22049,200-,225,253,271,296
22051,755,780,813,820,842
22053,200-,200-,200-,214,268
22055,583,668,744,816,827
22057,390,419,415,452,488
22059,200-,200-,213,281,286
22061,499,497,577,600,618
22063,620,707,766,807,805
22065,203,200-,200-,200-,200-
22067,217,249,253,249,262
22069,297,335,384,394,450
22071,1131,1174,1247,1297,1362
22073,454,449,481,516,580
22075,619,632,632,712,686
22077,238,252,281,336,352
22079,432,475,479,500,510
22081,200-,205,222,264,295
22083,200-,200-,212,206,214
22085,200-,223,232,237,254
22087,517,515,510,534,559
22089,805,939,996,1062,1111
22091,259,292,294,309,359
22093,469,467,528,575,567
22095,471,512,544,547,589
22097,202,219,248,258,267
22099,273,290,305,368,374
22101,263,278,294,283,269
22103,1335,1448,1497,1587,1625
22105,477,464,485,531,551
22107,200-,200-,200-,200-,200-
22109,376,400,402,424,440
22111,202,226,235,271,270
22113,214,236,240,236,252
22115,226,251,296,333,338
22117,251,265,291,291,299
22119,200-,200-,200-,200-,200-
22121,454,513,550,592,617
22123,253,232,200-,200-,200-
22125,534,579,855,951,929
22127,200-,200-,200-,200-,200-
23001,2185,2252,2292,2323,2361
23003,1066,1118,1168,1212,1265
23005,2973,3069,3136,3218,3309
23007,1278,1340,1365,1434,1461
23009,1627,1672,1743,1775,1811
23011,1662,1706,1766,1802,1845
23013,2166,2257,2335,2355,2415
23015,1727,1845,1862,1914,1952
23017,1427,1458,1469,1556,1640
23019,1525,1586,1627,1711,1777
23021,1092,1181,1202,1263,1325
23023,2234,2288,2413,2486,2555
23025,1222,1301,1330,1392,1413
23027,1580,1631,1699,1739,1796
23029,1065,1118,1190,1255,1308
23031,2455,2550,2617,2665,2720
24001,1185,1283,1329,1387,1414
24003,2456,2554,2633,2702,2765
24005,2358,2490,2611,2686,2749
24009,2745,2919,3133,3301,3375
24011,1676,1804,1845,1924,1986
24013,2796,3005,3173,3319,3368
24015,2217,2370,2519,2579,2595
24017,2678,2868,2976,3152,3253
24019,1488,1570,1724,1824,1983
24021,3082,3303,3458,3544,3587
24023,1173,1209,1265,1309,1356
24025,2582,2769,2928,3019,3081
24027,4261,4561,4780,4933,5042
24029,1886,1979,2105,2171,2275
24031,3690,3841,3988,4123,4193
24033,3216,3417,3514,3585,3576
24035,2347,2474,2666,2820,2879
24037,2164,2321,2462,2569,2648
24039,1174,1287,1320,1344,1416
24041,1751,1800,1855,1837,1897
24043,1865,1941,2033,2123,2172
24045,1530,1607,1639,1683,1720
24047,1790,1823,1859,1879,1928
24510,1850,1969,2126,2257,2355
25001,2570,2640,2701,2746,2780
25003,2386,2447,2547,2605,2653
25005,2752,2839,2874,2967,3058
25007,2850,2927,3049,3162,3343
25009,3719,3854,3996,4137,4256
25011,2968,3107,3172,3281,3361
25013,2735,2826,2900,2979,3083
25015,3140,3268,3395,3548,3636
25017,4356,4506,4616,4725,4857
25019,2823,3020,2964,3054,3088
25021,4157,4342,4502,4623,4750
25023,3670,3782,3896,4012,4128
25025,3009,3040,3007,3068,3149
25027,3117,3232,3322,3430,3523
26001,1012,1087,1096,1091,1101
26003,1182,1203,1211,1248,1298
26005,1991,2026,2043,1996,1993
26007,1244,1277,1288,1270,1268
26009,1491,1546,1501,1515,1547
26011,1300,1334,1346,1364,1360
26013,1245,1275,1288,1341,1387
26015,1778,1813,1853,1845,1854
26017,1756,1796,1808,1804,1815
26019,1371,1415,1454,1478,1469
26021,1583,1638,1688,1691,1740
26023,1363,1391,1380,1376,1384
26025,1800,1861,1891,1888,1895
26027,1393,1429,1466,1491,1452
26029,1765,1798,1808,1855,1846
26031,1113,1157,1195,1188,1223
26033,1332,1360,1361,1395,1419
26035,973,984,988,996,999
26037,2428,2421,2471,2475,2461
26039,1216,1259,1286,1279,1317
26041,1253,1311,1329,1354,1368
26043,1438,1523,1488,1504,1524
26045,2254,2328,2380,2383,2363
26047,1915,1963,1989,1945,1935
26049,1945,1982,1965,1905,1857
26051,1364,1385,1420,1410,1388
26053,985,1034,1062,1133,1153
26055,2120,2195,2237,2254,2283
26057,1217,1267,1286,1315,1346
26059,1342,1369,1361,1381,1364
26061,1052,1112,1151,1246,1281
26063,1404,1425,1431,1465,1448
26065,2719,2791,2779,2768,2758
26067,1580,1583,1613,1658,1625
26069,1059,1121,1100,1131,1111
26071,948,977,1016,1048,1138
26073,1587,1694,1748,1751,1797
26075,1705,1719,1701,1736,1746
26077,2355,2438,2459,2462,2474
26079,1123,1125,1146,1145,1139
26081,2296,2336,2347,2330,2318
26083,895,910,976,1009,1078
26085,978,1008,1052,1077,1057
26087,1791,1780,1773,1753,1714
26089,2014,2156,2169,2170,2234
26091,1950,1990,1999,1962,1951
26093,2727,2762,2719,2671,2659
26095,739,743,768,778,776
26097,1217,1277,1261,1293,1306
26099,2739,2732,2679,2631,2572
26101,1375,1413,1431,1477,1450
26103,1322,1368,1384,1398,1422
26105,1420,1475,1493,1578,1586
26107,1342,1382,1406,1432,1421
26109,1035,1071,1103,1116,1140
26111,1946,2072,2119,2173,2183
26113,1139,1202,1233,1223,1218
26115,2057,2080,2037,1982,1963
26117,1364,1395,1384,1374,1396
26119,912,945,958,977,1008
26121,1670,1720,1750,1740,1716
26123,1509,1562,1562,1555,1544
26125,3573,3543,3472,3390,3314
26127,1344,1362,1368,1360,1385
26129,1057,1086,1131,1128,1133
26131,922,948,983,1016,991
26133,1148,1182,1202,1198,1216
26135,840,858,842,863,848
26137,1236,1257,1271,1316,1327
26139,2259,2308,2338,2319,2315
26141,1128,1160,1152,1174,1155
26143,1182,1205,1233,1232,1216
26145,1673,1702,1714,1707,1673
26147,2023,2036,2017,1961,1954
26149,1333,1364,1384,1400,1411
26151,1289,1308,1304,1307,1301
26153,884,909,928,945,1023
26155,1609,1671,1677,1692,1687
26157,1427,1461,1468,1472,1491
26159,1800,1839,1870,1891,1904
26161,3913,3945,3910,3873,3844
26163,2506,2515,2463,2398,2342
26165,1458,1490,1512,1494,1432
27001,783,833,817,784,811
27003,2243,2341,2391,2383,2359
27005,1226,1289,1328,1357,1364
27007,1366,1414,1411,1444,1440
27009,1921,1995,1995,1992,1971
27011,952,954,1006,1078,1070
27013,1461,1510,1551,1614,1617
27015,1257,1290,1297,1335,1343
27017,1636,1743,1803,1861,1914
27019,2992,3077,3156,3151,3144
27021,940,966,1007,1012,1003
27023,1010,1038,1108,1176,1223
27025,2511,2542,2554,2524,2501
27027,1464,1571,1628,1714,1722
27029,1040,1045,1028,1007,960
27031,1016,1006,1029,1150,1183
27033,936,953,1037,1080,1081
27035,1186,1241,1264,1312,1337
27037,2482,2547,2566,2582,2573
27039,1629,1715,1765,1828,1805
27041,1416,1529,1578,1676,1757
27043,773,834,900,939,973
27045,1217,1302,1342,1379,1394
27047,1127,1170,1205,1227,1224
27049,2002,2038,2096,2127,2097
27051,1167,1204,1245,1285,1292
27053,2831,2925,2978,3037,3058
27055,1419,1531,1624,1743,1802
27057,1251,1318,1323,1350,1376
27059,1836,1930,1965,1934,1920
27061,906,980,1001,1006,1035
27063,998,1067,1068,1061,1017
27065,1425,1500,1477,1526,1496
27067,1432,1503,1544,1622,1630
27069,691,683,701,704,713
27071,641,652,686,722,723
27073,739,780,834,870,886
27075,795,876,955,968,1006
27077,1102,940,1044,1095,1132
27079,1655,1762,1840,1873,1900
27081,970,1007,1044,1123,1122
27083,1411,1460,1449,1446,1418
27085,1864,1909,1920,1909,1898
27087,1211,1237,1219,1199,1184
27089,688,718,735,748,772
27091,800,894,949,987,1048
27093,1483,1566,1600,1634,1638
27095,1661,1653,1656,1659,1613
27097,1401,1408,1426,1437,1441
27099,948,1002,1065,1068,1079
27101,793,816,848,862,886
27103,1581,1671,1728,1786,1811
27105,922,960,1033,1065,1050
27107,870,941,995,1021,1021
27109,1891,1931,1988,2029,2072
27111,1046,1117,1181,1221,1263
27113,1086,1088,1174,1272,1339
27115,1222,1247,1243,1256,1279
27117,761,821,885,907,921
27119,1354,1390,1393,1449,1486
27121,1218,1281,1302,1357,1349
27123,2345,2456,2521,2567,2598
27125,893,835,889,914,996
27127,955,952,1004,1021,1012
27129,971,1005,1041,1060,1074
27131,1868,1940,1979,1994,2061
27133,800,847,867,950,982
27135,1190,1297,1329,1322,1387
27137,1102,1185,1230,1255,1298
27139,2828,2922,2951,2988,2981
27141,2184,2271,2305,2302,2297
27143,1528,1621,1658,1724,1665
27145,1673,1739,1787,1832,1842
27147,1625,1720,1772,1792,1759
27149,1210,1261,1327,1370,1397
27151,806,830,863,878,867
27153,1261,1281,1309,1314,1315
27155,763,821,853,878,832
27157,1545,1652,1675,1709,1747
27159,1186,1254,1261,1262,1309
27161,1488,1529,1533,1627,1597
27163,2553,2587,2618,2625,2645
27165,891,940,987,993,967
27167,840,932,966,1012,1032
27169,1502,1561,1587,1582,1557
27171,2080,2163,2219,2235,2236
27173,1054,1100,1125,1114,1080
28001,567,582,575,603,583
28003,445,481,494,490,489
28005,281,306,299,341,334
28007,525,544,564,560,561
28009,448,510,520,539,532
28011,659,718,810,837,808
28013,440,438,468,506,532
28015,487,476,496,527,523
28017,480,509,549,548,572
28019,393,374,365,375,338
28021,330,288,334,349,379
28023,351,360,358,347,367
28025,543,543,565,586,589
28027,562,566,565,576,664
28029,487,515,527,537,539
28031,369,336,358,356,388
28033,1067,1108,1138,1147,1148
28035,937,998,1001,1041,1050
28037,484,481,423,392,401
28039,574,619,660,639,690
28041,497,559,575,590,571
28043,626,637,669,677,694
28045,795,805,825,841,826
28047,826,867,916,953,977
28049,826,880,940,967,1001
28051,390,399,414,393,395
28053,468,502,534,616,640
28055,286,237,310,331,298
28057,449,437,470,472,492
28059,942,989,1046,1040,1023
28061,454,497,500,497,524
28063,512,521,443,442,443
28065,352,369,422,464,468
28067,527,565,570,582,608
28069,411,501,518,515,502
28071,924,972,977,1049,1124
28073,1030,1101,1160,1161,1204
28075,733,757,805,847,846
28077,406,414,448,474,536
28079,420,484,485,526,579
28081,788,827,846,890,919
28083,570,584,551,567,610
28085,522,549,586,642,630
28087,632,662,680,743,724
28089,1204,1285,1343,1382,1449
28091,507,560,594,630,694
28093,581,638,674,775,944
28095,543,533,562,548,565
28097,541,592,595,583,578
28099,500,521,560,574,612
28101,497,497,497,524,544
28103,555,530,590,535,590
28105,698,748,873,935,947
28107,505,531,552,576,609
28109,733,774,773,889,913
28111,427,488,451,495,459
28113,536,568,602,636,629
28115,526,517,569,627,674
28117,445,453,497,525,560
28119,389,430,469,488,523
28121,798,835,894,938,969
28123,405,431,447,497,505
28125,479,452,532,598,557
28127,390,428,462,507,513
28129,422,488,491,509,495
28131,686,668,650,661,689
28133,623,647,678,679,723
28135,350,353,399,426,431
28137,622,764,949,1019,1065
28139,390,462,458,454,511
28141,286,296,356,351,357
28143,200-,200-,200-,269,289
28145,474,537,509,557,564
28147,521,498,486,523,541
28149,642,689,709,762,796
28151,606,632,633,682,701
28153,325,325,307,341,378
28155,408,469,495,567,561
28157,326,347,403,419,398
28159,349,366,378,384,429
28161,515,553,550,571,564
28163,627,636,559,564,656
29001,817,826,843,868,883
29003,1009,1056,1115,1144,1187
29005,669,704,761,805,863
29007,774,838,881,917,956
29009,619,640,673,699,720
29011,606,598,656,672,718
29013,683,717,738,728,760
29015,667,713,714,715,708
29017,498,542,611,607,615
29019,1397,1440,1451,1517,1593
29021,909,915,922,947,970
29023,591,594,605,603,610
29025,800,820,839,853,903
29027,837,888,913,937,941
29029,920,960,1005,997,1016
29031,943,974,999,1018,1045
29033,640,722,763,803,843
29035,462,524,532,540,588
29037,1573,1617,1679,1707,1739
29039,651,625,658,643,652
29041,590,596,666,689,676
29043,1178,1213,1233,1222,1222
29045,677,687,698,720,773
29047,1863,1935,2021,2039,2056
29049,1288,1357,1374,1394,1391
29051,1217,1265,1273,1280,1318
29053,808,912,930,996,1042
29055,704,721,769,757,748
29057,569,594,642,679,679
29059,515,527,568,578,559
29061,795,798,783,855,848
29063,788,862,854,903,915
29065,582,586,617,641,646
29067,495,517,513,519,512
29069,543,544,566,556,559
29071,1249,1307,1331,1377,1370
29073,845,891,942,961,984
29075,786,824,863,879,913
29077,969,1024,1065,1095,1115
29079,619,685,679,683,738
29081,634,644,661,688,690
29083,822,836,857,859,862
29085,488,501,537,555,573
29087,683,742,791,803,836
29089,817,803,850,881,896
29091,557,604,637,640,658
29093,508,528,510,538,584
29095,1647,1691,1714,1744,1745
29097,678,715,741,765,798
29099,1219,1260,1287,1308,1331
29101,1033,1082,1099,1148,1207
29103,579,614,569,625,657
29105,600,615,621,647,669
29107,1051,1099,1138,1193,1179
29109,645,698,714,714,720
29111,644,670,660,691,703
29113,1168,1227,1256,1281,1300
29115,592,622,663,659,667
29117,745,744,791,856,896
29119,465,500,498,521,535
29121,666,674,701,707,716
29123,684,714,719,770,798
29125,802,793,851,808,803
29127,770,809,847,857,848
29129,577,571,629,595,608
29131,711,767,798,831,812
29133,508,487,494,519,521
29135,830,891,876,871,872
29137,704,738,751,755,761
29139,759,828,865,888,947
29141,745,811,774,769,785
29143,485,514,514,541,551
29145,661,691,712,737,744
29147,951,983,1049,1073,1115
29149,368,371,377,390,399
29151,721,728,765,791,845
29153,547,546,507,514,482
29155,543,564,575,597,596
29157,871,865,917,950,981
29159,803,856,870,874,890
29161,753,792,799,832,861
29163,738,734,742,775,757
29165,2128,2328,2411,2490,2499
29167,658,686,706,713,715
29169,739,785,781,791,814
29171,792,823,795,855,921
29173,732,781,835,814,810
29175,675,690,715,748,751
29177,1207,1214,1204,1209,1216
29179,472,522,520,573,547
29181,420,455,457,478,440
29183,2377,2431,2473,2487,2483
29185,546,576,598,647,707
29186,943,979,994,1021,1046
29187,763,779,821,830,849
29189,2238,2320,2394,2413,2432
29195,663,680,699,753,787
29197,530,570,581,658,705
29199,640,657,762,716,738
29201,596,614,640,670,685
29203,348,382,391,402,392
29205,670,691,701,717,691
29207,566,582,615,652,674
29209,684,698,713,755,761
29211,516,533,546,610,653
29213,684,754,789,815,835
29215,440,481,495,501,513
29217,629,663,682,689,707
29219,1271,1301,1296,1317,1316
29221,522,536,522,526,533
29223,431,454,463,503,492
29225,628,650,667,683,689
29227,396,414,452,474,566
29229,439,467,496,487,495
29510,1119,1182,1216,1250,1251
30001,1311,1395,1328,1360,1350
30003,839,879,906,912,877
30005,1101,1094,1127,1196,1266
30007,1142,1245,1194,1254,1276
30009,1242,1282,1278,1326,1323
30011,689,730,726,693,588
30013,1436,1453,1457,1483,1470
30015,1011,1050,1063,1116,1145
30017,1207,1284,1300,1316,1364
30019,1085,1009,1005,996,1004
30021,1270,1283,1267,1241,1307
30023,1227,1227,1257,1274,1260
30025,643,683,685,708,709
30027,1172,1248,1297,1282,1265
30029,1777,1816,1869,1909,1923
30031,1889,1933,2020,2114,2202
30033,575,562,567,600,591
30035,1102,1024,1112,1157,1195
30037,582,663,632,592,561
30039,1180,1238,1300,1420,1478
30041,1404,1382,1435,1490,1469
30043,1544,1610,1574,1593,1589
30045,741,732,666,738,796
30047,1515,1522,1613,1696,1703
30049,1851,1885,1917,1961,1957
30051,940,957,1035,1207,1112
30053,1033,1071,1122,1170,1208
30055,888,886,993,1053,1131
30057,1251,1300,1311,1324,1338
30059,875,982,953,910,888
30061,1084,1111,1172,1245,1295
30063,2176,2246,2286,2330,2354
30065,1038,1040,1006,955,1022
30067,1511,1572,1651,1689,1789
30069,553,545,563,542,553
30071,895,859,783,849,1022
30073,1207,1135,1127,1123,1101
30075,758,867,877,931,973
30077,1102,1178,1203,1214,1225
30079,742,770,824,841,1017
30081,1401,1445,1488,1468,1511
30083,859,852,921,955,915
30085,569,552,589,749,834
30087,719,748,739,742,754
30089,1106,1180,1180,1205,1250
30091,831,919,933,945,944
30093,1353,1370,1373,1387,1367
30095,1314,1303,1326,1358,1354
30097,1267,1286,1301,1392,1346
30099,1294,1336,1345,1300,1287
30101,1181,1156,1133,1037,1065
30103,603,637,593,606,700
30105,941,992,1009,1120,1149
30107,621,560,558,572,583
30109,505,513,543,605,609
30111,1648,1666,1695,1704,1733
31001,1814,1846,1872,1896,1914
31003,1159,1224,1238,1291,1203
31005,1038,1092,1038,920,1065
31007,1091,1036,1135,1242,1484
31009,869,815,723,727,762
31011,1072,1126,1209,1276,1299
31013,1529,1518,1466,1483,1491
31015,854,867,874,853,843
31017,1067,1115,1064,1028,1222
31019,1812,1970,2107,2201,2316
31021,1350,1416,1391,1460,1467
31023,1495,1576,1549,1490,1522
31025,2651,2732,2808,2836,2869
31027,1299,1320,1340,1388,1389
31029,1329,1389,1307,1412,1462
31031,1426,1527,1740,1619,1680
31033,1715,1796,1853,1860,1966
31035,1499,1525,1403,1443,1469
31037,1481,1469,1549,1608,1585
31039,1412,1439,1446,1455,1480
31041,1095,1203,1197,1283,1313
31043,1868,1936,1885,1954,2075
31045,1481,1417,1500,1625,1740
31047,1580,1636,1654,1769,1754
31049,1035,1094,1079,1031,1115
31051,1396,1464,1485,1475,1474
31053,1799,1845,1941,1932,1942
31055,2784,2853,2907,2968,2999
31057,1116,1064,1033,1046,1049
31059,1392,1346,1313,1248,1233
31061,901,983,931,958,934
31063,1274,1308,1310,1243,1365
31065,986,993,972,992,979
31067,1803,1877,1934,1928,1952
31069,881,907,855,940,1103
31071,1269,1324,1316,1419,1352
31073,1661,1629,1525,1586,1635
31075,800,862,909,870,832
31077,931,973,1006,1103,1153
31079,1951,1990,2103,2138,2214
31081,1730,1825,1857,1827,1831
31083,1210,1129,1201,1311,1277
31085,1228,1094,1091,1192,1239
31087,828,859,964,1057,1066
31089,1250,1346,1371,1452,1553
31091,833,867,932,936,1061
31093,1569,1638,1652,1743,1762
31095,1421,1363,1235,1164,1158
31097,1410,1370,1344,1318,1306
31099,1646,1660,1603,1660,1656
31101,1453,1489,1480,1583,1686
31103,1240,1226,1214,1326,1313
31105,1408,1455,1465,1547,1534
31107,1082,1112,1171,1167,1255
31109,2753,2793,2787,2813,2828
31111,1924,1987,1977,2089,2098
31113,1155,1157,1387,1355,1359
31115,940,882,756,918,1006
31117,971,1051,1067,1202,1284
31119,1722,1774,1845,1925,1992
31121,1487,1447,1466,1452,1375
31123,1124,1166,1148,1214,1302
31125,1136,1207,1135,1217,1333
31127,1287,1367,1409,1439,1539
31129,899,887,919,893,924
31131,1947,2138,2173,2209,2174
31133,953,884,938,988,978
31135,1240,1300,1289,1335,1340
31137,1521,1517,1592,1618,1689
31139,1472,1533,1591,1684,1726
31141,1711,1721,1749,1796,1880
31143,1511,1533,1595,1613,1574
31145,1261,1276,1288,1319,1302
31147,1078,1031,1061,992,1065
31149,889,1018,1031,1084,1086
31151,1772,1816,1753,1708,1747
31153,3281,3348,3397,3439,3434
31155,2411,2522,2594,2687,2696
31157,1660,1683,1721,1740,1818
31159,2304,2395,2411,2414,2349
31161,1192,1138,1131,1149,1162
31163,999,1092,1127,1320,1353
31165,1279,1120,1056,1171,1151
31167,1549,1581,1641,1733,1817
31169,985,1020,1052,1054,1054
31171,851,924,980,983,1049
31173,1091,1136,1156,1168,1212
31175,1430,1391,1474,1451,1492
31177,2753,2849,2903,2979,3041
31179,1717,1609,1621,1739,1850
31181,1091,1183,1276,1239,1267
31183,808,790,1092,900,856
31185,1470,1457,1517,1679,1718
32001,1202,1201,1211,1238,1177
32003,1841,1828,1757,1681,1575
32005,1745,1827,1860,1894,1920
32007,997,1032,1048,1090,1112
32009,414,527,527,583,572
32011,432,475,545,546,514
32013,862,917,933,920,967
32015,733,772,761,818,913
32017,761,813,882,1108,1212
32019,1201,1267,1276,1300,1261
32021,1007,973,982,1038,865
32023,1143,1171,1155,1138,1076
32027,967,1044,1076,1164,1008
32029,1380,1474,1450,1444,1446
32031,1889,1934,1897,1835,1786
32033,622,711,671,705,675
32510,1224,1266,1316,1336,1346
33001,3558,3681,3798,3815,3871
33003,2582,2675,2721,2789,2846
33005,4271,4508,4685,4757,4838
33007,2686,2763,2758,2817,2808
33009,3579,3712,3829,3948,4031
33011,4839,5036,5208,5353,5422
33013,4709,4911,5019,5091,5135
33015,5344,5524,5674,5774,5857
33017,4332,4524,4676,4829,4914
33019,3710,3888,4065,4151,4314
34001,4536,4791,4978,5141,5347
34003,8489,8893,9144,9373,9580
34005,5567,5822,5988,6119,6224
34007,5587,5905,6055,6195,6288
34009,3763,3894,4052,4099,4239
34011,3744,3905,4012,4109,4153
34013,8117,8541,8820,9167,9435
34015,5376,5681,5864,6003,6135
34017,6426,6761,6993,7276,7549
34019,8523,8764,8820,8883,8859
34021,6245,6514,6675,6907,7016
34023,6258,6554,6745,6967,7154
34025,6917,7205,7354,7593,7708
34027,7707,8165,8384,8651,8855
34029,4325,4519,4675,4784,4893
34031,7544,8047,8366,8720,8944
34033,4352,4612,4757,4840,4930
34035,7801,8058,8162,8351,8492
34037,6111,6351,6523,6722,6861
34039,7443,7944,8253,8604,8833
34041,5907,6197,6331,6441,6530
35001,1530,1612,1684,1740,1780
35003,294,328,334,348,377
35005,505,525,552,598,633
35006,444,452,509,590,654
35007,458,482,533,559,567
35009,551,562,576,600,633
35011,396,471,496,488,478
35013,788,821,884,908,921
35015,419,435,466,495,529
35017,467,506,515,537,565
35019,460,426,523,563,482
35021,255,251,221,200-,200-
35023,393,427,437,411,391
35025,384,435,437,470,509
35027,692,728,755,769,806
35028,1446,1580,1638,1772,1771
35029,458,476,461,476,479
35031,870,950,948,988,976
35033,493,506,488,538,574
35035,601,598,592,617,598
35037,325,326,348,367,372
35039,508,554,572,591,596
35041,398,457,456,468,529
35043,1256,1372,1443,1562,1652
35045,628,669,709,754,798
35047,570,593,584,621,663
35049,1148,1221,1283,1313,1352
35051,501,560,540,542,525
35053,538,520,530,580,569
35055,652,674,692,747,804
35057,523,532,557,613,633
35059,429,414,407,451,489
35061,756,809,838,884,925
36001,3526,3692,3841,4024,4166
36003,1959,2009,2078,2187,2255
36005,2653,2787,2941,3106,3252
36007,2417,2529,2632,2739,2853
36009,2054,2170,2306,2393,2520
36011,2550,2635,2699,2796,2877
36013,2187,2256,2277,2338,2348
36015,2202,2307,2393,2511,2550
36017,2076,2129,2152,2174,2346
36019,2341,2407,2457,2495,2575
36021,3605,3763,3854,3992,4217
36023,2747,2923,3080,3261,3356
36025,2055,2162,2206,2383,2554
36027,4873,5220,5454,5644,5788
36029,3120,3219,3313,3395,3450
36031,2008,2117,2227,2297,2294
36033,1848,1915,1950,1985,2011
36035,2262,2273,2403,2495,2601
36037,2818,2875,2910,2923,2995
36039,2584,2654,2758,2854,2909
36041,1837,1948,1942,2013,2059
36043,2097,2198,2303,2345,2372
36045,1961,2082,2151,2211,2294
36047,2903,3050,3172,3327,3495
36049,1717,1758,1760,1814,1911
36051,3062,3159,3265,3328,3360
36053,2766,2895,2910,2979,3075
36055,3805,3934,4067,4178,4245
36057,2713,2752,2884,3080,3137
36059,8711,9080,9402,9667,9941
36061,5873,6189,6346,6661,7065
36063,2986,3065,3116,3209,3241
36065,2504,2584,2670,2771,2861
36067,3237,3383,3468,3589,3686
36069,3122,3240,3321,3388,3446
36071,5586,5883,6097,6253,6380
36073,2873,2880,2988,3105,3132
36075,2354,2412,2462,2529,2581
36077,2053,2184,2330,2375,2438
36079,7331,7689,7936,8276,8486
36081,2914,3062,3216,3403,3558
36083,3529,3826,4047,4207,4306
36085,2842,3012,3176,3377,3539
36087,8268,8762,9130,9522,9936
36089,1674,1759,1891,1957,2027
36091,3368,3528,3594,3693,3764
36093,3857,4075,4250,4390,4532
36095,2273,2404,2552,2709,3040
36097,1974,2147,2303,2361,2432
36099,2544,2564,2646,2667,2697
36101,2160,2234,2302,2408,2469
36103,7192,7600,7842,8151,8360
36105,3645,3757,3806,3881,3909
36107,2354,2486,2531,2607,2758
36109,3815,3918,4066,4111,4189
36111,4208,4473,4673,4813,4995
36113,2525,2597,2720,2794,2901
36115,2875,2958,2982,3093,3167
36117,3198,3269,3305,3363,3335
36119,9003,9647,"10,000+","10,000+","10,000+"
36121,2527,2555,2640,2673,2710
36123,2422,2490,2459,2521,2624
37001,981,995,1024,1045,1074
37003,652,690,721,758,775
37005,663,712,750,767,744
37007,662,675,654,651,662
37009,727,773,805,824,837
37011,561,563,561,561,589
37013,702,740,751,798,879
37015,498,518,526,540,577
37017,680,705,743,744,768
37019,933,975,1029,1075,1084
37021,1257,1299,1304,1347,1365
37023,770,793,808,815,832
37025,1396,1455,1491,1554,1551
37027,774,804,806,822,837
37029,1146,1297,1341,1333,1379
37031,949,967,997,1008,998
37033,727,737,726,726,750
37035,865,884,921,933,942
37037,1430,1516,1602,1709,1753
37039,745,797,799,784,788
37041,912,914,957,994,1099
37043,577,611,690,696,704
37045,858,892,898,920,909
37047,872,866,921,935,928
37049,961,1015,1034,1076,1094
37051,1336,1380,1406,1431,1434
37053,900,881,915,923,993
37055,1421,1438,1438,1500,1511
37057,855,915,948,965,976
37059,1092,1130,1144,1162,1178
37061,676,689,729,729,725
37063,2001,2090,2161,2208,2217
37065,827,842,879,914,922
37067,1420,1462,1475,1502,1510
37069,1070,1089,1129,1146,1167
37071,1254,1271,1283,1301,1308
37073,882,943,974,938,969
37075,539,580,544,531,531
37077,958,1024,1117,1196,1234
37079,740,821,830,867,854
37081,1494,1577,1619,1670,1695
37083,870,874,903,915,918
37085,995,1055,1084,1130,1181
37087,972,995,1045,1076,1108
37089,1025,1084,1097,1111,1101
37091,809,841,855,886,866
37093,874,915,993,1039,1073
37095,692,661,658,563,520
37097,977,1056,1075,1135,1182
37099,674,687,715,758,780
37101,1128,1165,1208,1234,1270
37103,627,631,703,729,736
37105,1183,1248,1261,1317,1369
37107,865,908,938,936,978
37109,1038,1122,1189,1202,1203
37111,521,559,567,601,611
37113,662,692,714,713,744
37115,819,872,897,945,948
37117,766,807,864,854,878
37119,1945,1983,2047,2061,2117
37121,566,640,675,713,733
37123,494,549,586,662,749
37125,1198,1257,1320,1354,1324
37127,943,982,1017,1055,1076
37129,1394,1446,1481,1522,1554
37131,729,784,791,842,921
37133,822,884,939,969,1030
37135,2829,3042,3170,3183,3250
37137,838,846,944,984,1010
37139,1096,1196,1228,1263,1251
37141,979,1020,1048,1120,1142
37143,982,993,1101,1104,1094
37145,807,830,878,899,881
37147,1134,1186,1232,1262,1268
37149,1085,1137,1211,1179,1184
37151,826,882,891,914,933
37153,732,774,805,829,850
37155,685,695,708,695,703
37157,853,876,902,931,952
37159,948,984,1012,1043,1043
37161,737,737,743,739,730
37163,704,741,783,786,787
37165,796,783,780,784,833
37167,977,980,995,1037,1071
37169,774,834,853,874,894
37171,780,801,820,843,857
37173,571,600,628,601,563
37175,811,841,882,909,941
37177,748,787,813,914,825
37179,1425,1473,1543,1598,1643
37181,860,884,883,910,891
37183,1793,1863,1930,1949,1974
37185,777,816,866,868,867
37187,888,880,879,897,847
37189,898,938,941,958,956
37191,866,904,915,943,947
37193,702,734,748,776,788
37195,1023,1084,1132,1170,1205
37197,866,938,988,1046,1053
37199,580,684,695,688,754
38001,687,789,872,1004,1066
38003,1333,1344,1298,1290,1242
38005,527,514,512,521,480
38007,365,449,518,553,675
38009,734,760,782,816,812
38011,925,1034,1077,1121,1122
38013,380,399,438,512,539
38015,2385,2403,2386,2385,2282
38017,2762,2776,2751,2758,2682
38019,858,952,891,835,767
38021,1033,1069,1108,1105,1131
38023,561,637,675,663,681
38025,682,677,673,712,728
38027,647,640,794,743,799
38029,675,709,845,889,794
38031,1084,1061,1074,1007,996
38033,642,622,605,603,595
38035,2546,2565,2557,2545,2408
38037,744,729,747,776,747
38039,810,847,879,871,933
38041,565,567,567,576,613
38043,590,567,584,606,591
38045,804,821,832,849,825
38047,713,734,732,788,771
38049,664,683,660,641,678
38051,721,705,725,731,700
38053,655,692,623,710,761
38055,983,997,1022,1053,1006
38057,1268,1300,1315,1263,1224
38059,1988,2079,2146,2211,2206
38061,811,855,938,1017,1021
38063,643,577,534,527,583
38065,1148,1187,1140,1071,1153
38067,952,993,981,1030,1006
38069,931,1059,1221,1219,1164
38071,1303,1317,1286,1330,1320
38073,1117,1131,1155,1172,1157
38075,649,679,753,782,812
38077,1427,1445,1483,1482,1543
38079,816,840,830,801,840
38081,1124,1164,1134,1169,1131
38083,566,570,495,529,502
38085,534,531,533,559,484
38087,375,305,253,250,250
38089,1606,1696,1830,1895,1837
38091,744,835,854,915,849
38093,1406,1439,1490,1525,1629
38095,656,679,695,701,722
38097,1393,1464,1431,1453,1375
38099,891,904,917,930,943
38101,1806,1832,1843,1889,1878
38103,873,925,910,891,819
38105,1395,1466,1470,1513,1624
39001,896,918,929,948,912
39003,1326,1380,1351,1385,1401
39005,1451,1473,1478,1494,1469
39007,1477,1532,1500,1507,1504
39009,1396,1470,1487,1533,1538
39011,1390,1392,1393,1465,1482
39013,838,877,904,929,960
39015,1177,1190,1160,1174,1172
39017,2177,2215,2250,2313,2323
39019,1104,1166,1164,1174,1205
39021,1423,1461,1472,1542,1513
39023,1446,1464,1469,1510,1501
39025,2110,2178,2254,2302,2334
39027,1359,1367,1367,1373,1376
39029,1113,1132,1144,1140,1160
39031,1006,1001,1041,1037,1079
39033,1191,1194,1216,1220,1212
39035,2649,2726,2769,2798,2831
39037,1139,1173,1174,1185,1190
39039,1336,1368,1353,1371,1410
39041,3732,3888,4030,4230,4480
39043,1721,1771,1828,1839,1826
39045,1963,2021,2101,2121,2184
39047,1315,1361,1368,1375,1366
39049,2592,2742,2846,2948,3044
39051,1777,1813,1820,1890,1904
39053,933,1010,1062,1088,1094
39055,3278,3288,3262,3287,3277
39057,2539,2602,2597,2662,2743
39059,987,1004,1064,1105,1126
39061,2274,2362,2427,2491,2537
39063,1403,1441,1478,1527,1517
39065,1139,1125,1144,1106,1101
39067,781,838,846,856,858
39069,1533,1530,1527,1548,1539
39071,1038,1074,1109,1141,1146
39073,1220,1297,1302,1308,1344
39075,1722,1753,1829,1836,1877
39077,1279,1303,1299,1363,1354
39079,924,955,960,947,941
39081,845,875,860,864,869
39083,1487,1531,1632,1736,1737
39085,2433,2479,2518,2533,2575
39087,750,781,826,850,854
39089,1859,1942,1995,2053,2080
39091,1449,1440,1445,1462,1418
39093,1991,2058,2140,2172,2180
39095,2020,2066,2084,2062,2080
39097,1802,1857,1957,1994,2054
39099,1398,1418,1426,1448,1468
39101,1225,1238,1227,1256,1254
39103,2540,2582,2638,2682,2703
39105,742,724,743,760,795
39107,1471,1547,1519,1585,1648
39109,1510,1535,1535,1548,1631
39111,692,758,821,866,887
39113,2079,2196,2260,2315,2334
39115,734,809,843,904,893
39117,1478,1566,1632,1622,1615
39119,1263,1315,1344,1357,1334
39121,714,717,793,767,837
39123,1518,1505,1527,1549,1566
39125,1219,1196,1191,1239,1270
39127,1070,1069,1058,1089,1133
39129,1725,1793,1832,1862,1850
39131,1007,969,977,976,932
39133,2046,2084,2102,2095,2093
39135,1355,1385,1401,1427,1418
39137,1379,1405,1389,1420,1411
39139,1423,1449,1438,1451,1474
39141,1148,1219,1244,1252,1263
39143,1264,1281,1288,1322,1323
39145,889,930,965,978,1009
39147,1124,1160,1174,1193,1208
39149,1380,1431,1431,1472,1480
39151,1543,1603,1635,1671,1705
39153,2162,2239,2271,2308,2362
39155,1419,1448,1456,1474,1484
39157,1268,1308,1326,1336,1339
39159,2449,2524,2577,2642,2649
39161,1110,1138,1158,1171,1157
39163,886,918,905,901,973
39165,2687,2737,2822,2868,2893
39167,999,1021,1046,1074,1092
39169,1686,1763,1793,1820,1852
39171,1269,1310,1338,1343,1332
39173,2214,2241,2228,2237,2236
39175,1000,1066,1039,998,993
40001,356,353,356,365,392
40003,284,290,281,316,338
40005,370,383,396,435,456
40007,466,536,512,548,528
40009,453,491,528,565,622
40011,364,353,364,419,450
40013,551,588,597,606,637
40015,331,350,356,390,410
40017,1232,1288,1329,1368,1423
40019,596,620,668,674,734
40021,505,517,522,544,596
40023,297,293,321,305,328
40025,244,259,263,287,327
40027,1281,1353,1403,1474,1536
40029,313,329,351,365,398
40031,861,936,985,1025,1070
40033,421,433,466,491,480
40035,475,513,556,565,575
40037,656,717,752,772,801
40039,623,651,688,723,734
40041,570,605,630,667,679
40043,333,353,351,367,378
40045,348,361,394,429,465
40047,630,664,704,732,763
40049,397,433,458,488,500
40051,661,697,721,748,794
40053,314,297,305,334,333
40055,294,340,354,353,360
40057,286,272,291,288,306
40059,289,298,325,341,351
40061,341,369,375,372,401
40063,348,342,364,375,358
40065,546,554,538,558,572
40067,325,312,339,330,329
40069,342,358,374,385,381
40071,528,551,554,553,566
40073,520,559,628,675,714
40075,285,312,343,382,398
40077,266,276,305,346,354
40079,422,444,463,487,497
40081,479,480,481,497,525
40083,914,1011,1006,1023,1075
40085,485,541,599,600,586
40087,762,849,866,930,1082
40089,298,323,305,319,334
40091,389,395,399,425,439
40093,526,549,608,597,594
40095,435,478,486,510,494
40097,562,580,646,680,721
40099,338,376,422,421,410
40101,589,621,630,669,647
40103,487,522,550,654,692
40105,470,462,451,477,482
40107,376,377,387,385,384
40109,1132,1214,1271,1327,1381
40111,435,463,492,506,520
40113,579,603,643,675,717
40115,352,383,405,425,441
40117,514,573,568,559,612
40119,894,973,1032,1087,1154
40121,437,438,451,466,488
40123,488,513,537,546,560
40125,565,612,640,657,694
40127,272,285,287,293,320
40129,524,543,520,534,531
40131,1030,1087,1136,1183,1208
40133,382,406,398,394,400
40135,368,385,410,442,465
40137,484,534,586,629,625
40139,447,495,498,521,538
40141,319,275,318,322,337
40143,1344,1395,1431,1466,1493
40145,1087,1143,1177,1178,1195
40147,710,798,887,925,924
40149,328,344,336,363,397
40151,422,420,407,418,409
40153,539,554,580,637,647
41001,1273,1357,1346,1362,1371
41003,2649,2728,2831,2905,3003
41005,2814,2944,3098,3245,3325
41007,1741,1791,1846,1935,1973
41009,1898,1923,2058,2101,2180
41011,1387,1432,1468,1515,1579
41013,1680,1663,1673,1679,1629
41015,1261,1287,1362,1387,1367
41017,2273,2368,2458,2503,2521
41019,1245,1292,1321,1361,1402
41021,956,995,1046,1115,1189
41023,1175,1173,1204,1320,1355
41025,1251,1282,1255,1242,1231
41027,1880,2161,2247,2354,2343
41029,2000,2076,2139,2147,2159
41031,1773,1819,1824,1823,1848
41033,1227,1257,1304,1359,1362
41035,1083,1143,1177,1200,1196
41037,1097,1173,1178,1175,1224
41039,1986,2059,2145,2196,2254
41041,1912,2047,2072,2112,2107
41043,1899,1981,2090,2120,2178
41045,1156,1226,1263,1291,1288
41047,2049,2117,2190,2231,2270
41049,1347,1317,1332,1371,1415
41051,2774,2881,2951,3049,3139
41053,2193,2289,2332,2374,2416
41055,981,1123,1206,1264,1290
41057,1417,1502,1495,1547,1636
41059,1517,1607,1645,1679,1721
41061,1344,1346,1353,1446,1451
41063,1421,1420,1474,1547,1554
41065,1889,1902,2008,2056,2118
41067,2812,2937,3064,3179,3278
41069,996,1204,1088,1139,1146
41071,2115,2120,2193,2274,2297
42001,2146,2345,2482,2586,2662
42003,2553,2594,2610,2649,2686
42005,1667,1703,1684,1706,1703
42007,1909,1937,1966,1981,2021
42009,1162,1120,1102,1094,1083
42011,3014,3149,3215,3290,3343
42013,1025,1063,1078,1114,1150
42015,1471,1529,1562,1570,1568
42017,4090,4256,4414,4475,4563
42019,2035,2089,2164,2228,2288
42021,1150,1184,1196,1223,1246
42023,1376,1385,1343,1381,1352
42025,2178,2253,2339,2404,2502
42027,2191,2236,2307,2390,2465
42029,4192,4364,4501,4594,4684
42031,1099,1142,1166,1186,1218
42033,1219,1242,1227,1242,1235
42035,1502,1465,1465,1490,1577
42037,1390,1430,1451,1482,1500
42039,1613,1655,1677,1713,1744
42041,1985,2066,2200,2269,2359
42043,2357,2414,2444,2483,2516
42045,3877,4061,4228,4363,4519
42047,1413,1448,1428,1425,1434
42049,2040,2071,2097,2110,2178
42051,1074,1093,1080,1095,1138
42053,860,850,884,871,952
42055,1736,1817,1881,1939,1964
42057,1627,1633,1637,1691,1740
42059,1383,1416,1428,1460,1514
42061,1076,1097,1092,1131,1184
42063,1485,1565,1587,1626,1711
42065,1115,1127,1145,1177,1198
42067,1418,1444,1483,1488,1538
42069,1954,1970,2007,2030,2122
42071,2638,2737,2819,2911,2981
42073,1436,1459,1486,1506,1521
42075,1973,2126,2271,2391,2443
42077,3004,3138,3205,3324,3415
42079,1587,1678,1757,1820,1849
42081,1827,1841,1840,1854,1874
42083,1236,1254,1224,1222,1229
42085,1492,1485,1493,1530,1533
42087,1438,1497,1505,1541,1601
42089,3454,3632,3800,3985,4099
42091,3834,3952,4078,4199,4307
42093,1497,1473,1483,1651,1679
42095,3319,3448,3536,3607,3724
42097,1055,1102,1121,1147,1190
42099,1836,1892,1954,1998,2025
42101,1236,1257,1274,1318,1359
42103,2911,2937,2936,2963,3060
42105,1330,1353,1364,1405,1441
42107,1387,1415,1436,1467,1497
42109,1438,1510,1542,1600,1711
42111,1063,1076,1085,1120,1155
42113,1263,1268,1298,1316,1372
42115,1791,1870,1839,1856,1888
42117,1608,1663,1690,1730,1748
42119,1743,1832,1893,1948,1971
42121,1276,1266,1238,1245,1253
42123,1417,1404,1381,1389,1404
42125,1532,1593,1593,1618,1675
42127,1929,2024,2114,2155,2197
42129,1885,1915,1933,1968,1988
42131,2050,2059,2081,2116,2188
42133,2674,2808,2867,2974,3046
44001,4477,4686,4793,4839,4896
44003,3495,3603,3677,3714,3738
44005,3796,3980,4133,4198,4215
44007,3380,3519,3601,3688,3747
44009,3845,3961,4134,4182,4180
45001,434,437,413,450,460
45003,588,588,595,612,621
45005,456,442,420,406,360
45007,698,718,705,730,742
45009,558,527,481,500,478
45011,479,509,504,494,494
45013,1319,1318,1300,1331,1342
45015,761,759,756,768,783
45017,537,538,493,519,548
45019,1205,1202,1196,1215,1241
45021,524,513,490,491,482
45023,573,576,550,550,557
45025,293,304,299,306,325
45027,477,498,485,482,523
45029,479,520,520,540,556
45031,381,382,377,379,378
45033,379,360,362,363,353
45035,1147,1144,1132,1174,1164
45037,588,571,583,566,582
45039,593,591,578,588,594
45041,463,447,449,475,504
45043,804,827,822,820,831
45045,971,976,989,1017,1057
45047,721,714,719,726,725
45049,562,533,543,553,530
45051,696,674,636,619,607
45053,629,633,671,651,648
45055,528,537,549,588,595
45057,580,626,681,710,749
45059,439,432,432,431,432
45061,458,462,472,480,476
45063,779,757,733,743,753
45065,552,577,585,601,581
45067,440,428,390,389,389
45069,367,357,360,342,328
45071,872,879,833,878,860
45073,600,642,634,650,675
45075,537,551,566,591,613
45077,587,589,582,588,581
45079,1111,1129,1119,1150,1174
45081,595,627,612,577,557
45083,748,748,744,764,779
45085,614,632,624,641,657
45087,512,527,510,495,494
45089,377,384,395,403,427
45091,1016,1023,997,994,1003
46003,946,967,1004,875,943
46005,1342,1361,1335,1384,1491
46007,800,807,993,1103,1104
46009,1147,1136,1152,1187,1196
46011,1913,1923,2020,2171,2174
46013,1661,1777,1872,1853,1922
46015,982,1126,1173,1262,1365
46017,1161,1053,875,667,844
46019,1543,1550,1547,1596,1592
46021,597,588,828,823,835
46023,1049,1014,1024,1060,1099
46025,773,840,879,913,994
46027,1720,1780,1890,1986,1978
46029,1461,1440,1494,1557,1604
46031,630,814,688,703,653
46033,1554,1566,1752,1918,1977
46035,1513,1641,1743,1807,1865
46037,925,1068,1074,1067,1049
46039,942,948,1026,1075,1102
46041,680,802,724,754,760
46043,1022,970,924,942,952
46045,907,950,984,963,1024
46047,1125,1278,1280,1358,1417
46049,558,581,527,589,600
46051,1080,1204,1210,1190,1208
46053,791,869,893,899,909
46055,724,903,971,867,884
46057,1088,1183,1273,1338,1411
46059,910,980,932,1019,1090
46061,1217,1228,1229,1279,1353
46063,829,738,764,718,837
46065,1711,1881,1937,2058,2162
46067,1089,1114,1161,1158,1168
46069,987,901,1015,1091,1202
46071,783,930,1067,754,742
46073,805,802,802,824,916
46075,761,720,693,651,641
46077,914,964,1040,1133,1224
46079,1400,1466,1488,1645,1616
46081,1851,1943,1964,2064,2127
46083,2470,2565,2663,2695,2745
46085,772,847,826,834,847
46087,1281,1342,1328,1411,1422
46089,780,880,1011,952,1027
46091,890,1009,982,1049,1149
46093,1934,2065,2264,2214,2146
46095,510,678,468,567,744
46097,929,951,838,888,907
46099,2062,2129,2145,2139,2178
46101,1378,1399,1405,1432,1500
46103,1995,2150,2229,2265,2279
46105,837,832,871,800,857
46107,863,873,939,996,1017
46109,1071,1155,1092,1126,1090
46111,776,842,806,770,766
46113,748,705,200-,200-,200-
46115,988,937,934,977,1028
46117,1244,1251,1276,1331,1553
46119,772,842,834,951,1113
46121,818,817,703,669,750
46123,900,861,861,920,927
46125,1232,1233,1281,1351,1386
46127,1562,1672,1705,1796,1967
46129,1054,1048,1085,1036,1086
46135,1590,1689,1700,1768,1796
46137,605,567,570,596,540
47001,966,972,988,1005,1037
47003,764,773,773,781,798
47005,522,514,520,538,554
47007,424,493,492,528,544
47009,872,898,920,926,941
47011,781,798,804,813,850
47013,449,458,478,484,492
47015,673,722,742,769,755
47017,538,567,602,619,652
47019,520,552,576,595,615
47021,1025,1033,1020,1061,1072
47023,498,517,527,541,568
47025,542,583,600,612,632
47027,561,587,629,600,646
47029,574,588,610,616,620
47031,913,915,912,928,962
47033,643,652,645,646,670
47035,467,503,509,533,541
47037,1587,1610,1621,1655,1674
47039,333,349,383,399,444
47041,462,476,505,512,515
47043,926,933,985,987,1034
47045,674,714,752,782,808
47047,746,764,746,767,778
47049,374,380,379,406,414
47051,753,767,767,781,810
47053,664,687,690,729,767
47055,742,748,740,744,755
47057,440,488,540,573,597
47059,511,524,531,547,560
47061,405,410,418,405,410
47063,647,680,693,691,683
47065,1270,1320,1343,1361,1397
47067,455,472,483,479,462
47069,543,567,567,565,574
47071,470,496,505,494,500
47073,667,680,716,729,743
47075,633,675,704,736,752
47077,517,544,540,569,599
47079,518,551,558,581,591
47081,606,631,633,635,620
47083,573,606,638,650,656
47085,541,547,563,565,575
47087,526,560,575,613,632
47089,612,656,685,709,736
47091,465,482,501,493,506
47093,1091,1106,1122,1137,1133
47095,468,480,518,540,552
47097,581,594,612,660,650
47099,648,675,697,715,713
47101,476,466,475,505,505
47103,579,573,571,560,576
47105,746,785,811,839,848
47107,524,541,550,561,555
47109,496,502,522,528,527
47111,560,564,562,607,596
47113,809,831,863,866,891
47115,502,529,552,587,593
47117,884,896,904,927,976
47119,924,942,950,972,997
47121,506,508,500,515,483
47123,520,539,581,613,625
47125,1118,1166,1199,1227,1253
47127,710,704,713,746,781
47129,555,566,611,642,637
47131,557,574,587,611,632
47133,417,429,433,461,472
47135,473,515,500,513,520
47137,446,437,450,462,490
47139,587,604,653,690,675
47141,797,845,877,917,959
47143,494,515,540,554,549
47145,754,808,824,838,838
47147,1000,1065,1115,1158,1175
47149,1155,1201,1215,1259,1258
47151,469,482,489,530,550
47153,605,649,650,671,713
47155,547,571,597,618,631
47157,1872,1930,1965,1985,1992
47159,653,667,672,677,661
47161,606,641,636,692,705
47163,737,763,775,802,834
47165,1160,1191,1211,1236,1235
47167,868,891,934,947,953
47169,730,736,751,763,775
47171,611,598,641,661,683
47173,436,468,481,509,534
47175,346,374,399,388,392
47177,587,587,586,596,613
47179,803,873,913,919,929
47181,394,405,445,447,466
47183,567,586,610,607,617
47185,490,509,526,519,511
47187,1879,1920,1974,2026,2055
47189,1136,1173,1215,1240,1258
48001,1007,1072,1038,1131,1166
48003,766,864,909,933,1149
48005,1100,1080,1113,1160,1256
48007,1670,1551,1435,1474,1522
48009,1498,1446,1337,1330,1308
48011,1111,1285,1134,1186,1344
48013,1122,1119,1209,1214,1273
48015,1903,2043,2069,2076,2254
48017,992,1130,989,954,1261
48019,1716,1787,1904,1876,2021
48021,2267,2230,2273,2235,2273
48023,638,686,848,897,953
48025,898,881,949,1074,1064
48027,2135,2245,2260,2322,2332
48029,2484,2545,2583,2623,2644
48031,1945,2064,2038,2171,2382
48033,546,513,513,487,363
48035,1118,1092,1142,1172,1118
48037,1189,1278,1310,1381,1456
48039,2851,2887,2918,2982,2956
48041,2657,2678,2762,2796,2858
48043,1094,1173,1223,1362,1285
48045,579,563,605,686,701
48047,469,598,618,654,694
48049,1087,1147,1241,1255,1258
48051,1050,1090,1091,1091,1116
48053,1933,1916,1970,2008,2082
48055,1681,1713,1813,1815,1820
48057,1045,1051,1080,1108,1148
48059,817,828,850,885,897
48061,1306,1357,1372,1398,1381
48063,1200,1228,1345,1334,1209
48065,986,1089,1128,1115,1188
48067,783,866,915,959,945
48069,1118,1117,1088,1170,1175
48071,2099,2231,2219,2253,2284
48073,896,956,934,973,1096
48075,877,923,922,983,930
48077,1199,1285,1229,1289,1267
48079,553,479,450,453,418
48081,775,776,784,818,921
48083,613,678,691,705,738
48085,4351,4417,4403,4394,4464
48087,918,915,966,968,998
48089,1142,1179,1282,1437,1408
48091,2782,2804,2811,2829,2922
48093,1051,1005,1034,1102,1045
48095,1017,947,967,933,1169
48097,1924,1877,1885,2008,2029
48099,1544,1644,1671,1690,1685
48101,455,488,473,510,580
48103,648,608,610,613,672
48105,401,295,403,372,412
48107,981,933,895,932,898
48109,891,838,810,748,811
48111,735,830,910,952,1040
48113,2827,2822,2792,2805,2807
48115,754,787,820,925,1000
48117,1298,1396,1346,1347,1423
48119,1041,1047,1084,1160,1252
48121,3822,3855,3876,3911,3952
48123,873,923,934,930,979
48125,409,480,457,523,549
48127,552,488,475,526,656
48129,866,891,870,897,888
48131,440,422,428,476,479
48133,628,689,735,717,686
48135,1061,1123,1160,1193,1264
48137,513,574,652,673,671
48139,2501,2550,2580,2551,2547
48141,2126,2208,2273,2336,2400
48143,1638,1680,1604,1521,1501
48145,794,802,801,787,864
48147,1170,1211,1325,1388,1408
48149,1546,1517,1436,1461,1468
48151,713,761,796,862,782
48153,853,835,894,793,768
48155,610,571,694,617,685
48157,4260,4300,4355,4425,4522
48159,1142,1182,1129,1195,1380
48161,1070,945,1018,887,1004
48163,776,749,798,1000,1011
48165,925,934,975,1061,1096
48167,2836,2830,2853,2896,2894
48169,701,649,731,731,681
48171,2209,2261,2325,2430,2444
48173,505,629,650,715,1128
48175,706,766,875,1039,1045
48177,1001,1095,1147,1176,1166
48179,969,1032,1060,1034,991
48181,1519,1556,1564,1657,1733
48183,1485,1581,1603,1721,1765
48185,950,936,1019,1096,1238
48187,2275,2408,2474,2546,2630
48189,1164,1134,1081,1118,1145
48191,733,734,717,705,677
48193,1363,1370,1417,1428,1489
48195,1028,1081,1014,1042,1104
48197,687,734,784,729,671
48199,1171,1234,1228,1262,1255
48201,3040,3049,2998,3009,3013
48203,1080,1223,1295,1291,1277
48205,1869,2045,1852,2097,2076
48207,525,512,599,570,647
48209,3417,3469,3458,3525,3575
48211,1150,1496,1451,1369,1500
48213,1056,1076,1096,1151,1181
48215,1402,1464,1484,1513,1559
48217,1233,1263,1228,1270,1267
48219,997,1133,1153,1127,1193
48221,1887,1782,1719,1799,1798
48223,1316,1354,1390,1405,1396
48225,750,755,806,849,873
48227,702,756,782,913,869
48229,508,461,510,519,487
48231,1420,1491,1485,1559,1599
48233,782,836,884,890,1009
48235,885,746,766,790,1083
48237,880,854,912,944,995
48239,1147,1269,1293,1274,1215
48241,656,727,770,817,872
48243,972,861,877,1140,1172
48245,1406,1531,1569,1620,1694
48247,735,711,576,678,729
48249,872,870,925,886,808
48251,1867,1900,1943,1990,1970
48253,730,808,870,880,920
48255,845,852,852,845,886
48257,2597,2651,2689,2760,2737
48259,3529,3769,3897,4008,4083
48261,760,350,350,429,417
48263,396,383,483,548,542
48265,1725,1787,1916,2033,2051
48267,1032,1097,1177,1151,1279
48269,5066,3300,879,843,617
48271,405,426,657,818,750
48273,1212,1265,1314,1341,1361
48275,699,663,689,699,711
48277,1126,1157,1179,1199,1186
48279,627,598,656,695,764
48281,1655,1691,1745,1897,1885
48283,486,495,534,492,527
48285,943,949,959,1025,1132
48287,1460,1336,1467,1484,1545
48289,669,750,879,908,932
48291,1254,1330,1319,1347,1451
48293,854,911,947,913,936
48295,953,1011,999,1050,1037
48297,577,616,621,719,750
48299,1496,1649,1501,1541,1678
48301,1333,1125,1175,1250,1125
48303,1801,1813,1854,1877,1928
48305,1300,1285,1238,1329,1412
48307,716,784,823,867,859
48309,1635,1699,1758,1838,1929
48311,607,613,562,543,580
48313,830,931,955,970,1082
48315,570,623,661,675,800
48317,945,884,789,853,903
48319,968,1142,1325,1359,1416
48321,1087,1164,1188,1242,1255
48323,1015,1076,1051,1153,1180
48325,1427,1477,1513,1590,1711
48327,775,789,958,832,963
48329,1812,1915,1952,2070,2233
48331,1035,1161,1056,1030,1039
48333,934,997,954,1103,1176
48335,910,931,795,743,728
48337,1049,1094,1100,1107,1195
48339,3123,3228,3287,3354,3410
48341,1138,1049,1112,1136,1187
48343,903,903,893,875,827
48345,629,616,584,597,626
48347,916,956,932,927,1016
48349,1176,1181,1211,1250,1270
48351,523,588,733,776,785
48353,713,722,726,753,802
48355,2047,2090,2087,2126,2142
48357,1148,1163,1173,1237,1198
48359,1481,1613,1380,1454,1476
48361,1120,1152,1183,1261,1387
48363,941,977,1068,1091,1046
48365,849,817,835,900,1000
48367,2461,2506,2580,2641,2686
48369,1178,1264,1283,1249,1253
48371,422,463,496,603,566
48373,755,821,900,918,948
48375,1415,1427,1420,1470,1464
48377,760,827,835,821,827
48379,1104,1190,1208,1281,1523
48381,2265,2332,2361,2457,2499
48383,661,547,592,724,894
48385,1045,814,923,861,920
48387,701,777,783,789,759
48389,489,519,607,569,583
48391,621,636,700,702,728
48393,1394,1333,976,1105,997
48395,779,798,776,874,883
48397,4054,4058,4024,3942,3941
48399,1082,1013,1034,972,1022
48401,876,888,866,984,1035
48403,434,487,536,541,584
48405,593,596,537,505,513
48407,894,1029,1061,1145,1140
48409,1552,1588,1560,1554,1597
48411,813,905,853,888,878
48413,729,742,916,893,875
48415,933,991,1054,1120,1124
48417,761,902,1198,1243,1324
48419,541,574,563,592,589
48421,1020,1122,1096,1136,1188
48423,1607,1635,1616,1645,1735
48425,1392,1506,1464,1473,1411
48427,502,522,553,565,597
48429,726,799,859,977,1009
48431,519,603,753,785,713
48433,819,828,815,730,733
48435,695,724,819,934,1039
48437,916,945,964,1016,1022
48439,3193,3186,3167,3191,3196
48441,1366,1381,1409,1446,1494
48443,285,335,388,442,393
48445,899,741,827,990,908
48447,685,697,786,843,847
48449,1136,1180,1174,1201,1214
48451,1201,1230,1283,1346,1428
48453,3972,4080,4212,4333,4432
48455,709,818,804,756,809
48457,656,632,635,714,802
48459,1120,1140,1153,1185,1197
48461,359,320,294,294,364
48463,904,878,910,918,1088
48465,1255,1252,1294,1339,1350
48467,1173,1153,1176,1232,1250
48469,1753,1852,1948,2013,2132
48471,1482,1495,1583,1474,1588
48473,1968,2107,2079,2066,2152
48475,342,374,360,393,438
48477,2055,2075,2089,1998,1950
48479,2267,2363,2435,2500,2489
48481,1374,1408,1461,1628,1627
48483,715,880,801,824,857
48485,1480,1532,1622,1659,1696
48487,894,1044,998,1047,1151
48489,724,739,705,720,750
48491,3817,3858,3915,3948,4029
48493,2048,2167,2304,2331,2394
48495,465,473,532,544,533
48497,1788,1753,1800,1786,1841
48499,1096,1182,1270,1306,1345
48501,675,652,623,697,748
48503,777,886,1109,1156,1176
48505,359,388,445,469,522
48507,369,424,395,391,405
49001,688,734,772,814,775
49003,953,1041,1117,1160,1190
49005,942,983,1037,1069,1118
49007,617,664,708,729,780
49009,680,740,791,789,921
49011,1354,1419,1468,1523,1575
49013,927,994,1072,1144,1157
49015,620,691,715,723,759
49017,646,696,737,737,749
49019,808,919,939,978,985
49021,1043,1081,1068,1089,1126
49023,984,1050,1037,1080,1125
49025,846,904,985,977,1027
49027,626,686,738,821,815
49029,1303,1337,1404,1467,1565
49031,623,637,636,668,659
49033,422,471,548,648,706
49035,1588,1640,1680,1709,1733
49037,911,928,1000,1036,1105
49039,817,880,952,1001,1035
49041,795,808,839,852,834
49043,1921,2099,2078,2243,2302
49045,1046,1156,1209,1222,1240
49047,940,1025,1062,1092,1119
49049,1287,1324,1348,1361,1367
49051,1487,1527,1640,1764,1762
49053,1231,1314,1324,1346,1352
49055,563,606,742,733,774
49057,1289,1335,1353,1375,1385
50001,3655,3824,3927,3951,4030
50003,3190,3289,3367,3528,3517
50005,2507,2628,2724,2838,2870
50007,4096,4256,4342,4437,4544
50009,1727,1798,1849,1897,1920
50011,2773,2873,2936,3038,3080
50013,3381,3706,3765,3872,3886
50015,3304,3400,3493,3684,3712
50017,3035,3129,3179,3248,3294
50019,2167,2285,2322,2484,2537
50021,2984,3159,3236,3335,3361
50023,3365,3516,3659,3729,3817
50025,3556,3636,3755,3810,3922
50027,3630,3768,3920,4047,4104
51001,650,687,727,739,756
51003,2219,2314,2347,2294,2288
51005,703,790,823,801,782
51007,691,724,744,762,766
51009,730,751,754,740,743
51011,644,679,714,723,732
51013,4564,4798,4918,5053,5175
51015,879,902,931,952,973
51017,586,645,713,768,750
51019,922,950,962,969,996
51021,542,545,607,660,665
51023,1203,1237,1257,1294,1307
51025,457,458,462,476,470
51027,284,293,278,280,268
51029,558,566,608,643,631
51031,641,675,682,712,726
51033,1099,1134,1145,1103,1178
51035,652,684,697,715,718
51036,840,876,898,907,943
51037,574,572,548,558,543
51041,1964,2064,2079,2023,1955
51043,1996,2087,2176,2254,2317
51045,706,741,758,797,836
51047,1788,1796,1787,1744,1711
51049,838,868,925,997,1021
51051,368,382,400,423,435
51053,1055,1097,1106,1138,1088
51057,852,905,957,965,992
51059,4543,4645,4674,4689,4777
51061,2744,2878,2901,2930,2935
51063,785,838,829,785,794
51065,1193,1243,1306,1365,1398
51067,733,769,785,802,830
51069,1226,1238,1235,1229,1208
51071,700,716,732,739,740
51073,1257,1276,1280,1328,1362
51075,1708,1769,1771,1798,1792
51077,435,467,498,553,581
51079,1261,1313,1405,1439,1508
51081,523,551,550,522,562
51083,502,529,551,553,568
51085,1922,1974,1985,1955,1927
51087,1762,1804,1811,1785,1775
51089,470,476,482,486,487
51091,811,778,784,777,786
51093,1286,1302,1347,1401,1415
51095,2416,2508,2480,2419,2356
51097,784,747,734,737,783
51099,1328,1331,1331,1368,1433
51101,1319,1427,1547,1589,1668
51103,972,964,946,1009,1035
51105,421,443,468,455,456
51107,4976,5131,5140,5096,5095
51109,1270,1280,1278,1273,1263
51111,473,493,497,501,533
51113,1169,1229,1195,1321,1381
51115,892,910,1062,1152,1272
51117,521,570,581,593,595
51119,923,994,1060,1150,1153
51121,1256,1346,1440,1497,1589
51125,984,999,1050,1091,1217
51127,1660,1811,1851,1877,1848
51131,928,1001,937,970,973
51133,937,966,996,977,1041
51135,594,593,574,593,605
51137,1340,1357,1387,1456,1480
51139,967,1100,1170,1237,1226
51141,520,543,574,607,631
51143,557,573,594,623,624
51145,1928,2049,2099,2072,2032
51147,713,684,721,729,759
51149,1456,1488,1519,1571,1563
51153,3402,3435,3402,3399,3378
51155,694,737,764,780,784
51157,2287,2292,2350,2400,2410
51159,673,726,806,898,938
51161,1735,1799,1835,1848,1856
51163,1058,1046,1103,1091,1156
51165,969,1020,1071,1097,1134
51167,477,491,480,509,539
51169,537,587,611,637,639
51171,992,1000,1047,1054,1066
51173,500,534,555,588,599
51175,788,859,871,975,1089
51177,1668,1707,1703,1706,1714
51179,2477,2517,2517,2540,2511
51181,1064,1093,1191,1128,1156
51183,661,705,766,715,716
51185,521,542,549,559,567
51187,1292,1318,1317,1326,1333
51191,719,758,782,773,794
51193,844,886,867,911,951
51195,428,447,464,487,526
51197,559,601,591,607,626
51199,1984,2093,2120,2142,2134
51510,4061,4126,4209,4302,4510
51515,1049,1084,1082,1122,NA
51520,812,842,868,902,935
51530,1096,1047,1017,1025,1000
51540,2486,2526,2547,2564,2488
51550,2534,2620,2619,2532,2482
51570,1675,1761,1808,1778,1810
51580,449,494,489,500,483
51590,616,617,608,599,611
51595,707,698,681,768,849
51600,3646,3733,3837,3941,4040
51610,6005,6455,6520,6808,7236
51620,1234,1305,1335,1384,1316
51630,1865,1881,1981,1967,2060
51640,551,563,622,658,649
51650,1712,1819,1873,1881,1901
51660,1139,1208,1271,1236,1265
51670,1184,1234,1242,1228,1205
51678,1406,1472,1683,1695,1548
51680,1248,1334,1373,1417,1464
51683,3247,3176,3054,3018,3139
51685,3756,3636,3326,3243,3115
51690,702,740,733,705,714
51700,1901,2072,2209,2190,2181
51710,1993,2063,2114,2101,2075
51720,505,554,579,596,616
51730,1208,1231,1225,1261,1231
51735,2552,2568,2434,2433,2506
51740,1843,1924,2009,2028,2080
51750,910,949,1007,1046,1007
51760,2126,2202,2214,2183,2146
51770,1318,1364,1394,1407,1406
51775,1593,1679,1776,1765,1740
51790,1316,1378,1399,1407,1377
51800,1937,1999,2050,2029,2141
51810,2235,2342,2375,2356,2332
51820,1120,1143,1104,1097,1083
51830,1856,1855,1938,1780,1767
51840,1739,1849,1836,1763,1830
53001,1404,1439,1535,1554,1496
53003,1534,1639,1708,1830,1829
53005,1820,1828,1831,1871,1898
53007,1974,2064,2095,2059,2076
53009,1853,1895,1942,1939,2007
53011,2577,2637,2680,2693,2702
53013,1257,1375,1494,1519,1552
53015,1752,1836,1907,1899,1896
53017,1761,1883,1987,2033,2086
53019,941,1005,1081,1071,1157
53021,1687,1737,1832,1882,1936
53023,1135,1252,1262,1339,1291
53025,1385,1498,1562,1638,1703
53027,1423,1466,1509,1584,1654
53029,2159,2254,2301,2319,2340
53031,2138,2201,2177,2153,2217
53033,3572,3697,3789,3824,3855
53035,2516,2607,2643,2686,2691
53037,1838,1908,1937,1936,1967
53039,1435,1448,1460,1540,1542
53041,1448,1512,1545,1574,1636
53043,1099,1139,1185,1237,1193
53045,1738,1820,1932,1927,1962
53047,1264,1295,1337,1357,1415
53049,1460,1508,1551,1595,1552
53051,1177,1156,1207,1208,1256
53053,2759,2841,2848,2895,2892
53055,2549,2630,2709,2730,2799
53057,2406,2502,2576,2628,2640
53059,1480,1625,1759,1862,1882
53061,3009,3114,3151,3151,3158
53063,1901,1999,2102,2120,2167
53065,1237,1304,1335,1386,1399
53067,2472,2548,2580,2608,2633
53069,1366,1431,1581,1658,1644
53071,1885,1941,2038,2024,2158
53073,2173,2259,2300,2353,2391
53075,1713,1781,1768,1769,1843
53077,1493,1556,1592,1636,1669
54001,324,339,348,343,337
54003,1121,1153,1173,1153,1154
54005,431,463,456,502,496
54007,340,351,362,371,377
54009,520,516,515,519,524
54011,617,649,679,706,721
54013,297,297,324,315,312
54015,335,336,351,372,311
54017,436,475,467,489,509
54019,404,411,412,409,454
54021,345,370,354,356,392
54023,383,398,405,412,433
54025,397,419,431,438,461
54027,543,564,563,546,543
54029,508,512,517,522,550
54031,453,466,507,507,511
54033,571,587,597,599,618
54035,584,599,620,602,609
54037,1379,1456,1463,1451,1385
54039,622,642,671,686,691
54041,434,482,438,479,476
54043,293,311,328,339,331
54045,366,385,384,403,419
54047,244,241,242,255,239
54049,564,585,615,670,698
54051,428,451,483,494,510
54053,487,522,518,527,508
54055,362,385,399,415,440
54057,613,624,642,643,679
54059,365,357,363,373,389
54061,695,717,739,783,809
54063,343,377,405,431,420
54065,769,799,873,938,998
54067,346,365,379,396,395
54069,608,652,666,663,684
54071,387,381,368,386,390
54073,502,533,541,568,599
54075,320,332,308,313,320
54077,343,381,410,427,461
54079,776,786,827,844,859
54081,465,469,467,495,530
54083,332,334,364,389,437
54085,419,464,484,480,483
54087,299,308,321,341,356
54089,262,288,316,313,326
54091,458,504,526,560,556
54093,330,355,375,393,397
54095,469,483,512,509,505
54097,433,417,444,453,458
54099,429,442,449,453,462
54101,235,251,245,236,252
54103,453,479,477,459,474
54105,371,389,381,398,378
54107,612,627,633,649,639
54109,304,284,287,281,276
55001,1974,2053,2184,2256,2272
55003,1764,1854,1899,1897,1997
55005,2242,2304,2357,2381,2401
55007,1896,1957,2030,2060,2059
55009,2900,2976,2994,3037,3063
55011,2047,2171,2351,2405,2455
55013,1870,1887,1943,1899,1880
55015,2902,3027,3109,3163,3214
55017,2123,2193,2259,2293,2318
55019,1928,1956,2023,2059,2082
55021,2988,3065,3163,3275,3335
55023,2244,2296,2414,2468,2508
55025,4149,4279,4426,4496,4610
55027,2884,2954,3010,3049,3055
55029,2357,2420,2462,2521,2552
55031,2076,2165,2232,2244,2273
55033,2823,2952,3025,3081,3025
55035,2616,2677,2751,2787,2804
55037,1682,1744,1854,1885,1956
55039,2624,2692,2746,2817,2900
55041,1712,1683,1787,1807,1806
55043,2051,2120,2196,2241,2317
55045,2976,3149,3280,3375,3418
55047,2311,2356,2416,2446,2446
55049,2925,3097,3163,3279,3345
55051,1520,1511,1551,1574,1564
55053,1962,2017,2088,2118,2211
55055,3099,3219,3308,3354,3406
55057,2020,2072,2168,2191,2243
55059,3520,3597,3653,3719,3698
55061,2361,2444,2464,2570,2605
55063,2912,3005,3055,3139,3183
55065,2331,2447,2533,2591,2629
55067,1791,1781,1831,1851,1870
55069,2154,2182,2209,2275,2337
55071,2351,2389,2430,2444,2477
55073,2602,2674,2711,2748,2768
55075,1604,1626,1645,1670,1677
55077,2192,2268,2370,2427,2456
55078,2654,2509,2475,2817,2769
55079,3707,3812,3898,3938,3953
55081,2357,2393,2452,2485,2516
55083,2198,2253,2307,2365,2416
55085,2040,2018,1966,1978,1959
55087,2779,2842,2900,2969,3010
55089,4033,4131,4102,4145,4073
55091,2531,2666,2751,2678,2686
55093,3542,3623,3681,3698,3685
55095,2649,2710,2724,2719,2701
55097,2536,2567,2579,2607,2627
55099,1775,1845,1827,1873,1952
55101,3312,3445,3487,3548,3580
55103,2200,2265,2329,2326,2310
55105,2706,2791,2820,2853,2878
55107,1572,1634,1649,1662,1631
55109,3367,3391,3392,3355,3331
55111,2758,2858,2947,3040,3120
55113,1759,1745,1663,1728,1727
55115,1972,2025,2123,2196,2244
55117,2875,2968,2980,3012,3018
55119,2052,2111,2234,2257,2330
55121,2437,2497,2564,2605,2641
55123,2299,2357,2435,2498,2529
55125,1976,1946,1927,1908,2006
55127,3323,3427,3538,3583,3636
55129,1897,1962,2052,2096,2166
55131,3502,3610,3666,3677,3681
55133,3954,4053,4135,4171,4169
55135,2411,2477,2524,2573,2628
55137,2125,2181,2239,2252,2322
55139,2763,2826,2861,2928,2957
55141,2078,2172,2220,2257,2305
56001,1232,1260,1253,1241,1259
56003,726,758,820,880,913
56005,926,1012,1087,1145,1194
56007,615,708,730,743,760
56009,884,950,983,1010,1038
56011,657,714,762,904,989
56013,957,1131,1224,1254,1270
56015,774,837,883,893,901
56017,706,777,883,817,843
56019,1160,1282,1299,1328,1341
56021,1115,1158,1166,1181,1206
56023,915,1017,1120,1099,1126
56025,949,1044,1107,1118,1133
56027,593,594,671,745,733
56029,1243,1334,1333,1391,1409
56031,601,681,709,768,736
56033,1263,1336,1357,1380,1393
56035,1247,1303,1342,1352,1375
56037,954,1046,1098,1101,1127
56039,3496,3815,4084,4058,3913
56041,849,895,948,999,991
56043,746,841,968,1061,1065
56045,579,611,656,766,893
