fips,pctMigration2011,pctMigration2012,pctMigration2013,pctMigration2014
1001,0.71,-0.18,-0.24,0.25
1003,1.66,1.92,2.29,2.08
1005,-0.91,-0.16,-0.67,-0.22
1007,-0.55,-0.57,-0.71,-0.02
1009,0.28,-0.05,-0.09,-0.18
1011,-3.75,-1.55,0.31,1.34
1013,-1.45,-1.33,-0.5,0.02
1015,-0.57,-0.5,-0.37,-0.38
1017,-0.34,0.44,0.42,-0.16
1019,0.59,0.12,0.7,0.04
1021,0.1,-0.23,0.1,0.06
1023,-1.49,0.37,-0.85,-0.11
1025,-0.14,-1.61,0.04,-0.8
1027,-0.09,-1.11,0.62,0.61
1029,-0.72,-0.44,0.72,0.36
1031,0.32,1.13,-0.95,-0.05
1033,0.11,0.14,0.24,0.24
1035,-0.61,-0.44,-0.68,-1.48
1037,-5.95,-1.14,-0.47,-1.59
1039,0.8,-0.33,0.16,0.42
1041,0.22,0.92,0.22,0.46
1043,0.02,-0.02,0.46,0.58
1045,-1.04,0.13,-1.31,-0.95
1047,-1.31,-1.05,-1.63,-0.92
1049,0.08,-0.82,-0.04,0.15
1051,0.33,0.18,0.23,-0.09
1053,-0.61,-0.43,-0.27,-0.32
1055,0.08,0.29,-0.13,-0.12
1057,-0.11,-0.04,-0.44,0.05
1059,0.18,-0.37,-0.67,0.09
1061,0.02,0.76,-0.68,0.04
1063,-1.35,-0.71,-1,-2.08
1065,-2.07,0.12,-0.24,-0.86
1067,0.78,-0.75,0.12,0.02
1069,0.23,0.6,0.1,0.35
1071,0.31,-0.27,-0.05,-0.35
1073,-0.32,-0.29,-0.08,0.02
1075,-1.03,0.1,0.11,-0.49
1077,0.2,0.02,0.28,0.55
1079,-0.57,-0.75,-0.58,-0.14
1081,1.4,2.11,1.54,1.08
1083,2.12,2.04,1.26,1.72
1085,-1.21,-2.42,-1.48,-1.53
1087,-1.43,-3.06,-3.11,-1.65
1089,0.7,0.56,0.74,0.55
1091,-1.36,-1.39,-1.13,-0.45
1093,-0.08,-0.33,-0.53,0.2
1095,0.66,0.3,0.06,-0.06
1097,-0.54,-0.19,-0.23,-0.11
1099,-1.01,-0.79,-1.69,-0.94
1101,0.51,-1.36,-1.58,-0.84
1103,0.02,0.07,-0.49,-0.11
1105,-1.55,-3.18,-1.35,-1.27
1107,-1.86,0.17,0.39,4.92
1109,-0.38,0.64,0.48,-0.89
1111,-0.46,-0.55,0.13,-0.53
1113,2.83,4.28,2.39,-0.23
1115,0.29,0.77,1.01,0.24
1117,0.42,0.87,1.01,0.68
1119,-2,-0.89,-0.26,-1.21
1121,-0.35,0.07,-0.43,0.21
1123,0.38,-0.65,0.2,0.04
1125,0.72,0.52,0.67,0.38
1127,-0.36,-0.45,-0.08,-0.28
1129,-1.39,-1.15,-1.11,0.18
1131,-1.23,-0.89,-1.14,-1.37
1133,0,-0.34,0.25,0.1
2013,-0.09,-0.95,-1.42,-0.18
2016,-1.23,0.07,-1.09,0.47
2020,-0.34,-0.29,-0.11,-1.26
2050,-0.29,-0.44,-1.05,-1.38
2060,2.1,-5.3,-3.35,-0.42
2068,-0.05,0.64,-0.58,-1.76
2070,0.1,-1.25,-0.79,-1.12
2090,-0.35,-0.23,-0.87,-2.7
2100,1.24,-0.62,0.04,-1.09
2105,-2.33,0,-0.05,-3.51
2110,1.53,0.06,-0.08,-1.44
2122,0.76,0.32,-0.04,0.25
2130,-0.35,-0.04,-0.8,-0.18
2150,0.35,0.99,-1.02,-2.23
2164,0.67,-2.11,1.03,-3.01
2170,1.4,1.16,0.49,1.21
2180,0.96,-1.61,-1.08,-1.97
2185,-1.24,-0.33,-0.4,-1.78
2188,-0.15,-1.58,-1.82,-1.1
2195,-0.06,-0.49,-1.67,-2.58
2198,1.46,-0.85,-0.03,-0.94
2220,-0.35,0.79,-0.88,-2.05
2230,-1.66,3.33,1.61,3.06
2240,-0.18,-0.81,-3.33,-1.69
2261,0.08,-1,-0.42,-4.24
2270,0.15,-0.51,0.18,-0.86
2275,1.1,1.13,0.88,-1.71
2282,-3.18,-0.31,-3.53,-1.26
2290,-0.39,-0.78,-1.69,-2.19
4001,0.23,0.34,-2.01,-0.58
4003,0.67,-0.98,-2.07,-2.07
4005,-0.9,0.63,-0.25,0
4007,-0.67,-0.65,0.13,0.4
4009,-0.78,-0.21,0.36,0.64
4011,2.07,1.15,2.44,3.31
4012,-0.06,-0.68,0.43,-0.23
4013,0.68,1.16,1.01,1.1
4015,0.59,0.62,0.17,0.55
4017,-1.06,-0.89,-0.22,0.08
4019,0.36,0.15,0.08,0.31
4021,-1.16,0.32,0.17,1.95
4023,-0.41,-1.13,-1.82,-1.72
4025,0.57,0.98,1.56,1.85
4027,1.1,-1.07,-1.22,-0.36
5001,-0.69,0.17,-1,-1.37
5003,-0.87,-0.7,-1.19,-1.47
5005,0.76,0.25,0.45,0.59
5007,1.29,1.31,1.16,1.39
5009,0.49,0.69,0.04,-0.58
5011,-0.19,-0.69,-0.84,-0.33
5013,-3.38,0.55,-1.13,-0.46
5015,-0.21,0.47,0.61,-0.05
5017,-0.56,-1.99,-0.86,-1.23
5019,-0.38,-0.11,-0.38,-0.5
5021,-0.64,-0.7,-0.75,-0.55
5023,0.01,-0.05,-0.09,0.46
5025,-0.3,-0.6,-0.86,-1.34
5027,-0.36,-0.94,-0.77,-1.32
5029,-0.4,0.15,-0.24,-0.68
5031,1.08,0.9,0.97,0.38
5033,-0.4,-0.15,-0.75,-0.2
5035,-1.43,-1.53,-1.2,-0.97
5037,-0.39,-0.55,-0.96,-1.77
5039,-0.31,-1.19,-0.45,-1.93
5041,-1.74,-1.15,-0.51,-1.91
5043,-0.51,0.06,-0.09,-0.74
5045,1.31,1.22,0.05,0.57
5047,-0.58,0.13,0.03,-0.85
5049,1.06,0.46,0.74,-0.16
5051,1.08,0.5,0.76,0.46
5053,0.35,0.2,-0.28,0.29
5055,1.1,0.71,-0.4,1.27
5057,-0.63,-1.05,-0.09,-0.76
5059,-0.27,1.1,0.25,-0.12
5061,0.09,-1.05,-1.29,-0.61
5063,0.18,0.23,-0.17,0.18
5065,-1.29,-0.01,-0.24,1.31
5067,-0.4,-1.24,0.15,-0.71
5069,-1.63,-1.81,-1.83,-1.19
5071,0.27,0.39,-0.4,-0.07
5073,-1.26,-1.05,-1.51,-1.48
5075,-0.87,-0.87,0.25,-0.35
5077,-0.65,-0.55,-1.41,-1.74
5079,-0.43,-1.27,-0.51,-0.31
5081,-0.97,0,-1.33,-1.64
5083,-0.07,-1.36,0.44,-0.39
5085,0.54,0.32,0.48,0.43
5087,0.15,-0.82,0.24,-0.19
5089,0.31,0.39,-0.26,0.32
5091,0.06,-0.64,-0.76,-0.18
5093,-1.1,-1.41,-1.97,-1.37
5095,-0.32,-2.14,-1.38,-0.53
5097,-0.03,0.22,-0.88,-0.74
5099,0.42,-0.83,-1.35,-0.72
5101,-0.4,-1.84,0.24,-1.74
5103,-0.85,-1.19,-1.36,-0.47
5105,-0.48,-0.29,0.44,-1.05
5107,-1.31,-3.02,-1.69,-2.82
5109,-0.12,0.4,-0.73,-0.64
5111,-0.07,-0.57,-0.33,0.07
5113,-0.09,-0.42,-0.14,-0.36
5115,0.28,-0.08,-0.45,0.4
5117,-0.77,-0.9,-0.77,-0.37
5119,0.1,0,0.03,-0.17
5121,0.51,-0.24,-0.71,-0.1
5123,-0.92,-0.54,-2.23,-1.57
5125,1.4,1.33,2.13,1.01
5127,-0.27,-2.3,-0.52,-1.96
5129,-1.39,-0.4,0.31,-0.35
5131,0.52,-0.21,-0.55,-0.62
5133,0.12,-0.56,0.39,-0.17
5135,1.04,-0.92,0.49,-0.62
5137,1.63,0.79,-0.58,0.1
5139,-0.2,-1.12,-0.44,-1.04
5141,-0.73,-0.03,-0.33,-0.09
5143,0.74,0.82,1.32,0.94
5145,0.78,0.25,-0.51,-0.34
5147,-0.37,-1.56,0.1,-1.86
5149,-1.07,-0.49,-0.18,0.09
6001,0.43,0.85,0.99,1.16
6003,-5.35,1.53,1.69,-3.48
6005,0.13,-0.83,-0.97,0.72
6007,0.03,0.52,0.35,0.75
6009,-0.61,-0.52,0.03,0.4
6011,-0.75,-1.05,-0.86,-1
6013,0.78,0.74,0.98,1.02
6015,-0.25,-1.07,-1.51,-2.4
6017,-0.27,-0.32,0.45,0.83
6019,-0.01,-0.28,-0.23,0.09
6021,-0.68,-1.43,-0.73,-0.35
6023,-0.24,-0.57,-0.18,0.06
6025,-0.17,-0.68,-1.39,-0.3
6027,-0.37,-0.14,-0.13,-0.31
6029,-0.02,-0.3,0,0.01
6031,-0.78,-1.58,-1.42,-1.42
6033,-0.58,-0.3,-0.08,0.62
6035,-2.05,-2.08,-4.69,-1.69
6037,-0.13,0.01,-0.03,-0.01
6039,-0.02,-0.89,-0.77,0.75
6041,0.62,0.04,0.8,0.64
6043,-0.33,-1.53,-0.11,-0.42
6045,-0.63,-0.37,-0.41,0.18
6047,0.16,-0.18,-0.41,0.14
6049,-1.7,-1.37,-1.93,-0.69
6051,-0.07,-1.11,-2.37,-0.9
6053,0.24,0.13,-0.39,-0.43
6055,0.66,0.49,0.69,0.65
6057,-0.07,-0.32,0.14,0.79
6059,0.56,0.42,0.28,0.17
6061,1.63,0.98,1.4,0.88
6063,-0.63,-1.28,-1.69,-1.21
6065,0.9,0.63,0.51,0.72
6067,0.29,0.3,0.28,0.68
6069,0.19,0.48,0.39,0.47
6071,0.21,-0.12,-0.36,0.12
6073,0.34,0.47,0.33,0.53
6075,0.56,1.1,0.89,0.97
6077,0.37,0.13,-0.38,0.79
6079,0.49,1.11,0.42,0.82
6081,0.43,0.82,0.65,0.52
6083,-0.18,0.52,0.52,0.47
6085,0.46,0.63,0.68,0.54
6087,-0.03,0.15,0.48,0.41
6089,0.18,0.26,0.26,0.35
6091,-2.89,-0.35,-0.55,-0.59
6093,-0.66,-0.98,-0.8,-0.14
6095,0.02,0.36,0.5,0.9
6097,0.36,0.43,0.64,0.72
6099,-0.22,-0.08,-0.06,0.38
6101,-0.66,-0.66,0.02,0.03
6103,-0.41,-0.32,-0.5,-0.41
6105,0.05,-1.25,-0.01,-1.87
6107,0.06,-0.34,-0.43,-0.32
6109,-0.29,-0.97,-0.07,0.05
6111,0.04,-0.11,-0.05,0.04
6113,-0.17,0.36,-0.25,0.41
6115,-0.74,-0.48,-0.52,-0.12
8001,0.7,0.85,0.99,1.26
8003,0.41,-0.59,0.3,-1.17
8005,0.98,0.97,1.17,1.07
8007,-0.64,0.52,0.6,0.2
8009,0.61,-0.95,-1.62,-1.06
8011,-3.36,-8.4,-1.46,-1.95
8013,0.89,1.16,1.13,0.53
8014,1.46,1.15,1.42,2.16
8015,0.69,0.58,1.98,0.32
8017,2.07,0.27,0.11,-2.32
8019,-1.25,-0.13,-0.21,0.79
8021,-0.57,-0.9,-0.52,-0.5
8023,3.51,-1.43,-1.39,0.82
8025,-1.66,-7.33,-1.16,0.28
8027,-1.38,0.88,1.65,2.34
8029,-1.4,0.31,0.15,-1.33
8031,1.74,1.4,1.43,1.55
8033,-0.92,-2.32,1.31,-3.46
8035,0.88,1.17,1.77,1.82
8037,-1.66,-0.83,0.07,-0.13
8039,-0.07,0.36,1.11,1.8
8041,0.72,0.53,0.61,0.45
8043,1.33,-0.88,-0.39,0.5
8045,-0.83,0.67,-0.27,-0.23
8047,-0.59,0.04,1.49,4.45
8049,-2.23,-2.94,0.52,0.91
8051,-0.01,-0.5,-0.25,0.81
8053,-2.36,-4.33,0.25,-4.56
8055,-1.83,1.87,-0.94,0.03
8057,-1.66,-2.46,1.48,2.05
8059,0.48,0.9,0.79,0.98
8061,2.58,-0.55,-1.11,-1.13
8063,-1.58,-1.27,-0.73,0.52
8065,0.7,-1.75,-0.32,-0.03
8067,0.4,0.47,1.2,0.87
8069,1.1,1.24,1.17,1.86
8071,-2.41,-0.43,-3.75,-2.55
8073,-0.66,0.77,-0.66,1.22
8075,-0.51,-0.44,-0.88,0.34
8077,0.08,-0.17,-0.55,0.03
8079,0.28,-0.28,2.96,-4.29
8081,-3.56,-2.41,-1.19,-2.36
8083,-0.54,-0.13,0.72,0.34
8085,-0.62,-0.46,-0.01,0.12
8087,-0.15,-1,-0.59,-0.91
8089,-0.01,-1.11,-0.56,-0.51
8091,-2.26,2.11,0.46,1.09
8093,-1.33,-0.3,0.57,1.13
8095,-1.52,0.21,-0.37,0.32
8097,-1.07,0.2,0.48,0.91
8099,-0.17,-1.23,-1.35,-2.44
8101,0.42,0.11,0.09,0.19
8103,1.53,-0.59,-0.81,-1.52
8105,-0.89,-0.14,-1.46,-1.45
8107,-1.55,-0.43,0.45,1.3
8109,1.17,1.31,-2.36,-0.77
8111,-2.54,-1.43,0.72,2
8113,1.11,0.68,0.41,1.26
8115,0.13,0.59,-0.93,-0.47
8117,-1.29,-0.18,1.05,1.52
8119,-0.64,0.21,-0.42,0.43
8121,-0.89,-0.89,1.18,0.34
8123,0.76,1.15,1.4,1.69
8125,0.01,-0.91,-0.24,-0.29
9001,0.37,0.28,0.34,-0.04
9003,-0.16,-0.07,0,-0.26
9005,-0.43,-0.6,-0.16,-0.69
9007,0.15,-0.52,0.05,-0.2
9009,-0.37,-0.17,-0.29,-0.35
9011,-0.36,-0.1,-0.3,-0.23
9013,-0.33,-0.76,-0.42,-0.28
9015,-0.44,-0.63,-0.42,-0.71
10001,0.71,0.91,0.73,0.94
10003,0.07,0.22,0.13,0.3
10005,1.14,1.48,1.71,1.9
11001,1.45,1.44,1.45,0.76
12001,0.33,0.38,0.12,0.78
12003,-0.32,-0.32,-0.58,-0.1
12005,-0.02,0.92,1.3,1.92
12007,-0.88,-5.07,-1,-0.72
12009,0.13,0.76,0.78,1.14
12011,1.22,1.33,0.91,0.97
12013,0.7,-0.5,-0.35,-0.79
12015,1.02,2.72,2.1,2.6
12017,0.03,0.61,0.75,1.11
12019,0.1,0.76,0.8,1.33
12021,1.49,1.41,2.21,2.26
12023,-0.36,0.77,-0.58,0.5
12027,-0.67,0,-0.51,0.91
12029,0.69,-1.2,-0.37,0.05
12031,0,0.36,0.13,0.64
12033,0.08,0.78,0.46,0.69
12035,1.51,1.34,1.73,2.43
12037,0.07,1.48,-0.46,1.43
12039,-1.03,-1.9,-1.04,0.15
12041,0.12,-0.95,0.29,0.45
12043,-1.36,0.08,1.88,2.91
12045,0.24,0.54,1.12,0.97
12047,-0.93,0.62,-2.59,-2.3
12049,-0.75,1.98,-0.81,-0.61
12051,-0.96,-4.1,-0.75,1.22
12053,0.63,0.79,1.16,1.49
12055,0.32,0.33,0.15,0.84
12057,2.2,0.15,0.4,1.23
12059,0.09,-0.22,-0.16,0.35
12061,0.8,1.6,1.43,1.94
12063,-0.71,-0.05,0.24,-0.15
12065,-0.73,-1.89,-0.05,-0.94
12067,0.59,-0.1,0.41,-0.1
12069,1.18,1.33,1.69,2.41
12071,1.68,2.15,2.58,2.49
12073,0.23,1.47,-1.18,0.24
12075,-1.3,-0.38,-0.44,0.12
12077,-0.64,0.41,0.75,0.12
12079,-0.69,-1,-1.01,-1.13
12081,1.07,1.98,2.45,2.51
12083,0.57,1.05,0.83,1.22
12085,1.05,1.45,2.16,1.56
12086,1.53,0.52,0.42,0.44
12087,0.83,1.02,1.81,0.77
12089,0.84,0.66,1.26,1.16
12091,0.93,3.12,1.24,0.74
12093,-0.19,-0.61,-0.54,-0.06
12095,1.04,1.96,1.22,1.46
12097,1.59,2.74,2.89,2.73
12099,0.88,1.42,1.09,1.48
12101,0.33,0.99,1.08,2.07
12103,0.46,0.81,1.06,1.19
12105,0.8,0.8,0.85,1.62
12107,-0.37,-1.03,-0.45,-0.37
12109,2.18,2.96,3.46,3.57
12111,0.49,0.95,0.99,1.5
12113,0.98,1.29,1.14,1.21
12115,1.14,1.77,1.72,2.04
12117,0.11,0.7,0.9,1
12119,4.33,4.3,7.56,4.73
12121,1.03,0.61,0.52,0.83
12123,0.19,0.11,0.62,-1.27
12125,-0.81,0.24,-0.69,0.82
12127,0.26,0.81,1.02,1.5
12129,0.06,-0.71,0.2,1.07
12131,0.62,3.02,3.56,3.03
12133,0.22,1.27,-0.81,-0.59
13001,0.01,-0.77,-0.34,0.4
13003,-0.38,-2.03,-0.24,-1.92
13005,0.63,-0.59,-0.13,0.07
13007,-8.83,0.78,-0.95,-2.35
13009,-1.55,2.93,-0.86,-0.55
13011,-1.17,-0.61,0.42,-0.43
13013,-0.57,-0.38,0.97,1.68
13015,-0.29,-0.12,0.31,0.01
13017,-0.26,-0.72,-0.5,-0.29
13019,0.03,-1.61,-0.36,-1.82
13021,-0.01,-0.21,-1.35,-0.81
13023,0.93,-1.16,-1.32,0.19
13025,-0.36,-0.28,-1.46,0.63
13027,-2.06,-3.07,0.42,-1.36
13029,2.34,1.96,1.84,1.23
13031,2.59,-0.67,-2.7,0.67
13033,0.06,-2.15,-1.27,-1.28
13035,-0.91,-0.48,-0.72,0.48
13037,0.1,-1.13,0.17,-1.29
13039,-1.62,1.14,-1.07,-0.06
13043,2.19,-1.98,-1.96,-0.86
13045,-0.19,0.16,0.19,1.07
13047,0.5,-0.11,0.21,0.1
13049,4.12,-1.06,-0.56,-1.62
13051,1.53,0.99,-0.11,1.18
13053,4.34,9.11,-4.68,-5.91
13055,-1.13,-0.21,-1.92,-0.66
13057,0.54,0.72,1.17,1.91
13059,-0.17,0.82,0.11,-0.85
13061,-1.46,-1.52,-2.1,2.07
13063,-0.36,0.35,-1.54,0.19
13065,-0.87,-0.98,0.55,-0.25
13067,0.28,0.65,0.58,1.04
13069,-0.03,-0.15,-0.43,-1.28
13071,-0.49,-0.07,-0.05,-0.85
13073,1.87,2.04,2.12,1.56
13075,-1.2,-0.71,0.95,0.98
13077,0.68,0.53,1.1,1.17
13079,-0.46,-0.09,-0.97,-0.62
13081,1.03,-0.53,-1.52,-1.33
13083,-0.19,-0.6,-0.06,-0.79
13085,0,0.45,0.77,0.86
13087,-0.68,-0.82,-0.55,-0.83
13089,0,0.48,-0.06,0.12
13091,0.31,-0.41,-0.66,-1.21
13093,-1.95,-1.57,-0.01,-0.96
13095,-0.65,-0.83,-1.9,-1.22
13097,-0.17,-0.07,1.13,1.03
13099,-2,-1.21,-0.64,-0.4
13101,1.27,-4.27,0.18,-0.95
13103,-0.16,0.58,1.37,1.02
13105,-1.17,-0.92,-0.19,-0.11
13107,-0.69,1,-0.08,-0.75
13109,-0.01,-2.91,0.82,-0.05
13111,0.43,0.26,1.63,0.45
13113,0.63,0.1,0.66,1.09
13115,-0.6,-0.17,-0.42,-0.01
13117,2.04,2.29,3.47,3.81
13119,-0.96,-0.33,0.57,0.88
13121,1.76,2.18,-0.08,0.58
13123,-0.24,-0.39,1.19,0.63
13125,0.49,1.06,-0.77,-1.14
13127,0.32,0.58,0.39,0.47
13129,0.26,-0.01,-0.35,0.01
13131,0.13,0.37,-0.68,0.13
13133,0.29,0.4,0.95,1.28
13135,1,1,1.3,1.35
13137,0.15,0.73,-0.74,0.8
13139,0.82,0.6,0.86,0.88
13141,-0.41,-3.66,-1.25,-4.15
13143,-0.66,-0.58,0.19,0.54
13145,0.23,0.56,-0.02,0.6
13147,0.49,0.41,-0.35,-0.24
13149,-0.93,-0.74,-0.89,0.26
13151,0.37,0.2,0.62,0.85
13153,1.51,0.66,0.38,0.18
13155,0.61,-0.84,-2.08,-3.39
13157,0.27,-0.47,0.37,0.99
13159,-0.77,-1.6,-0.63,-1.09
13161,0.11,-0.34,-1.02,-1.21
13163,-1.19,-1.82,-0.82,-0.39
13165,-2.51,12.68,1.41,-1.5
13167,0.09,-0.03,-0.9,-0.68
13169,-0.76,-0.57,-0.27,0.09
13171,-0.36,-0.82,-0.52,1.59
13173,2.53,-0.76,-0.67,-0.56
13175,-1.32,-0.34,-0.41,-0.36
13177,-0.14,-0.27,0.55,-0.19
13179,2.46,-1.8,-3.89,-0.03
13181,-1.09,-1.38,0.19,-1.01
13183,2.66,4.68,1.87,1.95
13185,1.09,1.53,-2.45,-0.08
13187,-0.05,0.36,0.31,0.61
13189,-1.26,-0.32,-0.76,-0.36
13191,-1.02,-2.73,0.85,0.13
13193,-1.64,-1.43,-1.92,-1.13
13195,-1.26,-0.52,0.28,0.51
13197,-0.5,-0.29,-0.91,0.81
13199,-1.19,-1.66,-0.37,0.13
13201,-0.23,-1.53,-0.8,0.86
13205,-0.59,-1.6,-0.5,-1.26
13207,0.62,0.13,0.93,0.19
13209,-0.98,-1.55,0.64,-0.2
13211,-0.03,-0.67,-0.52,1.06
13213,-0.36,-0.56,-0.59,-0.03
13215,1.12,1.43,1.24,-2.23
13217,0.08,0.03,0.55,0.92
13219,0.57,0.51,1.26,2.54
13221,-1.67,-0.98,-0.8,0.84
13223,-0.23,0.05,0.77,0.54
13225,-0.36,-0.32,-2.35,-0.33
13227,-0.19,-0.52,0.71,1.7
13229,-0.38,0.41,0.4,0.04
13231,-1.09,0.15,-0.12,-0.07
13233,-0.73,-0.52,-0.35,-0.38
13235,-1.64,-1,-1.07,-0.06
13237,0.47,-0.4,0.86,-0.6
13239,-2.63,-2.2,-1.21,-2.66
13241,0.25,0.42,0.01,0.34
13243,-2.22,-3.79,-1.6,1.54
13245,-0.48,0.12,-0.87,-0.51
13247,-0.17,-0.32,1.04,0.63
13249,-0.2,-0.8,1.46,1.34
13251,-1.17,-1.5,-0.13,-1
13253,0.58,1.72,0.04,-2.5
13255,-0.39,-0.66,-0.27,0.23
13257,-0.7,0.21,-0.46,-0.49
13259,-2.19,0.53,-2.89,5.12
13261,-1.41,-1.84,-1.01,-0.77
13263,-1.24,-3.12,-0.92,-0.93
13265,0.64,-0.87,0.59,0.59
13267,-0.11,-0.33,0.33,-1.33
13269,-3.77,-1.13,0.52,-0.07
13271,-2.52,0.36,1.43,-0.99
13273,-1.17,-2.12,-0.68,-1.27
13275,-0.43,-0.29,0.38,-0.1
13277,2.36,-1.35,-2.39,0.64
13279,-0.03,-0.39,-0.32,-0.37
13281,1.59,0.88,3.44,3.37
13283,-0.81,-1.01,-0.52,1.29
13285,0.52,0.62,0.52,0.38
13287,-1.08,-5.35,-3.23,-0.07
13289,-1.64,-3.49,0.12,-1.12
13291,-0.68,0.83,0.93,2.17
13293,-0.31,-0.98,-0.14,-0.69
13295,-0.04,-0.72,0.22,-0.07
13297,0.3,0.15,0.95,1.35
13299,0.1,-1.19,-0.46,-0.72
13301,-1.36,-2.47,-0.11,-0.41
13303,-0.42,-0.91,-1.01,-0.34
13305,0.27,-0.31,-1.37,-0.53
13307,-0.29,-0.75,-2.9,-2.77
13309,2.5,-1.82,0.39,0.68
13311,0.36,0.77,0.62,0.67
13313,-0.42,-0.46,-0.79,-0.11
13315,0.18,-1.08,-0.49,-1.55
13317,-2.37,-1.21,-0.36,0.27
13319,-1.4,1.15,-1.18,-0.97
13321,1.13,-0.66,-2.3,-0.66
15001,0.21,0.57,0.73,1.04
15003,0.17,0.43,0.26,-0.06
15005,0,0,0,0
15007,0.18,0.46,1.2,0.83
15009,0.39,0.39,0.81,0.94
16001,1.18,1.32,1.28,1.6
16003,0.46,-2.11,-1.41,0.47
16005,-0.17,-0.56,-1.35,-0.68
16007,0.22,-1.14,0.51,-0.19
16009,-0.73,-0.4,-1.12,0.59
16011,-0.57,-1.8,-1.27,-1.27
16013,-1.43,-0.45,0.25,0.19
16015,0.19,-2.7,-0.19,1.41
16017,-0.35,-0.87,0.48,1.93
16019,-0.03,-0.07,-0.5,-0.12
16021,-1.82,0.07,0.18,1.04
16023,-3.24,-3.25,-3.75,-1.18
16025,0.18,-2.64,-3.81,-1.64
16027,0.22,0.41,1.71,1.02
16029,-2.26,-1.05,0.5,-0.28
16031,-0.57,-0.5,-0.46,-0.09
16033,-4.18,-10.17,-0.8,-0.7
16035,-0.09,-0.09,0.37,-0.24
16037,-0.87,-0.14,-2.21,-2.38
16039,-4.04,-1.44,-1.59,-1.29
16041,-0.55,-0.83,-0.48,0.43
16043,-1.75,-2.03,-1.18,-1.08
16045,0.03,-0.32,-0.19,0.89
16047,-1.08,-1.33,-1.07,-0.75
16049,0.94,-0.82,-1.05,0.15
16051,-1.16,-0.02,-0.66,-0.72
16053,-0.26,-1.13,-0.81,-0.18
16055,1.18,0.55,1.16,1.51
16057,0.35,0.09,-0.46,-0.13
16059,0.34,-2.43,-0.53,0.21
16061,0.18,2.21,0.03,0.16
16063,-1.63,1.4,-0.1,-0.72
16065,-1.73,-3.27,-2.9,-1.31
16067,-0.3,-1.19,0.15,-0.91
16069,0.59,0.3,0.77,0.15
16071,-2.33,-0.26,0.5,-2.53
16073,-0.94,-0.26,-0.48,-1.16
16075,-0.6,0.08,-0.82,0.58
16077,-2.24,-0.58,-1.98,-2.08
16079,-0.07,0.81,0.46,-2.13
16081,-1.47,-2.36,0.97,-0.88
16083,0.04,0.1,1.2,0.7
16085,-1.82,-0.96,0.61,2.18
16087,0.14,-0.69,-0.95,0.61
17001,0.04,0.08,-0.31,-0.1
17003,-2.39,-3.34,-1.21,-2.05
17005,-0.35,-0.61,-0.8,-1.09
17007,-0.18,-1.09,-0.27,-0.46
17009,-0.43,0.6,-0.48,-0.25
17011,-0.87,-0.86,-0.55,-0.52
17013,-0.77,-0.79,0.9,-1.35
17015,-0.79,-0.7,-0.43,-0.65
17017,-0.45,-1.98,-1.01,-1.75
17019,-0.44,-0.11,0.14,0.15
17021,0.19,-0.46,-0.84,-0.66
17023,-0.42,0.54,-0.7,-0.14
17025,-0.36,0.13,-0.98,-0.42
17027,0.16,-0.33,-0.66,-0.26
17029,-0.18,-0.26,0.05,-0.62
17031,-0.34,-0.28,-0.27,-0.55
17033,0.41,-0.67,-0.4,-0.37
17035,0.3,-1.12,-0.37,-0.35
17037,-1.04,-0.36,-0.46,0.14
17039,0.26,-0.21,-0.38,-0.57
17041,-1.12,-0.19,-0.33,-0.15
17043,0.04,-0.09,0,-0.29
17045,-0.5,-1.07,-0.85,-0.4
17047,-1.52,0.33,-0.45,-1.03
17049,-0.24,-0.16,-0.47,-0.42
17051,-0.07,-0.75,0,-0.9
17053,-0.32,0.67,-0.85,-0.43
17055,0.3,-0.22,-0.58,-0.14
17057,0.01,-0.44,-0.56,-0.78
17059,-0.57,-1.02,0.33,-1.54
17061,-0.3,-1.47,0.07,-1.32
17063,-0.63,-0.21,-0.5,0.02
17065,0.05,-0.18,0.12,0.12
17067,-0.31,-0.74,-1.3,-0.28
17069,-0.02,0.07,-1.39,0.1
17071,-1.38,-1.82,-0.9,0.67
17073,-0.2,-0.18,-0.75,-0.17
17075,-0.44,-0.62,-0.74,-0.41
17077,-0.44,-0.74,-0.83,-0.82
17079,0.34,-1.05,-0.79,0.22
17081,-0.27,-0.26,-0.09,-0.53
17083,-0.3,-0.55,-0.44,-0.41
17085,0.35,-0.46,-0.4,0.29
17087,0.54,1.24,-0.38,-0.36
17089,-0.16,-0.42,-0.33,-0.11
17091,-0.19,-0.76,-0.9,-0.91
17093,0.11,0.16,0,0.55
17095,0.09,-0.65,-0.13,-0.17
17097,-0.44,-0.54,-0.28,-0.31
17099,-0.32,-0.44,-0.68,-0.55
17101,-0.21,-0.39,0.16,-0.78
17103,-1.27,-1.12,-0.61,-0.28
17105,-0.31,-0.89,-0.92,-1.14
17107,-0.39,-0.72,-0.18,-0.48
17109,-0.07,0.19,-0.39,-1.97
17111,-0.71,-0.53,-0.62,-0.41
17113,-0.19,0.37,0.79,-1.1
17115,-0.28,-0.66,-0.73,-1.18
17117,0,-1.02,-0.44,-0.62
17119,-0.54,-0.4,-0.42,-0.33
17121,-0.44,-0.39,-0.79,-0.37
17123,-0.59,-1.15,-0.95,-0.72
17125,-0.57,-0.5,-0.64,-2.34
17127,-0.1,-0.83,-0.81,-0.39
17129,0.09,0.19,-0.69,-0.19
17131,-0.35,-0.78,-0.2,-0.9
17133,0.69,0.1,0.48,0.15
17135,-0.53,-0.22,0.04,-0.77
17137,0.05,-0.75,-0.66,-0.32
17139,-0.11,0.21,-0.63,-0.46
17141,-0.81,-0.71,-1.05,-0.58
17143,-0.25,-0.21,0.22,-1.15
17145,-0.26,-0.7,-0.83,-0.75
17147,-0.25,-1.01,-0.34,-0.1
17149,-0.09,-0.48,-0.78,-0.8
17151,-1.91,-3.71,1.14,-1.89
17153,-1.76,-0.38,-0.75,-1.29
17155,-0.17,-1.11,-0.85,0.02
17157,-0.17,-0.8,-0.12,-0.1
17159,0.02,-0.23,-0.43,0.06
17161,-0.38,-0.25,-0.36,-0.76
17163,-0.49,-0.86,-0.99,-0.75
17165,0.33,0.19,-0.25,-1.02
17167,0.28,-0.03,-0.34,-0.14
17169,-0.61,0,-0.59,-1.36
17171,-1.5,0.97,-1.04,-0.75
17173,-0.47,-0.26,-0.26,-0.45
17175,-3.97,2.11,0.13,-1.02
17177,-0.26,-0.89,-0.34,-0.63
17179,0.03,0.1,-0.03,-0.69
17181,-0.12,-0.11,-0.07,-0.44
17183,-0.27,-0.93,-0.53,-1.06
17185,-0.96,-1.01,-0.54,-0.97
17187,0.65,-0.52,-0.45,0.46
17189,-1.05,0.36,-1.24,-0.49
17191,-0.5,0,-0.11,-0.34
17193,0.57,0.25,-0.04,-0.6
17195,-0.18,-0.7,-0.45,-0.64
17197,-0.35,-0.38,-0.41,-0.26
17199,0.37,0.05,0.39,-0.11
17201,-0.82,-0.91,-0.72,-1.08
17203,0.24,-0.19,0.67,0
18001,-1.23,-1.03,-0.35,-0.99
18003,-0.01,-0.16,0.05,0.04
18005,0.79,1.24,0.32,0.38
18007,-0.29,-0.71,-0.77,-0.74
18009,-0.97,-0.9,-0.41,-0.43
18011,0.64,1.45,1.94,1.73
18013,-0.74,0.05,0,-0.61
18015,-0.79,0.12,-0.19,-1.04
18017,-0.59,-0.79,-0.84,-0.51
18019,0.43,0,0.51,0.96
18021,-0.05,-0.14,-0.44,-1.01
18023,-0.82,-0.54,-0.49,-1.06
18025,-0.58,0.14,-0.17,0.35
18027,0.26,-0.01,-0.07,0.67
18029,-0.28,-0.67,-0.12,-0.75
18031,0.43,0.58,0.39,0.67
18033,0.06,-0.69,-0.15,0.02
18035,-0.14,-0.44,-0.05,-0.23
18037,0.44,-0.55,0.2,-0.2
18039,-0.1,-0.3,-0.06,-0.01
18041,-0.07,-0.48,-0.22,-1.33
18043,0.26,0.19,0.94,-0.09
18045,-0.37,-0.12,-1.2,-1.09
18047,-0.32,-0.14,-0.43,-0.23
18049,-0.07,-0.53,-1.04,0
18051,-0.19,-0.17,-0.07,0.53
18053,-0.34,-0.52,-0.32,-0.53
18055,-0.82,-0.22,-0.49,0
18057,1.36,1.33,1.64,1.11
18059,0.02,0.3,0.57,0.91
18061,-0.38,-0.5,-0.15,0.47
18063,0.85,0.79,1.38,1.04
18065,-0.46,-0.02,-0.2,0.13
18067,-0.06,0,-0.19,-0.09
18069,0.2,-0.59,-0.58,-0.43
18071,0.57,0.07,0.67,0.24
18073,-0.58,-0.08,-0.41,0.08
18075,0.17,-0.29,-0.62,-0.9
18077,-0.51,0.48,-0.13,-0.15
18079,-1.26,-0.35,0.07,-1.16
18081,0.68,0.78,1.06,0.65
18083,0.22,-0.86,-0.25,-0.58
18085,-0.46,-0.07,0,0.3
18087,-0.56,-0.98,-0.16,-0.35
18089,-0.51,-0.65,-0.58,-0.4
18091,-0.26,-0.15,-0.09,0.1
18093,0.13,0.09,-0.36,-0.22
18095,-0.48,-0.67,0.13,-0.22
18097,-0.14,0.08,0.31,-0.09
18099,-0.26,-0.32,-0.22,-0.07
18101,-0.28,-0.6,-0.89,-0.71
18103,-0.58,-0.28,-1,-0.47
18105,0.6,0.37,0.12,0.61
18107,0.56,-0.5,-0.36,-0.21
18109,0.2,-0.01,0.21,0.21
18111,-0.56,-0.49,0.11,0.47
18113,-0.37,-0.27,-0.13,-0.04
18115,-0.47,0.43,-0.85,-0.17
18117,0.77,-1.04,0.32,-0.48
18119,-0.39,-0.75,-0.82,-0.76
18121,-0.61,-0.16,0.5,-0.21
18123,-0.1,-0.14,0.27,-0.33
18125,-0.83,0.26,-0.93,-0.16
18127,0.38,-0.12,0.32,0.23
18129,-0.83,-0.51,-0.48,-0.08
18131,-0.16,-1.49,-0.29,-0.25
18133,-0.19,-0.62,-0.46,0.29
18135,-0.24,-0.7,-0.97,-1.11
18137,-0.57,-0.97,-0.45,0.08
18139,-0.33,-1.03,-0.44,-0.82
18141,-0.47,-0.49,-0.27,-0.08
18143,-0.74,-0.71,0.45,-0.56
18145,-0.26,-0.05,0.21,0.02
18147,0.18,-0.95,0.03,-0.09
18149,-0.75,-0.03,-0.04,-0.58
18151,-0.45,0.1,0.31,-0.11
18153,-0.52,-0.23,-0.25,-0.86
18155,-0.88,-1.72,0.88,-0.78
18157,0.38,0.71,0.66,0.52
18159,-0.36,-0.56,-0.32,-0.84
18161,-0.69,-1.95,-1.08,-1.04
18163,0.03,0.07,0.12,0.03
18165,0.48,-0.55,-0.35,-0.78
18167,0.16,0.03,-0.42,-0.29
18169,-0.54,-0.3,-0.08,-0.13
18171,-0.84,-1.42,-0.17,-0.69
18173,0.46,0.11,0.89,0.05
18175,-0.58,-1.04,-0.49,0.16
18177,-0.36,-0.49,-0.54,-0.31
18179,-0.01,-0.5,-0.21,0.14
18181,-0.08,-0.5,0,0.2
18183,-0.21,-0.21,-0.31,0.23
19001,-1.69,-0.86,-0.31,0.28
19003,-0.5,-2.23,0.18,-0.67
19005,-0.32,0.14,-0.25,-0.19
19007,-0.24,-1.06,-0.16,0.28
19009,-1,-1.66,0.19,-1.36
19011,-0.08,-1.24,-0.68,-0.33
19013,-0.13,-0.05,0.28,-0.1
19015,-0.03,-0.51,0.49,0.21
19017,0,0.4,0.32,0.47
19019,-0.63,-0.16,-0.23,0.15
19021,-0.25,0.87,-0.59,-0.93
19023,0.46,0.38,0.43,0.07
19025,-0.14,-1.25,0.39,-0.12
19027,0.18,-0.94,-0.36,-0.17
19029,-0.73,-0.1,-0.68,-0.96
19031,-0.61,-0.02,-0.34,0.2
19033,-0.35,-0.39,-0.39,-0.5
19035,0.12,-0.29,-0.28,-0.41
19037,0.05,-1.24,0.38,-0.32
19039,0.24,0.25,-1.12,-0.72
19041,-0.49,-0.13,-0.82,0.21
19043,-0.33,-0.61,-0.74,-0.59
19045,-0.41,-0.87,-0.79,-0.66
19047,0.3,0.03,0.14,-1.54
19049,3.12,2.22,2.52,2.34
19051,-0.52,-1.31,0.36,-0.55
19053,-1.85,-0.08,-1.28,0.1
19055,-0.76,-0.43,-0.55,-0.69
19057,-0.43,0.44,0.33,-0.51
19059,1.5,0.53,0.25,0.13
19061,0.44,0.39,0.34,0.15
19063,-1.68,0.32,0,-0.13
19065,0.47,-1.03,-1.34,-0.64
19067,-1.29,0.04,-0.03,-0.02
19069,0.17,-1.33,0.28,-0.83
19071,-0.84,-2.76,-0.52,-0.35
19073,-0.17,-1.03,0.01,0.66
19075,-0.07,-0.2,-0.94,0.49
19077,-0.27,-0.75,-0.65,0.49
19079,-0.7,-0.8,0.05,-1.18
19081,0.06,-0.74,-0.22,-0.46
19083,-0.33,0.11,0.57,-0.3
19085,-0.43,-1.49,-0.51,-0.6
19087,0.61,-0.63,0.49,-0.13
19089,0.22,0.45,-0.82,-0.68
19091,0.18,-0.42,-0.44,-0.48
19093,0.47,0.76,0.99,-1.27
19095,0.01,-0.83,0.7,0.2
19097,-0.1,0.01,-0.68,-0.24
19099,-0.81,-0.3,-0.06,0.27
19101,0.26,-0.06,0.39,0.4
19103,0.53,1.3,1.11,0.93
19105,-0.28,-0.17,0.18,-0.29
19107,-1.26,0.04,-0.65,-1.03
19109,-0.85,-0.02,-0.14,-0.27
19111,-0.61,0.11,-0.03,-0.25
19113,0.53,0.06,-0.09,0.32
19115,-0.11,-0.72,-0.42,-1.4
19117,-0.6,-0.6,-0.37,-0.27
19119,0.44,0.31,-0.92,-0.5
19121,0.09,-0.64,-1.22,0.79
19123,0.33,-0.42,-0.29,-0.36
19125,0.06,0.26,-0.33,0.41
19127,0.46,-0.3,-0.41,-0.62
19129,-0.57,-1.04,0.1,-0.72
19131,-0.12,0.35,-0.11,0.49
19133,0.91,-0.44,0.09,-0.43
19135,1.01,0.63,-0.84,0.23
19137,-0.32,-0.55,-0.84,0.25
19139,-0.37,-0.21,-0.43,-0.53
19141,-1.08,0.06,-0.79,0.18
19143,-1.12,-1.44,0.31,-0.27
19145,0.6,-1,-0.06,-0.48
19147,0.48,-0.5,-0.94,-0.47
19149,-0.61,-0.1,-0.04,-0.34
19151,-1.06,-0.43,0.15,-0.14
19153,0.39,0.61,0.92,1
19155,-0.26,-0.91,-0.41,0.08
19157,-0.32,-0.32,-0.33,0.44
19159,-0.29,-0.08,-0.37,0.08
19161,-0.68,-0.33,-0.54,0.14
19163,0.28,0.42,0.5,0.06
19165,-0.99,0.31,-1.21,0.17
19167,-0.26,0.17,-0.08,-0.28
19169,-0.44,-0.13,0.32,0.26
19171,-0.29,-0.63,-0.01,-0.58
19173,0.17,-0.22,-0.58,-0.94
19175,0.22,0.43,-0.02,-0.62
19177,-0.54,-0.29,-0.38,0.31
19179,-0.81,-0.24,-0.02,-0.6
19181,0.62,0.36,0.59,0.85
19183,0.55,0.3,0.06,0
19185,-1.25,0.11,0.77,-0.44
19187,-0.55,-1.15,-0.3,-0.7
19189,-0.3,-0.82,-0.57,0.72
19191,-0.11,0.11,-0.34,-0.41
19193,-0.47,-0.86,-0.72,-0.54
19195,-0.53,-0.67,0.52,0.93
19197,-0.85,-0.22,0.01,-0.83
20001,0.11,0.12,-1.55,-1.3
20003,-0.26,-1.6,-0.64,0.5
20005,-0.79,-0.13,-0.59,-1.44
20007,0.85,-1.04,1.27,-1.26
20009,0.4,-0.63,-0.52,-0.77
20011,-1.52,-0.66,-0.59,-0.62
20013,0.16,-1.18,0.49,-1.62
20015,-0.51,-0.43,-0.2,0.21
20017,0.65,-1.83,-1.64,-1.26
20019,-1.23,-0.77,-0.34,-2.25
20021,-0.75,-0.79,-1.07,-0.47
20023,0.59,-0.15,0.71,0.86
20025,-2.55,2.58,0.6,-4
20027,0.35,0.06,-1.42,-0.72
20029,-1.45,0.35,-0.39,0.12
20031,-0.9,-0.29,-0.81,0.2
20033,-0.32,1.27,1.47,1.09
20035,-0.19,0.01,-0.4,-0.91
20037,-0.21,0.04,-0.52,-0.36
20039,-0.27,-0.48,1.42,-0.45
20041,-0.43,0.33,-1.23,-0.61
20043,-0.24,-0.97,-0.47,0
20045,0.3,0.01,0.54,1
20047,-1.08,-1.19,-0.67,1.72
20049,-2.37,-3.58,0.41,1.89
20051,0.56,0.49,-0.67,-0.63
20053,-0.17,0.54,-1.24,0.11
20055,-1.26,-1.3,-1.49,-1.23
20057,0.08,-0.51,-1.02,-1.74
20059,-0.71,-0.4,-0.61,-0.97
20061,-2.31,5.09,-4.66,-2.84
20063,1.23,1.45,2.28,-1.23
20065,1.65,-2.04,0.62,-1.35
20067,0.1,-1.41,-0.41,-2
20069,0.43,-2.55,-0.52,0.57
20071,-0.16,1.6,0.95,0.31
20073,-0.19,-2.01,-0.09,-0.81
20075,-2.71,-1.07,-1.14,-1.34
20077,-0.12,-0.5,-0.02,-0.09
20079,-0.05,0.1,-0.53,-0.29
20081,-0.89,-0.87,-2.8,-1.69
20083,2.88,-1.06,0.05,-2.31
20085,-0.62,-0.27,-0.91,0.99
20087,-1.26,-0.51,-0.44,-0.25
20089,1.37,-0.97,1.02,-1.01
20091,0.59,0.56,0.51,0.53
20093,-0.78,-0.58,-1.96,-0.54
20095,0.29,-0.3,0.51,-1.59
20097,-0.7,-2.08,0.28,-0.91
20099,-0.39,-1.08,-1.35,-0.29
20101,0.69,-3.35,0.82,-2.38
20103,0.33,0.24,0.09,0.21
20105,-0.43,-1.25,-0.38,0.99
20107,-0.01,-1.26,0.97,-0.03
20109,0.14,0.69,-0.36,-0.57
20111,-0.21,-0.65,-0.67,-1.4
20113,0.49,0.52,0.76,-1.25
20115,-0.62,-1,-1.09,0.07
20117,-0.83,0.5,-0.3,-0.28
20119,-1.48,-3.06,-2.51,1.07
20121,-0.79,-0.65,0.36,-0.33
20123,-0.46,1.22,0.2,-0.71
20125,-1.44,-1.27,-0.31,-1.38
20127,0,0.27,-2.17,-0.19
20129,-1.18,-1.07,-0.32,-1.97
20131,-0.85,-0.22,0,-0.4
20133,-0.45,-0.44,-0.33,-0.67
20135,0.64,-1.02,0.26,0.26
20137,-0.11,-0.86,0.62,-1.52
20139,0.34,-0.89,-0.28,-0.67
20141,0.34,-0.34,0.13,-1.26
20143,0.31,-0.02,0.15,-0.3
20145,0.47,-1.61,0.64,-0.42
20147,-1.03,0,0.67,-0.99
20149,0.12,0.58,0.55,0.14
20151,0.15,0.77,0.1,-0.66
20153,0.4,0,2.64,-1.42
20155,-0.1,-0.37,-0.17,-0.62
20157,-0.2,-0.35,-0.41,0.35
20159,-0.36,-0.93,-0.04,-0.23
20161,1.05,2.16,-1.97,-2.06
20163,0.29,0.56,-0.38,-0.02
20165,-2.35,0.56,-0.28,0.22
20167,-0.26,0.17,-0.03,0.42
20169,-0.48,-0.27,-0.61,-0.65
20171,-0.77,-0.1,1.8,1.32
20173,-0.46,-0.19,-0.36,-0.17
20175,-0.34,-0.72,-1.44,-1.57
20177,-0.06,-0.33,-0.57,-0.43
20179,0.27,-0.28,0.16,0
20181,0.97,1.59,-0.39,0.05
20183,-0.26,-0.24,-0.29,1.51
20185,-0.95,-0.57,0.57,-0.99
20187,-0.62,-2.78,-0.05,-3.32
20189,-3.22,1.35,0.4,-0.88
20191,-1.4,-0.65,-0.52,-0.49
20193,-0.2,-0.73,-0.18,-2.14
20195,-1.51,0.5,0.98,-1.18
20197,-0.65,-0.43,-0.19,-1.16
20199,3.1,0.26,1.9,-3.91
20201,1.35,-1.39,-1.81,-0.12
20203,1.21,-0.93,-1.98,-1.19
20205,-0.79,-1.19,0.07,-0.8
20207,0.12,-1.15,-0.31,-1.09
20209,-0.66,-0.12,-0.04,-0.23
21001,0.46,-0.05,0.5,0.35
21003,0.68,0.35,0.28,0.55
21005,0.35,0.24,0.23,0.37
21007,0.02,0.65,0.14,-0.41
21009,0.23,0.52,0.65,0.11
21011,1,0.71,1.37,1.26
21013,0.09,-1.72,-0.78,-0.52
21015,1.23,0.59,0.39,0.72
21017,0.1,-0.12,-0.26,0.19
21019,-0.31,-0.39,-0.53,-0.29
21021,0.28,0.45,0.17,0.41
21023,0,-0.28,-0.72,-0.55
21025,-0.1,-1.37,-0.27,-1
21027,0.76,-0.83,-0.05,-0.81
21029,0.51,0.5,0.98,1.18
21031,0.32,0.2,-0.19,0.23
21033,0.06,-0.31,-0.56,-0.23
21035,0.63,0.42,0.12,0.42
21037,0.01,-0.45,-0.2,0.19
21039,-0.76,-0.22,-1.11,-0.32
21041,1.47,-1.11,-0.46,-0.91
21043,-0.49,-0.09,-0.56,-0.42
21045,-0.36,0.62,0.04,-1.32
21047,-1.97,1.46,-2.93,-1.5
21049,-0.55,0.58,-0.49,0.22
21051,-0.07,-0.38,-1.23,-0.63
21053,-0.9,0.99,-0.84,0.27
21055,-0.09,-0.24,-0.04,-0.16
21057,0.19,0.19,-0.66,-0.43
21059,0.11,0.2,0.11,-0.22
21061,-0.22,-1.05,0.08,-0.1
21063,-1.81,-1.87,-0.81,-0.3
21065,0.03,-0.79,-0.01,0.03
21067,0.93,0.71,0.41,0.21
21069,0.66,0.21,-0.06,-0.38
21071,-0.56,-0.78,-0.97,-0.89
21073,-0.09,0.66,0.07,0.24
21075,-0.59,-2.23,-1.71,-1.53
21077,-0.62,-1.38,0.02,0.42
21079,-0.4,0.52,-0.07,-0.08
21081,-0.07,-1.42,-0.09,0.67
21083,0.61,-0.1,-0.43,0.52
21085,0.35,0.01,0.35,0.34
21087,-0.09,1.12,-0.86,-0.9
21089,0.14,-0.07,-0.5,-0.26
21091,-0.29,0.62,-0.15,0.5
21093,-0.32,-0.97,0.2,-0.44
21095,-0.54,-1.97,-0.39,-1.29
21097,-0.4,-0.39,-0.32,0.42
21099,-0.05,0.2,0.49,-0.03
21101,0.01,0.03,-0.36,0.12
21103,0.04,-0.54,0.5,0.93
21105,-1.29,-0.54,-0.29,0.36
21107,-0.05,-0.4,-0.23,-0.36
21109,-0.59,-0.63,0.65,-0.64
21111,0.18,0.19,0.41,0.06
21113,-0.06,0.61,0.43,0.86
21115,-0.09,-0.2,0.19,-1.02
21117,-0.4,0.08,0.39,-0.21
21119,-0.32,-0.85,-0.19,-1
21121,0.02,-1.23,0.33,-0.3
21123,0.62,-0.74,-0.05,0.79
21125,0.34,-0.07,-0.04,0.32
21127,0.84,-0.57,0.09,-0.21
21129,-0.08,-1.05,-0.42,-0.54
21131,-0.59,-1.1,-0.89,-0.69
21133,-0.58,-1.99,-1.57,-0.44
21135,-0.06,-0.22,-0.53,0.38
21137,-0.39,-1.31,-0.14,-0.06
21139,0.14,-0.47,-0.85,-0.07
21141,-0.28,-0.68,0.66,-0.73
21143,0.75,1.22,0.72,0.32
21145,0.62,-0.2,-0.35,0.04
21147,-0.49,-1.39,-0.64,-1.01
21149,-0.09,-0.02,-0.16,-0.53
21151,0.78,0.38,0.53,0.91
21153,-0.9,-1.42,-0.97,0.06
21155,0.36,-0.23,-0.11,-0.07
21157,-0.21,0.39,0.12,-0.26
21159,-0.96,-0.54,-0.77,-0.98
21161,0.62,-0.42,-0.9,-1.1
21163,2.68,-1.61,-0.19,-0.46
21165,0.47,-1.47,-0.16,-0.41
21167,-0.39,0.1,-0.15,0.33
21169,-0.58,-0.94,-0.03,0.37
21171,0.04,-0.24,-1.13,0.06
21173,0.31,0.12,0.96,0.1
21175,0.12,-1.67,-0.67,-0.07
21177,-0.39,-0.21,-0.06,0.13
21179,0.47,0.22,-0.16,0.26
21181,-0.48,-0.86,0.43,0.77
21183,0.78,-0.03,-0.3,-0.12
21185,0.1,0.74,1.22,1.45
21187,0.16,-0.65,-1.11,0.12
21189,1.32,-2.21,-0.87,-1.82
21191,-1.77,-0.85,-0.13,-0.73
21193,0.28,-1.56,-0.9,-1.25
21195,-0.15,-0.79,-0.97,-1.19
21197,-0.09,-1.34,0.15,-1.04
21199,0.72,0.23,0.42,0.26
21201,-1.45,-1.75,0.95,-0.72
21203,0.49,-0.09,-1.76,0.78
21205,0.59,-0.63,0.2,0.26
21207,0.39,-0.63,0.67,0.47
21209,0.77,1.41,1.45,1.76
21211,0.82,0.73,0.66,0.63
21213,-0.27,1.03,0.68,0.26
21215,1.05,0.18,0.79,0.45
21217,0.65,0.03,-0.17,0.15
21219,-0.24,1.29,-1.6,-0.24
21221,-0.42,1.46,-0.28,-1.03
21223,-0.82,0.22,-0.26,-0.69
21225,0.39,-0.99,-0.25,0.26
21227,0.62,0.89,0.72,0.99
21229,0.71,0.25,-0.03,0.18
21231,0.28,-0.62,-0.4,-1.16
21233,0.17,-0.15,-0.63,-1.22
21235,0.34,0.01,0.01,-0.32
21237,0.07,-2.26,1.14,-0.37
21239,-0.7,0.37,0.65,0.9
22001,-0.26,-0.22,0.16,0.18
22003,-0.31,-0.93,-0.2,0.01
22005,1.07,1.15,1.19,1.5
22007,-0.99,-0.68,0.2,-0.94
22009,-0.89,-0.81,-0.79,-0.63
22011,0.36,0.05,-0.52,-0.39
22013,0.25,-0.59,-1.36,-0.81
22015,1.23,1.29,-0.05,0.27
22017,0.07,-0.37,-1.24,-1.4
22019,-0.07,-0.1,0.12,0.32
22021,-0.94,-0.58,-0.55,-0.22
22023,-1.45,-1.94,0.79,-0.1
22025,-0.86,-0.55,0.17,-1.35
22027,-1.27,-0.48,-0.85,-1.71
22029,0.24,-2.13,0.07,-0.25
22031,0.1,0.49,-0.06,-0.23
22033,-0.51,0.08,-0.33,-0.31
22035,-1.81,-2.03,-1.07,-1.49
22037,-0.5,-0.92,-1.16,0.55
22039,-0.83,-0.93,-0.1,-0.62
22041,-0.22,-1.02,-0.23,-0.42
22043,-1.29,-0.46,-0.52,-0.21
22045,-0.48,0.01,-0.25,-0.48
22047,-0.81,-0.59,-0.1,-0.89
22049,0.26,-0.66,-0.59,-0.56
22051,-0.4,-0.33,-0.15,-0.27
22053,0.01,-0.66,-0.65,0.4
22055,0.26,0.51,1.11,1.13
22057,-0.23,-0.38,-0.19,0.37
22059,0.07,-0.48,-0.3,0.17
22061,-0.33,-0.43,0.33,-0.17
22063,0.49,0.66,0.99,0.57
22065,-1.07,1.6,-2.74,-0.95
22067,-1.52,-0.15,-1.45,-0.98
22069,-0.75,-0.55,-1.01,-0.27
22071,3.08,1.9,1.9,1
22073,0.06,-0.05,0.04,-0.33
22075,1.6,0.65,-1.57,-1.34
22077,-0.64,-0.72,-1.2,-0.29
22079,0.01,-0.32,0.05,-0.31
22081,-1.75,-0.52,-1.67,-2.38
22083,0.73,-0.03,-0.24,-1.07
22085,0.77,-0.85,-0.28,-0.66
22087,6.57,4.34,3.71,1.44
22089,-1.12,-0.27,-0.16,-0.27
22091,-2.59,0.14,-1.77,-2.27
22093,-1.71,-1.05,-0.13,-0.71
22095,-1.81,-1.27,-2.87,-0.03
22097,-0.5,-0.29,-0.41,0
22099,0.64,-0.79,-0.06,0.22
22101,-1.22,-1.51,-0.33,-1.09
22103,0.58,0.75,1.01,1.09
22105,0.38,0.26,0.83,0.64
22107,-3.25,-2.53,-1.17,-2
22109,-0.63,-0.5,0.35,0.2
22111,-0.41,-1.43,-0.45,0.08
22113,-0.16,0.26,0.63,0.14
22115,-2.4,2.14,-4.07,-2.56
22117,0.18,-0.91,-0.45,-0.09
22119,0.07,-0.81,-0.54,-0.8
22121,0.01,-0.55,1.41,1.6
22123,-0.12,-0.11,-0.07,0.76
22125,-1.13,-0.38,-0.06,-0.52
22127,-1.34,-0.67,-1.42,-0.05
23001,-0.58,-0.12,-0.41,-0.18
23003,-0.13,-0.51,-0.73,-0.57
23005,0.24,0.37,0.41,0.55
23007,0.21,-0.2,-0.27,-0.53
23009,0.65,0.3,0.6,0.17
23011,-0.13,-0.01,-0.35,0.16
23013,0.1,-0.04,0.08,0.45
23015,-0.16,0.15,0.19,0.42
23017,0.13,-0.29,-0.25,0.18
23019,-0.09,-0.14,-0.12,0
23021,-0.35,-0.07,-0.25,-0.44
23023,-0.05,0.09,-0.22,0.09
23025,-0.39,-0.03,-0.19,-0.89
23027,-0.1,0.12,0.05,0.14
23029,-0.16,-0.31,-0.43,-0.91
23031,0.46,0.32,0.09,0.56
24001,-0.29,-0.39,-0.13,-0.42
24003,0.38,0.53,0.52,0.24
24005,0.25,0.41,0.38,0.23
24009,0.06,0.07,0.49,-0.15
24011,-0.65,-1.07,-0.09,-0.44
24013,-0.15,-0.19,0.06,0.1
24015,0.17,-0.22,-0.04,0.21
24017,0.78,0.34,0.8,0.63
24019,-0.06,-0.45,0.28,-0.12
24021,0.54,0.46,0.27,0.47
24023,0.02,-0.75,0.21,-0.75
24025,0.16,0.46,-0.07,0.02
24027,0.93,1.25,1.07,0.84
24029,0.38,-0.02,-0.52,0.58
24031,0.66,0.56,0.47,0.35
24033,-0.07,0.12,0.27,0.53
24035,0.73,0.17,-0.19,0.33
24037,0.91,0.5,-0.1,0.23
24039,-0.56,-0.3,0.28,-1.08
24041,0.6,0.65,0.14,-0.43
24043,0.17,0.05,0.1,0.04
24045,0.03,0.38,-0.03,0.38
24047,0.44,0.6,0.37,0.6
24510,-0.58,-0.18,-0.36,-0.47
25001,0.36,0.38,0.48,0.61
25003,-0.31,-0.09,-0.23,-0.27
25005,-0.13,0.11,0.2,0.32
25007,0.81,1.21,2.2,0.81
25009,0.26,0.34,0.54,0.43
25011,0.38,-0.13,-0.42,-0.29
25013,-0.3,-0.22,0.07,-0.05
25015,-0.02,0.12,-0.04,0.06
25017,0.37,0.58,0.61,0.38
25019,-1.15,0.82,0.91,1.7
25021,0.26,0.42,0.58,0.35
25023,0.14,0.11,0.49,0.53
25025,0.48,0.69,0.66,0.31
25027,-0.08,0.02,0.18,0.2
26001,-0.07,-0.49,0.96,-0.25
26003,-0.19,0.15,0.65,-0.02
26005,-0.81,-0.08,0.1,0.84
26007,-0.33,-0.13,-0.3,0.08
26009,-0.75,0.13,-0.09,0.23
26011,-0.95,-0.3,0.08,0.08
26013,0.25,-1.12,0.23,-0.2
26015,-0.61,-0.03,0.02,0.2
26017,-0.58,-0.3,-0.08,-0.55
26019,-0.25,0.14,0.4,0.99
26021,-0.1,-0.42,-0.64,-0.12
26023,-0.17,-0.3,-0.59,0.08
26025,-0.68,-0.51,-0.15,-0.15
26027,-0.55,-0.78,-0.37,0.01
26029,0.54,0.26,0.36,0.11
26031,-0.16,0.03,-0.07,0.66
26033,0.27,0.15,-0.27,-0.99
26035,0.24,-0.54,-0.35,0.54
26037,-0.22,-0.02,0.46,0
26039,-0.04,0.17,-0.22,-0.7
26041,0.11,-0.11,0.05,-0.42
26043,0.51,0.81,-0.4,-0.22
26045,-0.07,-0.17,0.06,0.18
26047,0.35,0.36,0.56,0.42
26049,-0.98,-1.07,-0.77,-0.73
26051,1.09,-0.69,0.48,0.19
26053,-0.25,0.33,-0.11,-0.53
26055,1.29,0.7,0.95,0.62
26057,-0.83,-0.23,-0.15,-0.88
26059,-0.39,-0.86,-0.43,-0.73
26061,-0.24,-0.63,-0.69,-0.66
26063,-0.6,-0.17,-0.17,-0.08
26065,-0.16,-0.45,-0.32,0.17
26067,-0.27,-0.26,-0.16,0.17
26069,-0.3,0.08,0.74,0.9
26071,0.66,-0.66,0.21,-0.29
26073,0.04,-0.42,-0.56,0.02
26075,-0.46,0.17,-0.1,-0.15
26077,0.17,0.52,0.3,0.24
26079,0.01,-0.49,0.91,0.64
26081,0.16,0.33,0.44,0.37
26083,-0.19,-1.3,-0.72,1.38
26085,0.49,0.43,0.03,-0.08
26087,-0.21,0.1,0.02,-0.07
26089,-1,0.04,0.7,1.1
26091,-0.44,-0.42,-0.07,-0.03
26093,0.22,0.13,0.49,0.49
26095,-0.03,0.26,0.31,-1
26097,-0.07,1.02,-0.19,0.31
26099,-0.02,0.42,0.67,0.51
26101,0.4,0.15,-0.04,0.33
26103,0.67,0.42,-0.14,0.09
26105,-0.16,0.18,0.04,0.67
26107,0.78,-0.19,-0.34,-0.14
26109,-0.16,-0.47,0.37,-0.48
26111,0.31,-0.41,-0.27,-0.35
26113,0.37,0.43,0.31,-0.47
26115,-0.54,-0.59,-0.54,-0.24
26117,-0.37,-0.41,-0.22,-0.13
26119,-0.17,-0.15,-0.32,0.36
26121,-0.8,-0.19,0.22,-0.15
26123,-0.29,-1.13,-0.1,-0.22
26125,0.33,0.52,0.6,0.25
26127,-0.3,-0.75,-0.41,-0.18
26129,0.05,-0.06,-0.28,-0.23
26131,-1.36,-1.92,-0.44,-1.14
26133,-0.32,-0.91,-0.4,-0.41
26135,0.17,-0.3,-1.89,0.27
26137,-0.29,-0.34,0.35,0.2
26139,0.26,0.54,0.54,0.64
26141,-0.63,0.27,0.32,0.41
26143,0.61,0.07,0.39,0.99
26145,-0.63,-0.46,-0.95,-0.91
26147,-0.76,-0.6,-0.14,0.04
26149,-0.67,-0.74,-0.41,-0.11
26151,-0.99,-0.85,-0.85,-0.4
26153,0.53,-1.17,-0.57,-0.56
26155,-1.08,-1.02,-0.64,0.02
26157,-0.33,-1.1,-0.59,-0.32
26159,-0.48,-1.11,-0.13,-0.39
26161,0.29,0.21,0.4,0.29
26163,-1.08,-0.82,-1.18,-0.97
26165,-0.4,-0.39,-0.38,0.9
27001,0.41,-0.6,-0.42,0.51
27003,-0.28,0.26,0.22,0.14
27005,0.54,0.42,0.56,-0.03
27007,0.71,-0.45,0.05,-0.57
27009,-0.22,-0.56,0.29,-0.11
27011,-0.21,-0.69,-0.43,0.43
27013,0.02,0.7,0.17,0.39
27015,-0.49,-0.96,-0.46,0.11
27017,0.1,-0.53,0.07,0.54
27019,0.61,0.46,1.15,1.03
27021,-0.97,-0.2,0.39,-0.08
27023,-1.3,-1.65,-0.59,-0.36
27025,-0.47,-0.92,0.05,0
27027,0.49,-0.24,0.3,0.43
27029,0.59,-0.26,1.14,-0.02
27031,1.03,-0.5,0,0.93
27033,0.19,-0.69,-0.03,-0.29
27035,0,0.23,0.13,0.13
27037,-0.06,0.03,0.15,0.21
27039,-0.23,-0.34,-0.2,-0.4
27041,0.5,0.57,0.21,0.59
27043,0.03,-1.77,-0.27,0.08
27045,0.04,0.04,-0.36,-0.18
27047,-0.2,-0.06,-0.45,-0.36
27049,-0.19,0.04,-0.09,-0.09
27051,-0.17,-0.9,0.93,-0.6
27053,0.53,0.62,0.52,0.34
27055,-0.47,-0.59,-0.08,-0.47
27057,-0.82,-0.19,1.14,-0.72
27059,0.48,-0.38,-0.75,0.26
27061,0.11,0.29,0.57,0.2
27063,-0.32,1.14,-0.43,-0.02
27065,-0.37,-1.24,0.13,-0.37
27067,-0.69,-0.05,-0.42,-0.73
27069,0,-0.04,0.33,-0.87
27071,-0.63,-0.08,-0.08,-1.7
27073,-0.14,-1.2,-1.25,-1.2
27075,-0.37,0.37,-0.19,-0.54
27077,-0.54,-0.87,-0.5,0.13
27079,-0.57,-0.87,-0.08,0.1
27081,-0.75,-0.19,0.09,0.24
27083,-0.4,-1.29,-1.01,-0.51
27085,-0.93,-1.3,-0.53,-0.5
27087,-0.37,-0.22,-1.05,-0.09
27089,0.46,-0.23,-0.29,-0.54
27091,-0.61,-0.65,-0.16,-1.08
27093,-0.64,-0.98,-0.12,-0.26
27095,-0.71,-0.87,0.26,-0.41
27097,-0.16,-0.5,-0.74,-0.29
27099,-0.06,-0.22,-0.5,-0.34
27101,-0.7,-0.79,-0.48,-1.09
27103,-0.2,-0.57,-0.4,0.32
27105,-0.76,-0.5,-0.42,-1.45
27107,0.6,-2.5,0.5,-0.14
27109,0.04,-0.01,0.48,-0.03
27111,0.17,0.12,0.62,0.2
27113,0.55,-0.07,-0.11,-0.74
27115,-0.7,-1.5,-0.42,0.03
27117,-0.86,-1.41,-1.08,0.06
27119,-0.62,-0.34,0.13,-0.22
27121,-0.51,-0.09,0.08,0.4
27123,0.38,0.26,0.48,0.25
27125,0.15,-0.95,-0.88,-1.53
27127,-0.57,-1.26,-0.71,-1.36
27129,-1.21,-0.65,-1.34,-0.65
27131,-0.19,-0.36,-0.08,-0.02
27133,-0.62,-0.77,-0.48,-0.08
27135,-0.63,-0.42,-0.3,0.8
27137,0.06,0.01,0.07,0.13
27139,0.51,0.9,0.61,0.47
27141,-0.22,-0.51,-0.01,0.23
27143,-0.8,-0.74,-0.52,-1.23
27145,-0.31,-0.38,-0.35,0
27147,-0.5,-1.06,-0.14,-0.07
27149,-0.75,-1.06,-0.13,0.03
27151,-1.27,-0.75,-0.64,-1.11
27153,-0.66,-1.72,-1.1,-1.32
27155,-0.68,-2.13,0.26,-0.88
27157,-0.65,-0.66,-0.09,-0.81
27159,-0.49,-0.12,0.56,-0.22
27161,0.18,0.07,-0.86,-0.86
27163,0.34,0.53,0.44,0.51
27165,-0.54,-0.33,-0.47,-0.84
27167,0.82,0.49,-0.7,-0.6
27169,-0.09,0.14,-0.19,-0.44
27171,0.07,-0.05,-0.14,0.45
27173,-1.17,-1.2,-0.45,-0.88
28001,-0.6,-0.73,-0.09,-0.71
28003,-0.07,-0.16,0.17,0.06
28005,-0.27,-1.44,-0.6,-1.81
28007,-0.5,-0.89,1.86,-1.04
28009,-0.02,-0.05,-1.63,-2.41
28011,-1.34,0.1,-0.51,-1.13
28013,-0.31,-0.33,-0.75,0.14
28015,-1.93,-0.17,-0.49,-0.69
28017,-2.02,-0.24,-1.15,-0.27
28019,-1.89,-0.1,0.48,-0.88
28021,-0.16,-4.28,-1.4,-1.13
28023,-0.19,-1.07,-0.61,-0.63
28025,-0.75,-0.44,-0.24,-0.82
28027,-1.57,-1.26,-2.39,-1.85
28029,-0.89,-1.21,-0.38,-0.06
28031,-0.37,0.04,-0.92,-0.29
28033,0.81,0.93,0.59,0.99
28035,0.47,0.74,-0.3,-0.97
28037,-1.65,-1.11,0.03,-1.2
28039,0.34,-0.07,0.56,-0.1
28041,-0.48,0.01,-0.42,0.37
28043,-0.89,0.02,-0.11,0.45
28045,1.22,1.02,0.49,0.76
28047,1.06,0.97,0.78,0.68
28049,0.42,-0.47,-1.84,-1.28
28051,-1.95,-0.92,-1.31,-1.62
28053,-0.77,-1.61,-3.23,-2.05
28055,-1.07,-0.14,0.21,-2.12
28057,-0.41,-0.09,0.19,0.02
28059,-0.17,-0.26,0.1,0.51
28061,-1.38,-1.79,-0.74,-0.06
28063,-1.89,0.36,-0.95,-1.09
28065,-2.76,-0.84,-0.97,-0.9
28067,-0.12,0.58,0.24,-1.09
28069,-2.54,1.01,-0.9,-0.83
28071,1.7,1.87,1.17,1.27
28073,1.6,0.42,1.01,1.03
28075,0.02,-0.75,-0.22,-0.98
28077,-2,-0.85,-0.39,-0.05
28079,-1.24,-0.18,0.35,-0.44
28081,1.05,0.79,0.19,-0.42
28083,-1.94,-3.58,-0.34,-0.82
28085,-0.23,-0.26,-0.48,-0.08
28087,-0.69,-0.3,-0.09,-0.67
28089,1.17,1.18,1.81,1.06
28091,-1.18,-1.26,-0.76,-1.31
28093,-1.1,-0.62,-0.25,-0.8
28095,-0.86,-0.48,-0.78,-0.42
28097,-0.53,-1.73,-0.25,-1.74
28099,-0.02,-0.35,-0.85,-0.23
28101,-1.07,0.33,0.52,0.72
28103,-1.74,-1.46,-1.43,-0.2
28105,-0.31,0.57,-0.29,-0.22
28107,-0.69,-0.54,-0.47,-0.25
28109,-0.38,-0.92,-0.48,0.39
28111,-1.02,-1.76,-0.08,0.59
28113,-0.3,-0.97,-0.56,0.02
28115,-1.02,1.44,0.77,-0.14
28117,0.1,-0.08,-0.02,-0.41
28119,-0.92,-3.1,0.08,-2.08
28121,0.5,0.44,0.44,0.12
28123,-0.48,-0.88,-0.49,0.39
28125,-0.21,-2.38,-2.4,-1.26
28127,-1.02,-0.16,0.45,-0.16
28129,-0.41,-0.96,-0.87,-0.3
28131,-0.7,0.53,-0.62,-0.67
28133,-0.77,-0.59,-1.77,-1.98
28135,-0.5,-1.77,-0.1,-1.88
28137,-1.25,-1.03,-0.61,-0.58
28139,-0.6,-0.5,0.41,-0.34
28141,0.67,0.36,-0.06,0.25
28143,-2.08,-1.96,-0.32,-0.31
28145,0.24,-0.11,0.84,0.76
28147,-0.22,-1.94,-1.35,-0.13
28149,-1.29,-0.6,0.04,-0.83
28151,-1.59,-1.66,-1.09,-1.54
28153,-1.4,-0.2,-0.99,-0.41
28155,0.38,-0.35,-0.87,0.43
28157,-1.63,-1.08,-0.95,-1.39
28159,-0.6,-0.08,-0.85,-1.27
28161,-0.8,-0.76,-0.02,-0.36
28163,-1.02,-0.44,-1.41,-1.01
29001,-0.5,-0.25,-0.11,-0.65
29003,-1.14,0.72,-0.08,-0.25
29005,-0.95,-0.46,-1.36,-0.4
29007,0.05,-0.15,-0.06,0.89
29009,-0.98,-0.11,-0.13,-0.01
29011,-0.47,-0.34,-0.87,-1.7
29013,-0.27,-1.81,-0.93,0.34
29015,0.56,0.5,0.5,0.3
29017,0.17,0.03,0.47,-0.47
29019,0.81,0.89,0.6,0.38
29021,0.24,-0.19,-0.36,-0.57
29023,0.63,-0.02,-0.06,-0.12
29025,-1.27,-0.65,-0.37,-0.44
29027,-0.23,-0.08,-0.33,0.17
29029,-0.68,0.8,0.26,0.52
29031,0.65,0.15,0.15,0.38
29033,-0.03,-1.59,0.43,-0.7
29035,1.46,-0.33,0.56,-0.97
29037,-0.12,0.13,-0.07,-0.15
29039,-0.04,0.14,1.66,0.22
29041,-1.04,-0.46,-0.26,0.72
29043,0.23,0.91,0.78,1.07
29045,-1.77,-1.07,-0.83,-0.4
29047,0.38,0.43,0.57,0.65
29049,0.15,-0.71,0.04,-1.03
29051,0.02,-0.43,-0.02,-0.47
29053,0.28,-0.26,0.6,-0.45
29055,0.68,0.08,-1.17,0.38
29057,-0.29,-2.31,0.74,1.57
29059,-0.1,-0.14,-1.6,-0.62
29061,-1.98,-0.99,0,-0.11
29063,-1.05,-0.06,-0.7,-0.52
29065,0.06,0.56,0.58,-0.51
29067,-0.45,-0.16,-0.88,0.91
29069,0.2,-0.41,-0.59,-1.18
29071,0.06,-0.58,0.04,0.01
29073,-0.05,-0.27,-0.17,0.16
29075,1.01,-0.26,-0.31,0.56
29077,0.28,0.82,0.71,0.29
29079,-0.55,0.61,0.09,-1.9
29081,-0.67,-1.63,-0.11,-1.27
29083,0.04,-0.01,-0.14,0
29085,0.51,-1.28,0,-0.04
29087,-1.47,-2.96,-1.44,-0.88
29089,0.34,-0.6,0.45,-1.32
29091,0.14,-0.05,-0.72,-0.26
29093,1.12,-0.31,-0.35,-0.29
29095,-0.38,-0.22,-0.09,0.02
29097,0.03,-2.7,0.34,0.42
29099,-0.24,-0.12,0.12,0.27
29101,0.68,1.04,-0.53,-0.86
29103,0.29,-0.8,-0.64,-2.11
29105,-0.27,-0.81,0.39,-0.79
29107,-0.75,-0.43,-0.63,-0.7
29109,-0.03,-0.43,-0.95,-0.38
29111,-0.11,-0.78,-0.22,-0.16
29113,0.05,-0.14,0.32,0.14
29115,-1.02,-0.29,-0.9,0.04
29117,-0.57,-0.23,-0.89,1.2
29119,-0.86,-0.38,-1.86,0.48
29121,-0.15,0.56,-0.41,-0.13
29123,0.39,1.27,-0.26,0.02
29125,-0.16,-1.78,1.2,-0.58
29127,-0.24,-0.09,-0.11,-0.09
29129,0.48,-1.59,-0.78,0.3
29131,0.02,-0.37,1.24,0.15
29133,-0.38,0.5,-0.39,-0.11
29135,0.24,-0.71,0.05,0.22
29137,-0.78,-0.01,0.9,-0.67
29139,0.32,-1.69,-0.69,-0.88
29141,0.05,-1.09,0.7,0.16
29143,-0.82,-1.55,-0.49,-0.51
29145,0.21,0.08,-0.49,-0.44
29147,0.12,-0.3,-0.82,-0.81
29149,1.13,-0.47,0.06,-0.64
29151,0.07,-0.64,-1.28,-0.2
29153,-0.85,0.16,-0.49,-0.26
29155,-0.68,-0.65,-1.96,-1.02
29157,0.46,0.72,0.25,0.33
29159,-0.7,-0.04,-0.54,-0.31
29161,-0.81,-0.5,-0.81,-0.4
29163,0.24,-0.75,0.35,-0.64
29165,0.68,0.76,0.64,1.06
29167,0.18,-0.4,-0.13,-0.09
29169,-0.53,-0.84,-0.29,-1.64
29171,0.14,-0.34,-0.75,-0.96
29173,0.79,-0.37,-0.46,0.86
29175,-0.58,0.26,-1.49,0.36
29177,-1.06,-1.01,-0.07,-0.28
29179,-1.39,-0.03,-0.81,-0.33
29181,0.25,-0.5,0.06,-0.14
29183,0.29,0.42,0.7,0.91
29185,-1.35,-1.47,0.26,0.06
29186,-0.03,-2.03,0.46,-0.01
29187,0.07,0.42,0.48,-0.38
29189,-0.24,-0.09,-0.17,-0.11
29195,-0.7,0.25,-1.09,0.18
29197,-1.55,-0.21,-0.59,0.07
29199,-0.56,0.33,0.27,-1.67
29201,-0.53,-0.19,-0.01,-0.98
29203,-0.3,-1.15,-0.41,0.36
29205,-1.57,-0.37,-0.88,-0.78
29207,-0.55,0.11,-0.23,0.43
29209,0.43,-0.64,-0.32,-0.61
29211,-1.18,-2.09,-1.1,-0.96
29213,1.24,0.28,0.65,1.13
29215,-0.56,-0.69,-0.42,-0.02
29217,-0.83,-1.12,0.41,0.02
29219,-0.61,0.13,0.22,0.42
29221,-0.63,-0.18,-0.03,-0.22
29223,0.06,0.49,0.51,0.72
29225,-0.12,-0.44,-0.01,0.48
29227,-0.14,-1.98,0.43,-0.81
29229,-0.91,-0.18,-1.04,-0.85
29510,-0.88,-0.68,-0.61,-0.89
30001,-0.77,1.56,-0.53,0.37
30003,-0.26,-1.72,-0.05,0.21
30005,-0.02,0.4,-1.66,-0.23
30007,2.08,0.54,-1.56,-0.46
30009,-0.39,0.47,2.02,0.96
30011,0.09,3.15,-0.17,0
30013,-0.13,-0.61,0.15,-0.49
30015,0.14,2.64,-1.23,0.87
30017,0.48,0.91,0.6,1.1
30019,0.69,0.57,0.34,0.39
30021,0.45,2.62,1.94,0.98
30023,0.55,0.38,1.21,-1.01
30025,1.76,2.76,0.69,0.92
30027,-0.32,-0.03,0.87,-0.44
30029,0.1,0.23,1.15,1.47
30031,1.3,0.72,1.55,2.01
30033,4.97,-1.02,1.9,1.95
30035,0.05,-0.07,-0.15,-1.48
30037,-2.49,-0.95,3.21,-0.7
30039,0.03,-0.79,1.09,2.94
30041,0.79,-0.85,0.07,-1.11
30043,-0.28,-0.1,1.22,0.68
30045,-3.2,-0.2,-0.2,-1.54
30047,0.15,-0.56,-0.26,0.03
30049,0.77,0.69,0.4,0.52
30051,2.17,0.76,-1.46,-0.76
30053,-0.25,-0.32,-0.04,-1.12
30055,-1.33,-0.7,1.12,-1.17
30057,-0.49,0.73,-0.08,1.49
30059,0.63,1.01,0.9,-3.14
30061,-0.43,-1.98,2.67,-0.47
30063,0.24,0.42,0.2,0.45
30065,3.67,-0.95,-0.66,-0.48
30067,-0.76,0.58,0.54,1.44
30069,-0.41,3.47,-0.2,-4.16
30071,-0.35,-1.66,1.41,0.14
30073,1.13,-0.48,0.9,-0.8
30075,0.29,0.69,0.23,1.77
30077,0.78,0.47,-1.07,-0.32
30079,-3.11,-0.35,2.59,-3.06
30081,0.31,0.6,0.47,0.5
30083,3.56,6.07,3.27,2.72
30085,-0.1,2.72,1.24,1.23
30087,0.14,-0.84,-1.56,-0.9
30089,0.39,0.3,-0.31,0.13
30091,3.17,4.68,2.65,1.48
30093,0.49,0.23,0.13,0.56
30095,0.11,0.33,1.28,-0.34
30097,0.25,0.61,1.87,0.08
30099,0.13,-0.36,-0.2,-0.43
30101,-2.19,1.12,-1.84,-0.14
30103,0,1.67,-4.11,-1.72
30105,1.41,0.35,1.73,-0.01
30107,-1.34,-1.92,1.52,-2.02
30109,-1.79,7.78,6.24,-0.98
30111,0.66,0.9,0.97,0.62
31001,-0.76,0.42,0.32,-0.77
31003,-0.87,-1.65,-1.06,-1.19
31005,-0.86,1.49,-3.73,1.11
31007,-2.72,2.16,-1.16,-3.35
31009,-2.12,2.82,-5.66,4.78
31011,-1.49,0.72,-0.54,-0.32
31013,0.53,-0.19,-0.29,-0.11
31015,-0.76,-1.01,-1.41,1.14
31017,-0.95,-1.4,-2.05,0.55
31019,0.52,0.93,-0.01,-0.39
31021,-0.15,-1.45,-0.96,0.29
31023,-1.27,-0.12,0.07,-1.03
31025,-0.46,-0.5,0.52,0.29
31027,-1.09,-0.15,-0.81,-0.83
31029,1.16,1.53,-1.04,0.23
31031,0.73,-0.16,0.45,-0.55
31033,-0.44,0.64,-0.15,-0.13
31035,-0.66,-0.86,-0.25,-1.25
31037,-0.46,-1.06,-1.94,0
31039,0.15,-0.84,-0.89,0.03
31041,0.45,-0.8,0.03,-0.69
31043,-1.91,-1.13,-0.64,-1.7
31045,0.16,-0.64,-0.94,-0.62
31047,-0.71,-1.49,-0.3,-0.97
31049,2.84,0.71,-1.67,0.62
31051,0.15,-1.78,-1.2,-1.15
31053,0.01,-0.94,-0.38,0.11
31055,0.27,0.27,0.28,0.22
31057,-0.6,2.63,0,-3.86
31059,0.07,-1.03,-0.42,0.05
31061,-0.71,-0.5,-2.79,-0.45
31063,-1.53,-0.15,-0.59,-0.7
31065,0.34,-0.16,-0.39,0.66
31067,-1.02,-0.67,0.43,-0.62
31069,0.53,-3.18,-2.04,0.32
31071,-0.34,1.2,2.66,-0.93
31073,-1.9,3.99,-2.6,-0.3
31075,2.12,-2.38,0.33,-2.24
31077,-0.67,-2.6,1.18,-0.16
31079,0.48,0.59,0.1,0.23
31081,-0.69,-0.66,0.65,-0.13
31083,0.06,-0.29,2.71,-0.91
31085,-0.73,-3.46,1.06,-5.45
31087,-1.18,0.84,0.14,1.04
31089,-0.28,-0.48,0.25,-0.5
31091,-0.68,-3.5,3.38,-0.68
31093,1.01,-0.02,0.57,0.14
31095,0.35,0.19,0.2,-2.89
31097,0.06,-0.77,0.17,1.09
31099,1.32,-0.99,0.34,0.95
31101,-0.81,0,-0.58,-0.1
31103,-1.22,-3.28,-1.38,0.63
31105,-1.15,0.26,-2.3,0.57
31107,-0.91,0.17,-0.21,-0.81
31109,0.48,0.47,0.48,0.78
31111,-0.64,-0.35,-0.12,-1.06
31113,0.39,0,-2.2,-2.49
31115,-3.19,-3.91,-2.83,0.52
31117,1.49,-8.06,3.76,-4.97
31119,-0.41,-0.13,-0.06,-0.62
31121,-1.45,0.81,-0.21,-0.63
31123,-1.15,-1.03,0.04,-0.78
31125,0.05,-0.94,-2.97,-1.22
31127,0.33,-1.25,0,-0.22
31129,0.38,0.74,-0.25,0.05
31131,0.04,-0.46,-0.08,0.37
31133,-0.18,0.47,-1.4,-1.17
31135,-1,-0.47,-1.39,-1.17
31137,-0.29,0.29,-0.3,-0.3
31139,-0.79,-0.32,-0.31,0.32
31141,0.26,-0.23,-0.98,-0.17
31143,-1.04,-0.49,0.15,0.5
31145,-0.15,-0.01,0.05,-1.41
31147,0.24,-0.23,-1.16,0.15
31149,-1.44,-3.04,2.15,1.06
31151,0.27,0.48,-1.01,-0.69
31153,0.65,0.89,1.1,0.65
31155,-0.43,-0.58,0.19,-0.04
31157,-0.4,-0.25,-0.32,-1.33
31159,-0.91,1.08,0.37,0.25
31161,-0.97,-0.78,-1.64,0.25
31163,-1.14,0,0.03,-0.8
31165,1.22,-1.21,0.3,-2.27
31167,-0.24,-2.09,0.02,-0.99
31169,-0.23,0.33,1.28,1.02
31171,10,-0.73,0,-2.87
31173,-1.29,-0.8,-1.36,0.26
31175,-0.92,-0.24,-0.5,0.36
31177,-0.03,-0.14,-0.48,-0.04
31179,-1.54,0.01,-1.15,-0.57
31181,-0.42,-0.08,-1.52,0.08
31183,-1.95,-2.83,-2.78,0.53
31185,0.35,0.24,0.02,0.19
32001,-1.08,-1.35,-1.44,-0.59
32003,0.08,0.98,0.85,1.36
32005,-0.1,0.12,0.31,1.14
32007,0.12,2.55,2.08,-0.5
32009,-0.9,1.73,8.65,-2.04
32011,-1.5,0.05,3.06,-4.01
32013,-0.04,1.51,0.81,-1.61
32015,-0.21,0.46,1.4,-2.4
32017,-0.82,2.64,-1.31,-1.51
32019,-0.67,-0.58,0.47,0.72
32021,-2.84,1.6,-1.24,-0.88
32023,-0.64,-0.36,-1.06,0.57
32027,-0.19,1.96,1.55,-2.97
32029,-2.7,-0.73,-0.13,0.33
32031,0.25,0.54,0.64,0.96
32033,0.09,-1.1,0.45,-0.47
32510,0.34,-0.07,-0.9,0.79
33001,0.4,0.47,-0.17,0.43
33003,-0.17,0.18,-0.08,0.24
33005,-0.36,-0.09,-0.22,-0.37
33007,-0.48,-1.09,0.45,-0.53
33009,-0.32,0.22,0.39,0.09
33011,-0.25,-0.1,-0.16,0.18
33013,-0.09,-0.02,-0.22,-0.01
33015,0.07,0.45,0.2,0.52
33017,0.15,0.05,-0.24,0.57
33019,-0.67,-0.61,-0.16,0.4
34001,-0.44,-0.1,-0.1,-0.56
34003,0.29,0.46,0.55,0.44
34005,-0.13,-0.08,-0.38,-0.16
34007,-0.52,-0.41,-0.52,-0.5
34009,-0.34,0.1,-0.17,-0.03
34011,-0.45,-0.16,-0.79,-0.2
34013,-0.48,-0.45,-0.12,-0.12
34015,-0.1,-0.14,-0.11,0.21
34017,0.15,0.31,0.19,-0.18
34019,-0.37,-0.6,-0.1,-0.31
34021,-0.42,-0.1,0.08,-0.23
34023,-0.1,0.32,0.19,0.23
34025,-0.16,-0.24,-0.08,-0.12
34027,0.19,0.2,0.17,-0.16
34029,0.15,0.11,0.22,0.29
34031,-0.66,-0.63,-0.35,-0.3
34033,-0.21,-0.52,-0.92,-0.54
34035,-0.17,0.19,0.36,0.12
34037,-0.65,-0.84,-0.9,-0.58
34039,-0.19,0.2,0.37,0.04
34041,-0.45,-0.6,-0.53,0.04
35001,0.39,-0.01,-0.22,-0.29
35003,-0.35,-1.64,-0.11,-1.5
35005,-0.4,-0.38,-0.17,-0.74
35006,0.6,-1.27,-0.21,-1.08
35007,-0.74,-2.82,-1.07,-2.81
35009,0.36,-0.33,-1.38,-0.31
35011,-3.08,-1.63,-0.62,-3.6
35013,0.58,-0.16,-1.06,-0.7
35015,0.01,0.35,1.55,0.99
35017,-0.22,-0.15,0.02,-0.78
35019,-1.71,-0.77,-1.19,-2.26
35021,2.62,-1.4,-1.28,-1.16
35023,-0.19,-1.24,-3.84,-1.49
35025,-0.06,0.79,2,1.27
35027,-0.48,-0.87,-0.61,-1.88
35028,0.74,-0.56,-1.88,-1.39
35029,0.02,-0.99,-1.57,-1.02
35031,1.34,-2.12,-0.2,0
35033,-2.38,-1.9,0.28,-2.14
35035,1.42,0.05,-1.08,-1.8
35037,-0.53,-3.11,-1.13,-2.54
35039,-0.38,-0.68,-0.75,-1.19
35041,1.35,-1.16,-2.25,-2.76
35043,0.86,0.5,0.4,0.37
35045,-2.48,-0.47,-2.25,-2.74
35047,-0.37,-1.5,-1.5,-1.71
35049,0.47,0.45,0.32,0.36
35051,0.6,0.17,-1.4,-0.86
35053,-0.44,-1.96,-0.35,-1.57
35055,-0.25,-0.57,0.71,0.04
35057,-0.29,-2.18,-2.3,-0.67
35059,-2.66,-0.05,-0.86,-2.24
35061,-0.13,-0.75,-0.85,-0.89
36001,-0.26,0.16,0.18,0.15
36003,-0.46,-0.86,-0.41,-0.63
36005,-0.62,0.01,-0.02,-0.06
36007,-0.65,-0.52,-0.38,-0.38
36009,-0.7,-0.65,-0.55,-0.56
36011,-0.47,-0.48,-0.22,-0.77
36013,-0.4,-0.57,-0.26,-0.76
36015,-0.02,0.09,-0.91,-0.84
36017,-0.52,-0.52,-0.81,-0.14
36019,-0.39,-0.29,-0.21,-0.22
36021,-0.62,0,-0.28,-0.05
36023,-0.19,-0.56,-0.54,-0.31
36025,-0.37,-0.45,-0.33,-0.33
36027,-0.1,-0.45,-0.2,-0.22
36029,-0.1,-0.06,0.1,0.12
36031,-0.22,-0.97,-0.2,-0.19
36033,-0.25,0.41,-0.48,-0.2
36035,-0.45,-0.47,-0.67,-0.61
36037,-0.2,-0.19,-0.72,-0.42
36039,-0.29,-0.46,-0.35,-0.56
36041,-0.02,0.04,0.15,-0.11
36043,-0.47,-0.16,-0.43,-0.73
36045,0.11,0.82,-2.33,-1.44
36047,-0.06,0.02,0.04,-0.32
36049,-0.47,0.19,-0.67,-0.23
36051,-0.53,-0.17,-0.49,-0.13
36053,-0.31,-0.8,-0.12,-0.37
36055,-0.17,-0.16,-0.09,-0.25
36057,-0.76,-0.12,-0.11,-0.13
36059,-0.03,0.02,0.12,0.06
36061,0.31,0.24,-0.15,-0.33
36063,-0.22,-0.29,-0.19,-0.17
36065,-0.31,-0.28,-0.19,-0.39
36067,-0.37,-0.42,-0.04,-0.37
36069,0.36,-0.02,0.37,0.29
36071,-0.35,-0.64,-0.25,-0.28
36073,-0.62,-0.54,-0.68,-0.93
36075,-0.27,-0.56,-0.56,-0.66
36077,-0.29,-0.18,-0.16,-0.64
36079,-0.01,-0.48,-0.16,-0.29
36081,-0.1,0.06,0.33,0.05
36083,-0.21,-0.19,0,0.05
36085,-0.23,-0.46,0.04,-0.14
36087,-0.04,-0.19,0.16,0.05
36089,-0.36,-0.2,-0.51,-0.67
36091,0.2,0.31,0.48,0.17
36093,-0.15,-0.02,-0.03,-0.11
36095,-0.31,-1.65,-0.53,-0.92
36097,0.31,0.3,-0.15,-0.03
36099,-0.1,-0.26,-0.18,-1.19
36101,-0.02,-0.35,-0.38,-0.69
36103,-0.07,-0.38,-0.12,-0.16
36105,-0.9,-0.48,-0.19,-1.69
36107,-0.3,-1.3,-0.5,-0.69
36109,-0.26,0.5,0.54,0.01
36111,-0.07,-0.44,-0.42,-0.12
36113,0.15,-0.3,-0.33,-0.16
36115,-0.25,-0.07,-0.3,-0.41
36117,-0.66,-0.59,-0.75,-0.53
36119,0.16,0.1,0.5,-0.01
36121,-0.63,-0.3,-0.76,-0.71
36123,-0.02,-0.6,-0.51,-0.19
37001,0.89,0.54,0.31,0.54
37003,-0.52,-0.66,-0.1,0.47
37005,-0.72,-0.48,-0.09,0.2
37007,-1.13,-0.54,-0.69,-0.79
37009,-0.35,0.2,0.19,0.27
37011,-0.77,-0.4,0.97,0.37
37013,-0.17,-0.26,0.01,0.5
37015,-1.62,-1.16,-0.93,-1.15
37017,-0.71,-0.04,-0.13,-0.27
37019,1.91,1.9,3.11,2.92
37021,0.96,1.15,1.28,0.92
37023,0.18,-0.38,-0.41,0.04
37025,1.04,1.34,1.14,1.83
37027,-0.69,-0.32,0.1,-0.43
37029,-0.36,-0.09,0.98,0.9
37031,1.17,0.64,1.09,0.62
37033,-1.13,-1.24,0.25,-0.54
37035,-0.32,0.12,0.04,-0.22
37037,0.51,1.08,1.66,2.54
37039,-0.38,-0.05,1.01,0.52
37041,0.71,-0.48,0.1,-0.61
37043,0.65,0.45,-0.08,0.33
37045,-0.56,-0.1,-0.37,0.11
37047,-0.49,-0.34,-0.56,-0.21
37049,0.1,-0.47,-1.38,-0.47
37051,0.31,-0.98,-0.19,-1.04
37053,1.1,0.46,1,2.2
37055,0.59,0.61,1.24,0.25
37057,-0.25,0.01,0.09,0.14
37059,0.33,-0.11,0.32,-0.33
37061,0.87,0.24,-0.21,0.16
37063,0.89,1.28,1.23,1.24
37065,-1.17,-0.36,-0.48,-1.14
37067,0.49,0.57,0.44,0.67
37069,0.26,0.32,0.91,0.77
37071,0.15,0.33,0.41,0.62
37073,-1.05,-1.38,-1.7,-0.9
37075,-0.77,-0.67,0.4,-0.88
37077,-0.33,0.47,0.57,0.63
37079,0.54,-1.25,-0.78,-0.67
37081,0.71,0.73,0.64,0.62
37083,-0.6,-0.4,-0.74,-0.49
37085,2.22,1.61,1.57,0.51
37087,0.05,0.54,0.78,0.74
37089,1.05,0.83,1.5,1.59
37091,-0.74,-0.31,-0.04,-0.37
37093,2.25,0.62,0.27,-0.34
37095,0.03,0.19,-0.52,-1.33
37097,0.6,0.81,0.85,0.99
37099,-0.48,0.1,0.93,-0.01
37101,1.06,0.61,1.22,1.35
37103,-1.21,0.3,-0.56,-1.08
37105,0.88,1.35,0.62,-1.04
37107,-0.07,-0.25,-0.31,-0.53
37109,0.53,0.46,0.44,0.46
37111,0.12,0.13,0.05,0.11
37113,0.61,0.27,0.19,0.54
37115,0.42,-0.22,0.91,0.37
37117,-1.17,-1.12,-0.61,-0.84
37119,1.34,1.6,1.44,1.17
37121,-0.15,0.55,0.12,0.23
37123,-0.67,-0.95,-0.38,-0.51
37125,1.04,1.23,1.29,1.72
37127,0.01,-0.45,-0.59,-0.33
37129,1.12,1.29,1.63,1.14
37131,-0.34,-2.19,-1.45,-1.22
37133,-1.76,1.44,-1.32,-0.83
37135,0.75,1.47,1.04,0.37
37137,0.87,-1.37,-0.64,0.73
37139,-0.44,0.27,-1.55,-0.18
37141,1.56,1.09,1.8,1.89
37143,-0.01,0.79,0.67,-1.01
37145,0.41,-0.75,0.15,-0.28
37147,0.79,0.49,0.17,0.05
37149,-0.24,0.54,1.57,0.48
37151,0.13,0.16,-0.08,0.12
37153,-0.24,-0.26,-0.19,-1.08
37155,0.12,-0.16,-0.83,-0.49
37157,-0.23,-0.32,-0.64,0.05
37159,-0.34,-0.05,0.14,0.24
37161,-0.2,0.02,-0.32,-0.07
37163,-0.2,0.13,-0.06,-0.38
37165,-1.01,-0.96,-0.71,-1.35
37167,-0.03,0.2,0.18,-0.05
37169,-0.14,-0.71,-0.25,-0.17
37171,-0.01,-0.03,-0.69,0.03
37173,0.39,0.77,-0.31,1.69
37175,-0.55,0.34,0.62,0.8
37177,-1.18,-0.99,-0.99,0.07
37179,0.94,1.02,1.41,2.15
37181,-0.43,-0.44,-0.82,-0.33
37183,1.6,1.65,1.47,1.61
37185,-0.15,-1.29,0.4,-0.78
37187,-1.48,-1.64,0.27,-1.34
37189,0.58,0.42,0.54,0.51
37191,0.35,0,-0.21,-0.52
37193,-0.37,0.22,-0.25,-0.01
37195,-0.19,0.27,-0.3,-0.23
37197,-0.37,-0.48,-0.24,-0.48
37199,-0.28,-0.19,-0.22,0.55
38001,-1.37,0.96,2.17,0.34
38003,0.12,-0.55,1.47,-0.14
38005,-0.5,-0.34,0.71,-2.27
38007,4.93,7.66,-3.18,0
38009,0.81,1.86,2.23,-1.25
38011,-0.03,2.42,0.43,0.75
38013,4.07,5.4,5.25,-3.32
38015,1.2,2.25,2.39,1.33
38017,0.55,1.49,3,1.34
38019,-0.58,0.3,-0.91,-0.31
38021,0.74,0.47,-0.15,-1.55
38023,2.36,4.44,3.72,4.45
38025,4.55,5.09,4.63,4.37
38027,0.71,1.83,2.15,-0.87
38029,0.96,0,0.66,-1.41
38031,0.15,1.79,-0.09,-0.18
38033,3.51,2.58,1.39,-0.94
38035,-1.2,0.73,1.58,0.43
38037,-1.76,0.13,1.84,0
38039,-1,0.55,-1.57,1.88
38041,1.62,1.03,4.03,-0.82
38043,-1.19,-0.86,-0.04,-1.24
38045,-0.22,0.75,0.85,0.12
38047,-0.3,-1.53,0.47,0.26
38049,2.22,5.56,1.85,1.03
38051,0.04,0.75,0.76,2.03
38053,8.54,12.62,15.2,16.28
38055,1.2,2.91,1.68,0.85
38057,-0.07,0.57,1.07,1.47
38059,-0.07,0.65,2.45,2.09
38061,4.13,6.89,5.97,3.39
38063,-0.87,1.37,0.55,-0.32
38065,-0.82,-0.98,1.69,-2.35
38067,-0.66,-1.21,-1.23,-0.2
38069,0.76,2.14,-0.2,-0.14
38071,-0.12,0.27,-0.32,0.02
38073,0.31,1.16,1.06,-0.56
38075,0.36,2.53,2.08,-1.64
38077,-0.99,-0.47,0.23,0.29
38079,0.45,0.63,0.84,-0.7
38081,-0.16,2.84,-0.36,1.19
38083,-0.53,-3.28,2.99,-0.53
38085,1.28,0.59,1.52,-0.72
38087,-3.03,3.88,0.13,-1.05
38089,2.96,5.94,4.52,6.15
38091,-2.03,-2.22,-1.05,-1.17
38093,-0.18,0,0.63,0.17
38095,1.3,0.87,0.09,-0.26
38097,0.49,0.24,1.97,-1.61
38099,-0.59,0.25,0.53,-1.29
38101,2.33,-0.07,3,0.98
38103,1.29,1.59,-0.75,0.17
38105,7.52,8.59,10.07,7.06
39001,-0.49,-0.53,-0.93,0.01
39003,-0.39,-0.76,-0.22,-0.34
39005,-0.1,-0.25,-0.35,-0.25
39007,-0.23,-0.73,-0.48,-0.56
39009,-0.11,-0.66,0.24,0.18
39011,-0.52,0.03,-0.04,-0.19
39013,-0.06,-0.32,0.13,0.16
39015,-0.55,-0.79,-0.45,-0.35
39017,-0.17,-0.22,-0.31,0.35
39019,-0.21,-0.88,-0.86,-0.15
39021,-0.7,-0.71,-0.47,-0.99
39023,-0.43,-0.4,-0.19,-0.1
39025,0.17,-0.12,0.12,0.25
39027,-0.18,-0.35,-0.11,-0.22
39029,-0.31,-0.66,-0.45,-0.09
39031,-0.02,-0.48,-0.49,-0.65
39033,-0.9,-1.03,-0.01,-0.64
39035,-0.75,-0.47,-0.27,-0.42
39037,-0.56,-0.38,-0.41,-0.31
39039,-0.53,-0.65,-0.9,-0.11
39041,1.04,0.74,1.44,1.45
39043,-0.24,-0.17,-0.38,-0.26
39045,0.1,-0.24,0.54,0.77
39047,-0.66,-0.42,-0.34,-0.27
39049,0.31,0.63,0.59,0.71
39051,-0.64,-0.1,-0.48,0.22
39053,-0.2,-0.57,-0.68,-0.69
39055,-0.34,0.27,-0.07,0.08
39057,0.48,-0.06,-0.71,0
39059,-0.36,-0.04,-0.45,-0.1
39061,-0.65,-0.22,-0.14,-0.07
39063,0.06,0.41,-0.16,-0.77
39065,-0.46,-0.77,-0.15,-0.02
39067,0.18,-0.22,-0.25,-0.19
39069,-0.71,-0.89,-0.33,-0.82
39071,-0.6,-1.11,0.48,-0.46
39073,-0.08,-0.46,-1.79,0.38
39075,-0.51,-0.44,-0.03,-0.51
39077,-0.54,-0.44,-0.95,-0.54
39079,-0.53,-0.83,-0.46,-0.26
39081,-0.69,-0.25,-0.09,0.05
39083,0.18,-1.07,-0.09,0.14
39085,-0.09,-0.08,0.18,-0.11
39087,0.07,-0.41,-0.32,-0.41
39089,-0.02,-0.07,0.13,0.29
39091,-0.41,-0.46,-0.01,0.05
39093,-0.21,-0.31,0.16,0.25
39095,-0.73,-0.72,-0.42,-0.62
39097,-0.38,-0.26,0.64,1.37
39099,-0.2,-0.34,-0.35,-0.16
39101,-0.63,-0.61,-0.55,-0.35
39103,0.08,-0.09,0.41,0.48
39105,-0.21,-0.3,-0.46,-0.56
39107,-0.42,-0.2,-0.61,-0.04
39109,0.09,0.04,0.15,0.4
39111,0.27,-0.48,0.31,-0.66
39113,0.08,-0.28,-0.23,-0.45
39115,-0.07,-0.94,-0.05,-0.88
39117,-0.18,-0.16,-0.23,0.15
39119,-0.01,-0.34,-1,0.16
39121,0.01,-0.91,-0.11,-1.24
39123,0.25,0.07,-0.11,0.22
39125,-1.16,-0.72,-0.55,-1.18
39127,0.32,-0.77,-0.28,-0.38
39129,0.2,0.54,-0.12,0.59
39131,-0.32,-0.41,-0.51,-0.39
39133,0.01,-0.2,-0.07,0.3
39135,-0.46,-0.36,-0.37,-0.39
39137,-0.91,-0.83,-0.61,-0.18
39139,-0.78,-0.44,-0.75,-0.3
39141,-0.04,-0.39,0.51,-0.29
39143,-0.55,-0.34,-0.75,-0.19
39145,-0.34,-0.93,-0.53,-0.92
39147,-0.48,-0.77,-0.41,-0.05
39149,-0.63,-0.68,-0.4,-0.72
39151,-0.17,0.12,0.06,0.13
39153,-0.45,-0.17,0.03,-0.02
39155,-0.26,-0.55,-0.22,-0.38
39157,-0.24,-0.2,0.12,-0.04
39159,0.14,-1.18,0.49,0.29
39161,-0.5,0.06,-0.99,-0.16
39163,-0.37,-1.05,0.57,-0.68
39165,0.23,0.44,0.46,0.57
39167,0.2,0.04,-0.02,-0.15
39169,-0.35,-0.25,-0.28,-0.03
39171,0.09,-0.28,-0.28,-0.63
39173,0.33,0.74,0.1,0
39175,0.24,-0.25,-0.65,-0.72
40001,-0.97,-1.16,-0.57,-0.51
40003,0.5,0.35,3.62,-1.05
40005,-0.42,-1.18,-1.07,-0.03
40007,-0.51,-0.5,-0.89,-1.26
40009,0.8,3.12,1.28,0.08
40011,-1.88,1.03,-0.7,0.33
40013,0.82,0.37,1.37,0.31
40015,-0.83,-0.03,-0.59,-0.53
40017,2.03,1.93,2.19,2.03
40019,0.72,0.13,0.93,0.25
40021,0.88,0.19,-0.41,0.5
40023,-0.07,-0.38,-0.78,0.66
40025,0.57,-3.39,-2.34,-2.32
40027,1.15,1.08,0.85,-0.44
40029,0.3,0.12,-1.15,0.03
40031,-0.6,-0.33,-2.04,-0.67
40033,0.29,0.08,0.05,-0.13
40035,-0.01,-1.37,0.01,-0.13
40037,0.33,0.15,-0.22,-0.08
40039,0.36,2.18,2.06,0.08
40041,0.34,0.38,0.28,0.52
40043,1.45,1.14,1.03,2.18
40045,-2.31,1.56,2.28,0.22
40047,-0.7,0.57,1.22,0.5
40049,-0.43,-0.43,0.29,0.47
40051,0.63,0.38,0.85,0.19
40053,1.26,-0.35,0.4,-0.53
40055,-1.34,-1.17,1.47,-0.36
40057,-0.27,-0.79,-1.34,-2.75
40059,1.11,0.46,4.22,-0.26
40061,-0.05,1.52,0.79,-0.71
40063,-1.35,-0.15,0.48,0.71
40065,-1.02,-1.41,-1.15,-1.92
40067,1.3,-1.1,0.65,-1.01
40069,1.11,-0.68,0.51,1.04
40071,-1.06,-0.54,-0.36,-0.27
40073,0.46,-1.01,1.55,0.72
40075,0.31,-0.69,0.44,-0.53
40077,-0.31,-1.09,-2.05,-0.41
40079,0.05,-0.47,-0.18,-0.24
40081,-0.64,-0.42,0.25,0.56
40083,0.8,1.03,1.41,1.66
40085,-0.55,1.98,1.21,0.42
40087,0.83,1,2.26,1.77
40089,-0.26,-0.31,-0.57,-0.32
40091,0.61,1.66,0.25,-1.66
40093,1.36,0.39,-0.05,0.53
40095,0.74,-0.11,0.19,0.78
40097,0.1,-0.33,-0.62,-0.24
40099,0.55,0.54,0.74,0.85
40101,-0.47,-0.44,-0.47,-0.5
40103,0.16,-0.21,-1,0.98
40105,1.32,0.05,-0.14,-0.11
40107,0.93,0.18,-0.15,-0.74
40109,0.68,0.92,0.93,0.7
40111,-0.64,-0.66,-0.37,-0.86
40113,-0.02,-0.48,0.15,0.37
40115,0.03,1.18,0.13,-0.57
40117,0.9,-1.92,0.25,-0.85
40119,0.14,0.15,0.47,0.58
40121,-0.37,-1.2,-0.49,-0.53
40123,0.15,0.36,-0.12,-0.17
40125,0.51,0.46,0.45,0.74
40127,-0.78,-1.51,0.12,-0.56
40129,1.05,-1.32,-1.35,-0.56
40131,0.42,0.41,0.55,0.49
40133,-0.79,-0.07,-0.02,-0.2
40135,-0.4,-1.12,-0.52,0.16
40137,0.16,-0.62,0.35,-1.17
40139,0.82,0.55,1.37,-2.32
40141,0.48,-2.33,-1.18,-1.11
40143,0.12,0.3,0.73,0.51
40145,0.45,0.81,0.48,-0.29
40147,0.71,0.26,-0.24,0.73
40149,-0.22,0.37,0.64,-1.53
40151,-1.39,1,1.89,2.84
40153,0.26,2.28,2.18,0.89
41001,-0.29,-0.48,0.98,0.02
41003,0.22,0.28,-0.12,0.2
41005,0.61,0.81,0.93,1.39
41007,0.22,0.33,-0.48,0.9
41009,0,-0.21,0.07,0.41
41011,0,0,-0.27,0.39
41013,-0.34,0.49,0.9,1.28
41015,1.07,-0.21,0.97,0.77
41017,1.13,1.09,2.36,2.22
41019,0.03,0.03,-0.08,0.45
41021,4.44,0.77,0.1,-0.52
41023,-0.46,-1.01,-0.34,-1.14
41025,-0.54,-2.08,-1.04,-0.45
41027,-0.21,0.35,-0.26,0.13
41029,0.54,0.74,0.84,0.9
41031,0,-0.11,0.08,1.31
41033,0.54,0.72,0.84,0.8
41035,-0.08,-0.62,-0.25,-0.67
41037,0.81,-1.44,0.62,-0.03
41039,0.32,0.23,0.35,0.71
41041,-0.03,0.81,0.7,0.51
41043,0.88,0.01,0,0.4
41045,-1.46,-0.99,-0.99,-1.47
41047,0.22,0.1,0.11,0.63
41049,-0.98,-0.04,-0.23,-1.45
41051,0.8,0.92,0.42,0.93
41053,0.22,0.22,0.28,1.24
41055,-2.82,-0.17,-0.86,-0.47
41057,0.65,-0.27,0.34,0.21
41059,0.37,-0.34,-0.82,-0.8
41061,0.04,-0.13,-0.68,0.45
41063,-0.16,-2.21,0.15,0.35
41065,-0.29,0.83,-0.15,0.05
41067,0.77,0.72,0.56,0.61
41069,-1.38,0.56,-1.75,-1.43
41071,0.11,0.07,-0.33,0.58
42001,-0.16,-0.16,-0.21,0.17
42003,0.24,0.23,0.2,-0.02
42005,-0.18,-0.09,-0.03,-0.14
42007,0.04,0.16,0.14,-0.09
42009,0.01,-0.04,-0.45,-0.21
42011,-0.28,-0.09,-0.14,-0.2
42013,0.22,0.1,-0.31,-0.12
42015,0.44,-0.38,-0.85,-0.95
42017,0.06,-0.07,-0.05,0.05
42019,0.45,0.2,0.18,0.35
42021,-0.27,-0.39,-0.45,-0.44
42023,-0.59,-0.38,-0.55,-1.76
42025,0.2,0.12,-0.1,-0.02
42027,-0.1,0.12,-0.03,0.38
42029,0.25,0.2,0.27,0.35
42031,0.21,-0.42,-0.75,-0.54
42033,-0.07,-0.12,-0.22,-0.18
42035,0.55,0,0.35,-0.26
42037,0,0.2,0.02,0.09
42039,-0.2,-0.52,-0.21,-0.2
42041,0.36,0.68,0.61,0.85
42043,-0.17,-0.12,0.1,-0.15
42045,-0.28,0.05,0.02,0.03
42047,0,-0.29,-0.31,-0.57
42049,-0.19,-0.27,-0.33,-0.56
42051,0.07,0.04,-0.16,-0.1
42053,-0.52,-0.26,0.26,-0.67
42055,0.42,0.09,0.13,0.24
42057,-0.52,-0.15,-0.37,-0.51
42059,-0.35,-0.72,-0.53,0.16
42061,-0.36,-0.18,-0.26,-0.06
42063,-0.27,-0.4,-0.48,-0.57
42065,-0.43,-0.21,0.17,-0.63
42067,-0.99,-0.21,-0.66,0.06
42069,0.04,0.06,-0.02,-0.23
42071,0.13,0.11,0.08,0.17
42073,-0.3,-0.35,-0.23,-0.41
42075,0.27,0.5,-0.23,0.33
42077,0.46,0.2,-0.16,0.37
42079,0.22,0.28,-0.15,0.05
42081,0.56,0.5,-0.49,-0.13
42083,-0.26,-0.03,-0.38,-0.19
42085,-0.15,-0.14,-0.19,-0.1
42087,0.24,-0.11,-0.49,-0.41
42089,-0.2,-0.79,-0.75,-0.45
42091,0.22,0.22,0.18,0.23
42093,0.04,0.4,0.11,0.48
42095,0.01,0.21,0.01,0.26
42097,0.3,0.08,-0.31,-0.03
42099,-0.21,-0.54,-0.63,-0.18
42101,-0.03,0.05,-0.19,-0.27
42103,-0.9,-1.21,-0.17,-0.62
42105,-0.02,1.04,-0.66,-1.53
42107,-0.2,-0.01,0.05,-0.29
42109,-0.26,-0.15,0.22,0.32
42111,-0.03,-0.17,-0.38,-0.25
42113,1.47,0.56,-0.7,0.68
42115,-0.21,-0.79,-0.82,-1.03
42117,0.97,0.5,-0.31,-0.45
42119,0.1,0,-0.37,0.35
42121,-0.29,-0.58,-0.47,-0.52
42123,-0.49,-0.46,-0.46,-0.27
42125,0.39,0.5,0.13,0.28
42127,0.71,-0.32,-0.02,-0.16
42129,0.14,0.01,0.09,-0.06
42131,0.12,0.1,-0.75,0.15
42133,-0.1,-0.1,0.08,0.12
44001,0.17,0.17,1.12,-0.03
44003,-0.29,-0.27,0.07,0.27
44005,-0.2,-0.19,0.27,-0.11
44007,-0.35,-0.18,-0.24,0.04
44009,-0.23,-0.12,0.29,0.25
45001,-0.79,-0.3,-0.36,-0.12
45003,0.51,0.69,0.35,0.22
45005,-1.56,-2.4,-1.39,-1.15
45007,0.45,0.32,0.45,0.92
45009,-0.03,-0.47,-1.89,-1.5
45011,-0.84,-0.71,-0.8,-0.99
45013,0.53,1.79,1.86,1.91
45015,1.83,2.29,1.43,1.43
45017,0.17,-1.82,0.97,-1.02
45019,1.21,1.59,1.51,1.63
45021,0.02,0.05,0.07,0.39
45023,-0.72,-0.91,-0.13,-0.79
45025,-0.28,-1.09,0.07,-0.11
45027,-0.68,-0.77,0.07,-0.25
45029,-0.75,-0.56,-0.99,0.01
45031,-0.54,-0.17,-0.27,-0.11
45033,-1.51,-1.11,-0.94,-0.68
45035,1.65,1.17,1.42,1.5
45037,-0.49,-0.82,0.42,0.62
45039,-1.11,-0.73,-0.77,-0.4
45041,0.24,0.08,0.03,0.33
45043,-0.16,0.3,0.48,0.68
45045,0.88,1.2,1,1.27
45047,-0.18,-0.24,-0.37,-0.45
45049,-1.41,-0.25,-1.49,0.17
45051,1.88,2.27,2.65,2.79
45053,0.34,1.48,2.76,0.97
45055,0.49,0.13,0.4,0.84
45057,0.99,1.63,1.48,2.82
45059,-0.11,-0.23,0.03,0.58
45061,-0.92,-1.07,-1.05,-0.01
45063,0.84,0.96,0.81,1.12
45065,-1.2,-0.32,0.48,0.01
45067,-0.55,-1,-0.92,0.03
45069,-1.36,-1.12,-0.44,-0.13
45071,0.09,0.23,-0.27,0.54
45073,0.04,0.54,0.57,0.52
45075,-0.76,-0.44,-0.63,-0.65
45077,0.24,0.13,-0.11,0.91
45079,0.32,0.63,0.82,0.45
45081,-0.63,-0.04,0.5,-0.57
45083,0.32,0.54,0.54,0.68
45085,-0.66,0.17,-0.51,-0.52
45087,-0.64,-1.12,-0.57,-0.08
45089,-0.86,-1.5,-1.31,-0.8
45091,0.99,1.41,1.48,1.9
46003,-0.66,0.51,-1.09,0.52
46005,0.37,0.51,0.52,-1.61
46007,-1.39,-1.86,-0.55,-1.85
46009,-0.79,0.41,-0.01,0.16
46011,0,1.06,0.36,0.05
46013,0.17,1.07,1.11,0.34
46015,0.06,-0.51,0.75,-1.86
46017,0.51,-0.35,-0.84,1.18
46019,0.83,-0.89,0.6,-0.49
46021,-3.66,-1.06,-2.52,2.3
46023,0.13,-0.37,-0.46,0.09
46025,-1.89,0.06,0.53,0.06
46027,0.79,0.11,-1.57,-0.59
46029,0.21,0.2,0.37,-0.2
46031,-2.19,-0.4,2.52,-2.46
46033,1.2,0.2,1.4,0.25
46035,-0.03,0.43,-0.25,-0.15
46037,0.94,-1.77,0.02,-0.48
46039,-0.07,0.11,-1.69,-0.14
46041,0.15,0.52,-0.13,-0.07
46043,-0.3,-0.33,1.58,-1.72
46045,-0.37,-0.64,0.47,-1.44
46047,-1.04,0.99,-1.89,0.76
46049,-0.63,-0.04,-0.17,-1.55
46051,-1.36,0.37,0.11,-0.54
46053,-0.8,1.64,0.07,-0.05
46055,-1.56,0.21,-1.78,-2.7
46057,0.46,-0.72,-0.57,-0.34
46059,-0.44,-1.69,0.47,-1.91
46061,0.27,-0.68,-0.24,-1.26
46063,1.29,1.39,-3.95,-2.53
46065,0.67,0.62,-0.4,0.49
46067,-0.85,0.28,-0.31,0.63
46069,-1.62,2.65,-3.35,0.58
46071,2.2,-0.91,0.66,-0.03
46073,-0.58,-1.16,1.27,-3.16
46075,-2.28,-1.86,-0.2,-3.11
46077,0.62,1.28,-3.07,0.1
46079,2.46,1.57,2.12,2.01
46081,0.3,0.22,2.03,-1.18
46083,2.02,2.11,2,1.94
46085,0.37,-1.72,1.27,-1.62
46087,-1.23,0.97,0.79,-0.27
46089,0,-0.2,1.11,-0.82
46091,-1.29,1.45,1.95,-1.62
46093,-0.06,1.54,3.68,0.87
46095,-0.15,-1.56,-0.76,-0.19
46097,-1.18,-0.21,0.69,-0.69
46099,0.2,1.05,1.43,0.85
46101,-0.75,-1.11,-0.98,-1.42
46103,0.58,1.06,0.64,0.94
46105,0.71,0.57,0.13,-0.49
46107,1.84,0.47,1.58,-1.35
46109,0.28,-0.72,-1.3,-0.16
46111,1.23,-1.82,0.09,-0.09
46113,0.37,-0.59,-0.66,-0.95
46115,1.37,2.15,-0.98,-0.15
46117,-0.5,-1.57,-0.37,-1.21
46119,-0.58,2.96,0.9,-2.53
46121,-0.18,-1.24,-0.89,-2.38
46123,-0.44,-2.11,0.18,0.13
46125,-0.07,-0.55,0.78,-1.1
46127,0.56,1.43,-0.73,0.99
46129,2.2,-1.87,1.08,0.24
46135,0.34,0.2,0.08,-0.19
46137,-0.64,-0.18,-1.53,-1.34
47001,0.28,0.42,0.22,0.17
47003,0.23,-0.04,0.52,1.25
47005,0.24,0.34,-0.02,-0.13
47007,0.23,-0.23,0.48,0.65
47009,0.48,0.31,0.76,0.92
47011,0.65,0.94,0.47,0.85
47013,-0.12,-0.08,-0.24,-0.25
47015,-0.23,0.68,-0.38,-0.46
47017,0.02,0.08,-0.05,-0.19
47019,-0.06,0.12,0.14,-0.35
47021,-0.32,0.43,0.33,0.53
47023,-0.27,-0.22,0.52,-0.06
47025,-0.02,-0.82,-0.02,0.4
47027,-1.31,0.22,-0.27,-0.14
47029,-0.03,0.51,-0.05,0.32
47031,0.39,0.44,0.39,0.56
47033,-0.31,0.58,-0.25,0.31
47035,1.01,1.04,0.99,1.2
47037,0.44,1.29,0.82,0.75
47039,-0.03,0.22,0.74,0.6
47041,0.76,0.69,1.14,0.67
47043,0.39,0.29,-0.33,0.55
47045,-0.57,0.03,-0.38,-0.67
47047,-0.22,0.04,0.11,0.43
47049,0.56,-0.21,0.27,0
47051,-0.04,-0.07,0.91,0.34
47053,0.58,-0.37,-0.48,0.23
47055,-0.03,-0.91,-0.36,0.44
47057,0.22,-0.15,0.45,0.91
47059,0.87,-0.19,-0.25,0.54
47061,-1.07,0.23,-0.73,-0.05
47063,0.46,-0.31,0.32,-0.19
47065,0.76,1.11,0.64,0.44
47067,-1.19,0.36,-0.22,0.02
47069,-1.35,-1.15,-0.95,-1.11
47071,-0.37,0.66,0.28,-0.15
47073,-0.2,0.13,0.47,0.05
47075,-1.68,-1.53,-0.26,-0.36
47077,0.47,-0.02,-0.14,0.11
47079,0.38,0.43,-0.07,0.6
47081,-1.06,-0.7,0.07,0.63
47083,-1.23,1.23,-1.25,-0.24
47085,-0.55,-0.52,-0.05,-0.55
47087,-1.84,0.43,0.6,0.42
47089,0.51,0.92,-0.03,0.82
47091,0.07,-0.25,-0.4,-0.26
47093,0.56,0.73,0.48,0.7
47095,-0.17,-0.58,0.26,-0.51
47097,-0.49,-0.15,-0.08,-0.83
47099,0.1,-0.01,-0.5,0.63
47101,-0.24,-2.13,0.43,-0.57
47103,-0.03,0.23,0.53,0.11
47105,0.86,1.4,1.32,0.6
47107,0.61,0.19,-0.08,0.67
47109,0.19,0.66,-0.12,0.48
47111,0.66,0.05,0.5,1.28
47113,-0.55,0.12,-0.15,-0.93
47115,-0.33,0.64,0.6,0.33
47117,0.57,-0.08,0.27,0.48
47119,0.05,0.49,1.69,1.9
47121,-0.21,0.46,0.02,0.68
47123,0.61,0.52,0.17,0.27
47125,0.78,3.19,-1.87,1.56
47127,0.96,-1,-0.38,0.13
47129,-0.46,0.18,-0.37,0.19
47131,0.09,-0.97,-0.64,-0.33
47133,0.56,0.46,-0.51,0.26
47135,-0.58,0.17,0.24,-0.43
47137,1.18,-0.51,0.53,1
47139,-0.08,-0.38,0.7,0.54
47141,0.17,0.3,0.38,0.61
47143,0.64,0.85,0.45,0.45
47145,-0.11,-0.21,-0.37,0.05
47147,0.27,-0.39,0.35,0.62
47149,1.12,1.16,1.76,1.86
47151,-0.27,0.14,-0.74,-0.07
47153,1.58,1.08,1.93,0.79
47155,1.19,1.03,1,1.32
47157,-0.05,0.01,-0.68,-0.65
47159,0.08,-0.13,-0.37,-0.27
47161,-0.85,0.94,0.13,-0.21
47163,0.47,0.01,0.17,0.43
47165,1.06,1.04,1.41,1.74
47167,-0.17,0.26,-0.4,-0.2
47169,-0.79,-0.49,0.03,2.41
47171,0.63,0.39,-0.52,-0.01
47173,0.49,-0.67,-0.49,-0.14
47175,-1.4,1.92,-0.87,0.88
47177,0.04,-0.27,0.26,0.23
47179,0.67,0.78,0.42,0.39
47181,0.04,0.18,0.01,-0.03
47183,-0.2,-0.63,-0.71,-0.09
47185,1.27,0.32,0.72,0.43
47187,1.78,1.85,2.52,2.55
47189,1.39,1.56,2.09,2.28
48001,-0.11,-0.18,-0.2,-0.36
48003,2.97,3.57,2.87,2.5
48005,0.31,-0.07,-0.53,-0.2
48007,1.22,1.76,2.33,3.18
48009,-2.92,-0.74,-0.25,0.67
48011,1.58,0.88,0.46,-0.51
48013,0.67,1.54,0.76,0.96
48015,0.44,-0.36,0.37,0.82
48017,-0.91,-1.97,-1.08,-3.67
48019,0.05,0.16,0.05,1.61
48021,0.55,-0.69,1.01,2.16
48023,0.54,-2.05,0.44,-0.22
48025,0.33,0.17,0.44,-0.18
48027,-0.62,0.97,-0.36,-0.53
48029,0.97,0.98,0.92,1.06
48031,0.96,0.99,0.48,1.65
48033,-3.42,-2.23,4.57,1.1
48035,0.51,-0.38,-1.25,-0.25
48037,-0.1,0.03,0.27,-0.44
48039,0.75,0.9,1.04,1.47
48041,0.09,0.74,0.52,1.35
48043,0.56,-1.05,-0.22,-2.05
48045,0.31,-6.09,-0.45,-0.78
48047,-0.79,-1.29,0.2,-0.86
48049,0.07,-0.52,-0.26,-0.56
48051,0.21,0.47,-0.99,0.55
48053,0.57,-0.01,0.46,1.07
48055,0.31,0.28,0.83,0.94
48057,0.05,0.79,0.52,-0.28
48059,0.13,0.18,0.36,0.29
48061,0.14,-0.56,-0.85,-0.62
48063,-0.24,0.2,-0.65,1.01
48065,1.93,-1.37,-1.64,0.53
48067,-0.45,-0.79,0.78,-0.17
48069,-1.33,0.61,-2.65,-3.98
48071,-0.13,1.28,1.25,1.84
48073,-0.09,-0.02,-0.82,-0.57
48075,-1.15,0.28,-0.11,0.33
48077,-0.19,-0.92,-0.38,-0.4
48079,-2.55,-2.21,-1.29,-3.97
48081,0.18,-0.82,-0.03,1.62
48083,-1.23,-0.54,-1.27,-1.29
48085,2.05,1.82,1.61,2.21
48087,0.75,-2.69,2.12,-2.85
48089,-0.49,-0.25,0.31,-0.23
48091,1.93,2.19,2.95,3.44
48093,-0.62,-0.84,-0.73,-0.13
48095,0,-1.96,0.71,-1.12
48097,-0.37,0.6,-0.99,0.44
48099,0.31,0.1,-1.69,-2.02
48101,0.07,-1.46,-1.15,-1.87
48103,-0.8,3.55,3.33,2.78
48105,-0.92,0.49,1.1,0.13
48107,-0.02,0.31,-1.89,-1.77
48109,-1.29,-3.92,-0.74,-1.79
48111,0.52,0.96,-0.76,-0.72
48113,0.57,0.85,0.13,0.41
48115,-1.32,-1.52,0.73,0.34
48117,-0.46,-1.42,-1.96,-0.83
48119,-0.82,2.46,-1.66,0.83
48121,1.91,2.24,2.03,2.33
48123,0.65,0.68,0.18,0.62
48125,-1.96,-3.36,-1.12,-3.28
48127,0.17,2.8,3.06,0.13
48129,-0.43,-0.22,-1.7,-0.95
48131,-0.86,-1.08,-0.35,-0.72
48133,0.33,-0.58,-0.55,0.02
48135,1.03,2.32,2.31,1.74
48137,-1.46,-0.46,-4.98,-0.37
48139,0.79,0.39,0.87,1.41
48141,0.93,0.04,-1.26,-0.75
48143,0.39,0.42,-0.29,-0.07
48145,0.15,-1.49,-0.69,-2.09
48147,0.31,0.06,-0.11,0.5
48149,1.02,-0.05,0.53,0.53
48151,-0.25,-2.1,1.12,0.44
48153,-0.97,-0.64,-2.25,-5.29
48155,0.37,-3.26,-1.53,0.08
48157,1.74,2.28,3.4,3.65
48159,-0.32,1.27,0.17,0.08
48161,-0.85,-0.71,0.55,0.6
48163,0.41,1.22,0.99,1.21
48165,0.71,0.64,1.59,1.05
48167,0.41,1.23,1.34,1.65
48169,1.05,-2.63,-1.46,0.42
48171,1.2,0.87,1.14,0.99
48173,1.14,0.73,-1.19,2.97
48175,0.04,1.85,1.51,0.78
48177,-0.24,0.56,0.93,0.82
48179,1.14,0.81,0.06,0
48181,0.01,0.33,0.32,0.81
48183,0.39,-0.23,-0.35,-0.49
48185,0.54,-0.12,0.22,0.77
48187,1.86,2.31,1.77,2.15
48189,-0.48,-0.9,-2.2,-3.65
48191,0,-0.48,-1.61,-2.57
48193,0.11,-0.84,-0.01,-0.41
48195,-1.21,-1.85,-0.04,-0.91
48197,-0.05,-0.97,-0.79,-2.32
48199,0.4,-0.11,0.06,0.09
48201,0.55,0.83,0.94,1.07
48203,0.4,-0.19,-0.76,0
48205,-2.1,0.46,-1.3,-0.21
48207,1.89,-0.99,0.68,-1.84
48209,2.75,2.36,3.36,3.87
48211,3.82,2.25,1.03,-0.19
48213,0.27,0.56,-0.2,1.03
48215,0.59,-0.02,-0.32,0
48217,0.55,-0.34,-0.96,-0.01
48219,-0.34,-0.07,0.98,-0.44
48221,0.59,1.17,1.47,1.8
48223,0.02,0,-0.03,0.86
48225,-0.76,-0.72,-0.71,-0.09
48227,-0.07,1.02,1.74,0.56
48229,-3.03,-3.81,-1.74,-4.05
48231,-0.08,0.26,-0.3,0.95
48233,-0.46,-0.47,-0.58,-0.75
48235,0.87,-2.49,2.41,-3.23
48237,-0.14,-0.94,-0.43,-0.92
48239,-0.8,1.22,2.01,0.37
48241,1.02,-1.24,-0.66,-0.35
48243,-2.42,0.17,-2.51,-1.12
48245,-0.26,-0.92,0.09,-0.6
48247,-1.1,-1.42,-1.04,-0.57
48249,0.2,0.54,-0.57,-1.42
48251,0.26,0.42,0.35,1.14
48253,-0.37,-1.46,0.03,-0.72
48255,0.65,1.94,1.4,0.68
48257,0.71,0.8,1.25,1.84
48259,3.07,3.61,5.11,3.35
48261,2.87,-2.07,-5.56,-6.99
48263,2.46,3.65,-2.98,-0.75
48265,0.47,0.65,0.54,1.52
48267,0.83,-0.76,-0.97,-0.54
48269,-11.81,5.43,1.48,-3.66
48271,0.47,-0.11,-0.3,-2.51
48273,-0.66,-1.05,-0.88,-0.67
48275,0.43,0.99,-0.27,2.01
48277,0.39,-0.35,-1.04,0.44
48279,0.16,-1.46,-1.51,-1.6
48281,0.63,0.78,0.14,-0.39
48283,0.49,0.73,2.68,-0.4
48285,0.52,1.37,0.58,1.07
48287,-0.1,-0.43,-0.01,0.52
48289,0.76,-0.4,-0.36,0.89
48291,-0.15,0.39,0.34,1
48293,0.41,0.13,-1.31,0.33
48295,0.97,3.53,1.02,1.38
48297,-0.69,1.27,1.64,1.74
48299,-0.18,1.47,2.01,1.2
48301,13.25,-21.05,21.69,-16.5
48303,0.61,0.24,0.59,0.77
48305,-0.49,-2.26,-1.35,-0.05
48307,0.49,0.25,0.22,-0.42
48309,0.5,-0.21,0.23,0.14
48311,-2.25,4.55,5.56,4.4
48313,-0.23,-0.44,0.18,-0.04
48315,0.44,-0.77,-0.45,-0.46
48317,1.22,1,4.98,1.85
48319,-0.2,0.1,2.67,-1.76
48321,-0.29,-0.83,-0.38,-0.43
48323,0.23,-0.74,-0.44,-0.44
48325,0.21,0.38,0.9,0.89
48327,1.07,0.45,-2.97,0.14
48329,1.5,3.74,2.2,1.38
48331,-0.44,-2.36,-0.1,0.14
48333,-1.21,0.02,1.35,0.12
48335,-0.04,-1.02,0.47,0.54
48337,0.32,-0.73,0.01,0.1
48339,1.93,2.1,2.24,3.04
48341,-1.34,0.15,-2.38,-1.63
48343,-0.87,-0.4,0.16,-0.49
48345,1.41,-0.5,0.17,-3.44
48347,0.66,0.1,-1.29,-0.38
48349,0.18,-0.34,-0.46,-0.25
48351,0.41,-1.23,-0.59,-0.24
48353,-0.06,-1.61,0.73,-0.19
48355,0.23,0.76,0.75,0.35
48357,2.07,1.41,0.26,-0.72
48359,0.68,-1.64,2.05,-2.24
48361,0.36,0.5,-0.23,0.35
48363,-0.16,-1.16,-0.04,0.37
48365,0.82,-0.27,-0.92,-0.26
48367,0.51,0.8,1.15,2.04
48369,-0.65,-2.29,-2.85,-1.92
48371,0.08,-1.11,-0.01,0.31
48373,0.74,0.23,0.51,0.54
48375,-0.25,-0.49,-1.41,-1.14
48377,-2.76,-3.28,-4.67,-4.86
48379,1.18,-0.66,1.13,0.22
48381,1.19,0.69,0.58,0.73
48383,0.21,1.74,2.79,2.23
48385,3.79,-1.4,0.09,1.65
48387,-0.89,0.54,-1.36,-0.04
48389,-0.93,0.34,0.67,1.33
48391,-1.3,-1.26,0.3,0.06
48393,-11.68,1.5,-2.21,0.11
48395,0.55,-1.31,-0.39,-0.09
48397,2.1,1.58,2.16,2.16
48399,0.03,-1.16,-0.85,1.49
48401,0.36,0.36,-0.86,-0.3
48403,-0.72,-1.49,0.2,-0.09
48405,0.78,-0.24,-0.75,-1.33
48407,1.04,0.72,-0.74,1.07
48409,-0.59,1.17,0.78,0.35
48411,-1.81,-0.84,-0.12,-1.73
48413,-6.4,-1.97,-2,-1.85
48415,-0.57,0.94,0.51,-0.3
48417,-1.54,0.81,0.3,-1.24
48419,0.68,0.95,-0.92,-1.59
48421,-0.17,0.23,0.65,-0.84
48423,0.77,0.38,0.1,0.51
48425,-0.53,1.68,0.51,0.57
48427,-0.97,-1.45,-1.1,-0.65
48429,-0.51,-0.61,-1.86,0.42
48431,3.34,2.05,4.04,8.54
48433,-1.61,-0.07,-2.04,-2.31
48435,-2.41,-2.34,0.89,-1.62
48437,-1.98,0.17,-1.88,-2.71
48439,0.83,0.87,0.73,0.81
48441,0.03,0.06,-0.51,0.4
48443,-4.27,-3.56,-2.05,1.66
48445,-0.47,-0.37,0.4,-0.55
48447,-0.8,-1.53,-0.5,0
48449,-0.76,-0.28,-0.88,-1.22
48451,0.49,0.86,0.8,1.03
48453,1.99,2.14,1.22,1.56
48455,0.56,-1.38,1.29,-0.58
48457,-0.43,-0.96,0.07,-0.08
48459,0.81,0.28,-0.44,1.29
48461,-1.61,-1.67,2.43,1.46
48463,-0.4,0.21,0.16,0.24
48465,-0.95,-1.33,-1.2,-1.21
48467,0.19,-0.34,0.34,0.91
48469,0.09,1.41,0.25,0.46
48471,-0.27,0.15,0.39,0.43
48473,0.44,0.07,1.22,2.24
48475,0.44,1.06,2.68,2.38
48477,-0.03,0.2,0.34,0.62
48479,0.15,-0.04,-0.38,-0.48
48481,-0.68,-0.41,-0.13,-0.37
48483,1.22,2.76,2.37,-0.7
48485,-1.16,0.35,0.02,-0.34
48487,-1.01,-1.47,-0.78,-1.66
48489,-1.17,-0.64,-1.46,-0.92
48491,2.67,2.16,2.42,2.79
48493,1.27,1.3,2.01,1.66
48495,0.27,1.88,2.78,1
48497,0.75,0.49,0.48,0.65
48499,0.7,0.45,0.67,1.13
48501,0.51,-0.19,0.42,0.15
48503,-0.44,-0.22,0.36,-0.11
48505,-0.18,-0.87,-0.53,-1.49
48507,-0.25,0.07,0.58,-0.74
49001,-1.79,-1.24,-1.26,-1.04
49003,-0.97,-1.13,0.1,0.23
49005,-0.53,-0.84,-0.64,-0.76
49007,-1.14,-1.05,-1.85,-1.79
49009,7.22,-6.82,4.05,-2.12
49011,-0.14,-0.1,0.63,0.83
49013,-0.27,0.44,3.8,-0.47
49015,-1.23,-1.08,-2.25,-1.31
49017,-1.39,-2.01,-0.79,-1.52
49019,-0.36,0.02,-0.34,0.03
49021,-0.38,-1.05,-1.24,0.11
49023,-0.41,-0.91,-1.11,0.47
49025,1.29,-0.41,0.11,-0.28
49027,-0.09,-1.11,-0.02,-1.04
49029,0.39,0.62,2.49,2.78
49031,-4.5,0.26,-0.65,-3.28
49033,0.66,-3.19,-0.92,0.09
49035,0.31,0.38,0.34,-0.06
49037,-1.09,0.03,-0.57,0.71
49039,-0.48,-0.98,0.05,0
49041,-0.09,-1.28,0.03,-0.77
49043,1.87,0.45,0.81,0.94
49045,0.13,-0.2,0.33,0.29
49047,0.91,2.63,1.44,1.83
49049,0.13,0.14,0.4,-0.15
49051,1.84,2.69,3.31,3.14
49053,1.24,1.43,1.51,1.84
49055,-1.23,-0.98,0.11,-0.4
49057,-0.18,0.02,-0.25,-0.11
50001,-0.15,-0.05,-0.07,0.27
50003,-0.14,-0.14,0.17,-0.41
50005,-0.24,-0.22,0.21,-0.48
50007,0.14,0.23,0.24,0.1
50009,-0.17,-1.38,0,-1.05
50011,0.26,-0.33,-0.33,0.35
50013,-0.46,-0.1,0.21,0.03
50015,0.34,0.7,0.22,-0.14
50017,0.17,-0.33,-0.3,-0.16
50019,-0.26,-0.12,0.13,-0.24
50021,-0.34,-0.48,-0.33,-0.56
50023,-0.15,-0.41,-0.25,-0.42
50025,-0.5,-0.49,-0.39,-0.17
50027,0.08,-0.7,-0.01,-0.14
51001,0.43,0.08,-0.72,0.21
51003,1.03,1.1,0.56,1.07
51005,0.28,0.05,0.5,-0.99
51007,0.09,-0.03,-0.05,0.71
51009,-0.54,0.98,-0.64,-0.3
51011,0,0.67,0.24,0.14
51013,2.22,1.31,0.74,-0.67
51015,-0.08,-0.1,0.39,0.17
51017,-0.85,0.13,-0.75,-0.69
51019,0.66,0.29,0.49,1.21
51021,0.62,-0.22,0.43,-0.55
51023,-0.57,0.57,-0.21,0.49
51025,-0.98,-0.22,-0.15,-0.43
51027,-1.44,0.33,-0.67,-1.56
51029,0.77,-0.63,0.21,-1.35
51031,0.19,-0.14,0.33,0.17
51033,-0.27,0.55,0.64,1.1
51035,0.25,-0.17,0.32,-0.21
51036,0.1,-0.73,-0.25,-0.91
51037,-0.28,-0.66,-0.88,-0.52
51041,0.44,0.56,0.65,0.9
51043,1.44,0.78,0.23,0.52
51045,-1.29,-0.19,0.25,0.9
51047,0.75,0.51,0.86,0.8
51049,-0.93,-1.72,-0.02,-0.03
51051,-0.76,-0.39,-1.11,-0.67
51053,-0.17,-0.06,-0.49,-0.11
51057,-0.06,-0.28,0.14,-0.95
51059,0.41,0.41,0.31,-0.66
51061,0.7,0.38,0.65,1.2
51063,0.24,0.23,0.46,0.46
51065,0.71,-0.42,-0.42,0.41
51067,0.34,0,0.1,0.15
51069,0.97,0.46,0.92,0.89
51071,-0.8,-0.75,0.11,-0.62
51073,0,0.1,-0.19,0.77
51075,0.45,-0.55,1.3,1.32
51077,-0.61,-0.79,0.22,-0.31
51079,0.55,0.02,-0.28,0.62
51081,-1.12,-1.93,-0.3,-0.8
51083,-0.09,-0.22,-0.67,-0.07
51085,0.16,0.32,0.61,0.57
51087,0.5,0.98,0.58,0.51
51089,-0.43,-0.25,-0.11,-0.35
51091,-1.53,-0.88,-0.58,1.4
51093,0.09,0.34,0.77,1
51095,1.1,1.5,1.73,2
51097,0.57,0.58,0.86,0.97
51099,1.39,0.5,0.71,0.95
51101,-0.51,-0.37,0.47,0.07
51103,0.09,-0.04,0.04,0.16
51105,-1.2,-0.39,-1.27,-0.75
51107,1.92,2.07,2.51,2.29
51109,0.1,-0.15,1.24,0.75
51111,0.01,-1.93,-0.4,0.11
51113,-1.16,0.14,-0.22,-0.28
51115,0.45,-0.1,0.59,-0.4
51117,0.2,-2.09,-0.74,0.09
51119,-0.61,0.42,-0.35,-0.06
51121,-0.51,0.34,0.55,0.25
51125,0.55,-1.33,0.21,0.65
51127,0.95,1.71,1.51,2.35
51131,0.49,-0.9,-0.67,0.86
51133,1.3,0.17,-0.42,0.82
51135,0.29,-0.34,-0.52,-0.62
51137,0.87,0.74,1.13,1
51139,-0.14,-0.07,-0.29,0.52
51141,-0.11,0.85,0.17,0.31
51143,-0.78,-0.47,-0.21,0.11
51145,-0.07,0.01,0.21,0.61
51147,-0.16,4.16,-1.68,1.09
51149,1.98,0.38,0.48,-0.16
51153,1.82,1.33,0.75,0.19
51155,-0.24,0.26,-0.22,-0.23
51157,-0.8,-0.32,0.63,-1.06
51159,-0.22,-1.08,-0.96,-0.37
51161,0.47,0.05,0.67,0.23
51163,0.46,-0.39,-0.01,0.29
51165,0.01,0.14,0.26,0.41
51167,-0.19,-0.67,-0.21,-0.6
51169,0.22,-0.27,-0.15,-0.62
51171,0.48,0.76,0.08,0.65
51173,-0.11,-0.29,0.03,-0.16
51175,-0.6,-0.57,-0.86,-0.41
51177,0.5,0.36,0.65,0.56
51179,0.97,0.77,1.04,1.36
51181,-2,-1.76,-0.61,-0.21
51183,0.51,-1.08,-1.06,-0.02
51185,-0.4,-0.49,-0.03,-1.06
51187,0.26,0.67,1.41,0.63
51191,-0.08,1.82,0.14,0.01
51193,0.83,-0.5,0.4,-0.44
51195,0.21,-1.08,-0.4,-1.6
51197,0.26,0.47,0.24,-0.46
51199,0.73,-0.17,-0.11,0.37
51510,1.05,0.2,0.21,-0.59
51515,-,-,-,-
51520,0.19,0.29,-1.3,-0.52
51530,0.23,0.25,-1.57,-1.32
51540,-0.78,0.68,0.29,0.37
51550,0.35,0.79,0.47,0.77
51570,0.12,0.45,0.45,-0.32
51580,-0.12,-1.08,0.07,-0.98
51590,0.17,0.72,0.06,-0.57
51595,-0.37,0.19,-1.58,-1.13
51600,-1.23,1.19,1.18,-0.42
51610,1.25,2.48,1.67,-0.01
51620,-0.97,0.02,0.87,-2
51630,4.34,4.71,1.74,0.73
51640,-1.51,0.55,1.1,-0.47
51650,-1.18,-0.02,-0.38,-0.47
51660,1.33,2.2,-0.26,1.07
51670,-0.84,-1.03,-1.12,-0.41
51678,-0.98,1.23,2.35,0.44
51680,0.57,0.68,0.53,-0.06
51683,1.47,2.04,1.18,-0.69
51685,4.8,0.74,1.14,-1.47
51690,-1.35,-0.25,0.01,-0.23
51700,-1.49,-0.6,-0.1,-0.24
51710,-0.87,0.17,-0.65,-0.71
51720,1.24,0.37,-1.31,-0.32
51730,-1.36,-0.87,0.63,-0.36
51735,-1.03,0.51,-0.04,-0.65
51740,-0.48,0.2,-0.91,-0.67
51750,-0.58,-0.83,2.52,1.64
51760,0.12,1.47,1.08,0.93
51770,-0.48,0.57,0.36,0.32
51775,0.54,0.97,1.03,0.81
51790,-0.03,-0.57,1.7,0.76
51800,-0.44,0.05,0.19,0.76
51810,0.05,0.14,-0.1,-0.33
51820,0.77,-0.37,0.22,0.11
51830,2.09,2.58,0.69,-0.22
51840,0.65,1.05,0.56,-0.25
53001,-0.66,-0.89,-0.57,-0.94
53003,1.05,-0.01,1.13,0.3
53005,1.63,0.3,0.38,0.38
53007,0.46,0.07,0.06,0.38
53009,0.79,0.45,0.85,0.93
53011,0.89,0.64,0.81,1.16
53013,-1.26,-0.22,0.67,-1.02
53015,-0.25,-0.67,-0.22,0.36
53017,0.4,0.91,-0.18,0.33
53019,1.85,0.47,-0.67,0.1
53021,3.66,1.56,-0.63,0
53023,-0.22,-0.62,1.66,-1.38
53025,0.63,-0.02,-0.56,0.23
53027,-0.56,-0.9,-0.8,-0.16
53029,-0.01,-0.19,-1.07,0.52
53031,0.46,0.44,1.1,1.02
53033,1.02,1.19,1.2,1.03
53035,0.77,-0.2,-0.71,0.04
53037,1.02,-0.18,0.02,1.46
53039,1.27,-0.25,1,0.03
53041,0.34,-0.24,-0.66,-0.14
53043,-0.49,-0.29,-1.19,-0.21
53045,0.28,-0.36,-0.4,0.34
53047,-0.04,-0.5,-0.41,0.18
53049,0.86,-0.9,0,1.26
53051,-0.15,0.75,-0.24,0.63
53053,0.93,0.37,0.27,0.8
53055,0.66,0.28,0.87,1.06
53057,0.54,0.03,0.35,0.99
53059,0.22,0.44,0.7,0.58
53061,0.37,0.86,1.18,1.16
53063,-0.04,0.1,0.34,0.63
53065,-0.06,0.1,-0.44,0.57
53067,0.94,0.27,0.97,0.8
53069,0.68,-0.15,1.73,0.91
53071,0.99,-0.27,0.01,0.11
53073,0.57,0.44,0.34,0.66
53075,0.14,2.96,-0.3,-0.37
53077,0.06,-0.68,-0.69,-0.67
54001,-0.25,-0.19,-0.34,-0.13
54003,0.6,0.84,0.95,1.25
54005,-0.73,0,-1.14,-1.3
54007,-0.2,-0.48,0.07,0.12
54009,-0.17,0.18,0.08,-0.2
54011,0.11,0.25,0.17,-0.17
54013,-0.08,-0.41,-0.62,-0.17
54015,-0.43,-1.17,-0.56,-2.93
54017,-0.13,-0.18,2.08,-0.52
54019,-0.46,0.1,-0.46,-0.53
54021,-0.02,0.08,-0.55,-0.27
54023,-0.35,-0.85,-0.3,-0.77
54025,1,0.58,0.05,-0.59
54027,-0.59,-0.31,-0.95,0.1
54029,0.25,-0.03,0.04,0.07
54031,-1.1,-0.78,0.84,-0.23
54033,0.44,-0.07,-0.09,-0.15
54035,0.17,-0.02,-0.2,-0.07
54037,0.73,0.05,0.54,1.1
54039,-0.26,0.17,-0.21,-0.4
54041,0.56,0.45,0.31,-0.06
54043,-0.58,0.32,-0.43,0.3
54045,-0.46,-0.51,-0.95,-1.6
54047,-1.19,-1.25,-1.43,-1.82
54049,0.26,0.34,-0.04,0.25
54051,-0.54,-0.33,-0.31,-0.33
54053,0.15,-0.26,-0.14,-0.44
54055,0.44,0.29,-0.45,0.08
54057,0.01,-0.45,-0.69,-0.34
54059,-0.8,-1.86,-0.41,-0.85
54061,1.44,1.39,1.27,0.83
54063,0.56,-0.21,0.18,0.67
54065,0.37,0.42,0.4,0.68
54067,0.14,0.42,-0.84,-0.46
54069,-0.31,0,-0.18,-0.7
54071,-0.58,-0.84,-1.1,-0.94
54073,0.62,0.11,0.2,0.65
54075,1.07,-1.1,0.26,0.29
54077,0.57,0.81,-0.35,0.25
54079,0.59,0.66,0.07,0.26
54081,0.37,-0.07,-0.38,-0.41
54083,0.58,0.2,0.23,-0.36
54085,-0.92,-0.31,-0.91,-0.25
54087,-0.18,-0.64,0.02,0.17
54089,-0.21,-0.27,-1.1,-0.6
54091,0.1,0.35,0.19,0.51
54093,-0.7,-0.77,0.42,0.23
54095,-0.49,-0.45,-0.34,1.28
54097,0.3,0.91,0.37,0.26
54099,-0.43,-0.32,-0.11,-0.64
54101,-0.39,-1.37,-1.22,-0.45
54103,-0.81,0.5,-0.86,-0.68
54105,0.66,0.76,1.05,-0.92
54107,0.13,-0.09,-0.07,0.06
54109,-0.95,-0.45,-0.51,-0.98
55001,-0.27,-0.81,0.59,-1.04
55003,-0.43,-1,0.41,0.21
55005,0.06,-0.48,-0.39,-0.42
55007,0.85,0.15,0.62,-0.58
55009,0.31,0.32,-0.08,0.12
55011,-0.41,-1.17,-0.15,-1.31
55013,0.45,-0.75,0.05,0.24
55015,0.45,-0.54,-0.54,-0.74
55017,0.07,-0.22,-0.03,0.18
55019,-0.59,-1.36,-0.53,-1.07
55021,-0.27,-0.51,-0.03,-0.19
55023,0.46,-0.84,-0.62,-0.12
55025,0.71,0.79,0.56,0.63
55027,-0.11,-0.29,-0.14,0.26
55029,0.49,-0.03,1.08,0.12
55031,-0.34,-0.62,-0.06,-0.21
55033,-0.24,-0.24,0.1,-0.24
55035,0.57,0.47,0.38,-0.61
55037,1.02,-0.09,1.48,-0.33
55039,0.12,-0.24,-0.19,-0.06
55041,-0.68,-0.86,-0.61,0
55043,-0.17,-0.48,-0.06,1.3
55045,-0.15,-0.35,0.41,-0.16
55047,0.44,-0.05,-0.45,-0.52
55049,-0.96,-0.4,-0.42,0
55051,0.78,0.05,0.07,1.48
55053,0.1,-0.53,0.24,-0.01
55055,-0.13,0.26,-0.1,-0.47
55057,0.13,-0.12,-0.79,-0.71
55059,-0.19,-0.03,-0.32,-0.03
55061,-0.18,-0.07,-0.68,-0.18
55063,0.24,0.54,0.1,0.34
55065,-0.3,-0.8,-0.91,-0.01
55067,-0.56,-0.62,-0.68,-0.57
55069,-0.63,-0.32,0.68,-0.46
55071,-0.44,-0.46,-0.24,-0.54
55073,-0.21,-0.26,0.07,-0.05
55075,0.07,0.58,0.28,-0.25
55077,0.33,-0.72,-0.28,-0.55
55078,0.61,-2.04,-0.78,2.17
55079,-0.34,-0.37,-0.36,-0.61
55081,0.18,-0.56,0.06,-0.22
55083,-0.63,-0.47,-0.24,0.36
55085,-0.04,0.13,0.17,0.07
55087,-0.05,0.13,0.1,0.44
55089,0.21,0.26,-0.14,0.3
55091,-0.79,-0.57,-0.31,-0.39
55093,-0.84,-0.59,0.05,0.26
55095,-0.47,-0.92,-0.3,0.15
55097,-0.4,-0.08,-0.2,-0.4
55099,-0.49,-0.64,-0.27,-0.34
55101,-0.57,-0.57,-0.23,-0.24
55103,-0.24,-1.16,-0.2,-0.68
55105,-0.52,-0.11,-0.03,0.06
55107,-0.71,-2.01,0.73,-0.13
55109,-0.07,-0.2,0.21,0.46
55111,0.07,0.1,0.54,0.19
55113,0.09,0.31,0.1,-0.27
55115,-0.62,-0.45,-0.11,-0.11
55117,-0.54,-0.4,-0.25,0.2
55119,-0.26,-1.52,0.49,-0.24
55121,0.12,0.54,0.26,-0.68
55123,0.13,0.35,-0.15,-0.05
55125,0.34,0.29,0.84,0.59
55127,0.3,0.1,-0.31,0.31
55129,0.26,0.79,-0.75,0.42
55131,-0.02,0.09,-0.15,0.21
55133,0,0.29,0.09,0.17
55135,0.79,-0.08,0.85,-0.01
55137,0.33,-0.42,-0.42,-0.55
55139,0.04,0.36,0.17,-0.19
55141,-0.33,-0.51,-0.65,-0.53
56001,0.54,0.51,-0.2,-0.03
56003,0.44,0.22,1.72,-0.86
56005,-0.22,1.64,-0.47,-0.72
56007,-0.63,-1.18,0.18,-0.23
56009,-0.98,1.5,1.85,-2.05
56011,-0.49,-0.01,0.14,0.88
56013,0.22,0.81,-0.54,-1.13
56015,0.87,0.25,-0.59,-0.54
56017,0.44,1.02,0.43,-0.33
56019,0.57,-0.2,0.02,-0.84
56021,0.01,1.61,0.64,-0.07
56023,-0.98,-1.12,1.65,0.56
56025,0.69,2.45,2.42,0.08
56027,0.2,-1.09,2.34,-3.84
56029,0.95,0.68,1.08,-0.8
56031,1.45,0.7,0.32,0.64
56033,0.15,0.98,0.49,0.47
56035,-1.64,1.82,-3.87,-1.39
56037,0.32,1.7,-0.57,-1.27
56039,0.23,0.34,1.97,1.63
56041,-1.55,-0.35,-0.82,-1.5
56043,-0.88,-0.02,-0.11,-1.67
56045,-1.14,-0.49,1.21,0.2
